atlas_id,n,m,degree_key,closure_key,extended_key
2,2,0,"(2, (0, 0))","(2, (0, 0), (np.int64(0), np.int64(0)))","(2, (0, 0), (np.int64(0), np.int64(0)), (0, 0), 0, 2)"
3,2,1,"(2, (1, 1))","(2, (1, 1), (np.int64(0), np.int64(0)))","(2, (1, 1), (np.int64(0), np.int64(0)), (1, 1), 1, 1)"
4,3,0,"(3, (0, 0, 0))","(3, (0, 0, 0), (np.int64(0), np.int64(0), np.int64(0)))","(3, (0, 0, 0), (np.int64(0), np.int64(0), np.int64(0)), (0, 0, 0), 0, 3)"
5,3,1,"(3, (0, 1, 1))","(3, (0, 1, 1), (np.int64(0), np.int64(0), np.int64(0)))","(3, (0, 1, 1), (np.int64(0), np.int64(0), np.int64(0)), (0, 1, 1), 1, 2)"
6,3,2,"(3, (1, 1, 2))","(3, (1, 1, 2), (np.int64(0), np.int64(0), np.int64(0)))","(3, (1, 1, 2), (np.int64(0), np.int64(0), np.int64(0)), (1, 1, 1), 2, 1)"
7,3,3,"(3, (2, 2, 2))","(3, (2, 2, 2), (np.float64(1.0), np.float64(1.0), np.float64(1.0)))","(3, (2, 2, 2), (np.float64(1.0), np.float64(1.0), np.float64(1.0)), (2, 2, 2), 0, 1)"
8,4,0,"(4, (0, 0, 0, 0))","(4, (0, 0, 0, 0), (np.int64(0), np.int64(0), np.int64(0), np.int64(0)))","(4, (0, 0, 0, 0), (np.int64(0), np.int64(0), np.int64(0), np.int64(0)), (0, 0, 0, 0), 0, 4)"
9,4,1,"(4, (0, 0, 1, 1))","(4, (0, 0, 1, 1), (np.int64(0), np.int64(0), np.int64(0), np.int64(0)))","(4, (0, 0, 1, 1), (np.int64(0), np.int64(0), np.int64(0), np.int64(0)), (0, 0, 1, 1), 1, 3)"
10,4,2,"(4, (0, 1, 1, 2))","(4, (0, 1, 1, 2), (np.int64(0), np.int64(0), np.int64(0), np.int64(0)))","(4, (0, 1, 1, 2), (np.int64(0), np.int64(0), np.int64(0), np.int64(0)), (0, 1, 1, 1), 2, 2)"
11,4,2,"(4, (1, 1, 1, 1))","(4, (1, 1, 1, 1), (np.int64(0), np.int64(0), np.int64(0), np.int64(0)))","(4, (1, 1, 1, 1), (np.int64(0), np.int64(0), np.int64(0), np.int64(0)), (1, 1, 1, 1), 2, 2)"
12,4,3,"(4, (0, 2, 2, 2))","(4, (0, 2, 2, 2), (np.float64(0.0), np.float64(1.0), np.float64(1.0), np.float64(1.0)))","(4, (0, 2, 2, 2), (np.float64(0.0), np.float64(1.0), np.float64(1.0), np.float64(1.0)), (0, 2, 2, 2), 0, 2)"
13,4,3,"(4, (1, 1, 1, 3))","(4, (1, 1, 1, 3), (np.int64(0), np.int64(0), np.int64(0), np.int64(0)))","(4, (1, 1, 1, 3), (np.int64(0), np.int64(0), np.int64(0), np.int64(0)), (1, 1, 1, 1), 3, 1)"
14,4,3,"(4, (1, 1, 2, 2))","(4, (1, 1, 2, 2), (np.int64(0), np.int64(0), np.int64(0), np.int64(0)))","(4, (1, 1, 2, 2), (np.int64(0), np.int64(0), np.int64(0), np.int64(0)), (1, 1, 1, 1), 3, 1)"
15,4,4,"(4, (1, 2, 2, 3))","(4, (1, 2, 2, 3), (np.float64(0.0), np.float64(0.333333333333), np.float64(1.0), np.float64(1.0)))","(4, (1, 2, 2, 3), (np.float64(0.0), np.float64(0.333333333333), np.float64(1.0), np.float64(1.0)), (1, 2, 2, 2), 1, 1)"
16,4,4,"(4, (2, 2, 2, 2))","(4, (2, 2, 2, 2), (np.int64(0), np.int64(0), np.int64(0), np.int64(0)))","(4, (2, 2, 2, 2), (np.int64(0), np.int64(0), np.int64(0), np.int64(0)), (2, 2, 2, 2), 0, 1)"
17,4,5,"(4, (2, 2, 3, 3))","(4, (2, 2, 3, 3), (np.float64(0.666666666667), np.float64(0.666666666667), np.float64(1.0), np.float64(1.0)))","(4, (2, 2, 3, 3), (np.float64(0.666666666667), np.float64(0.666666666667), np.float64(1.0), np.float64(1.0)), (2, 2, 2, 2), 0, 1)"
18,4,6,"(4, (3, 3, 3, 3))","(4, (3, 3, 3, 3), (np.float64(1.0), np.float64(1.0), np.float64(1.0), np.float64(1.0)))","(4, (3, 3, 3, 3), (np.float64(1.0), np.float64(1.0), np.float64(1.0), np.float64(1.0)), (3, 3, 3, 3), 0, 1)"
19,5,0,"(5, (0, 0, 0, 0, 0))","(5, (0, 0, 0, 0, 0), (np.int64(0), np.int64(0), np.int64(0), np.int64(0), np.int64(0)))","(5, (0, 0, 0, 0, 0), (np.int64(0), np.int64(0), np.int64(0), np.int64(0), np.int64(0)), (0, 0, 0, 0, 0), 0, 5)"
20,5,1,"(5, (0, 0, 0, 1, 1))","(5, (0, 0, 0, 1, 1), (np.int64(0), np.int64(0), np.int64(0), np.int64(0), np.int64(0)))","(5, (0, 0, 0, 1, 1), (np.int64(0), np.int64(0), np.int64(0), np.int64(0), np.int64(0)), (0, 0, 0, 1, 1), 1, 4)"
21,5,2,"(5, (0, 0, 1, 1, 2))","(5, (0, 0, 1, 1, 2), (np.int64(0), np.int64(0), np.int64(0), np.int64(0), np.int64(0)))","(5, (0, 0, 1, 1, 2), (np.int64(0), np.int64(0), np.int64(0), np.int64(0), np.int64(0)), (0, 0, 1, 1, 1), 2, 3)"
22,5,2,"(5, (0, 1, 1, 1, 1))","(5, (0, 1, 1, 1, 1), (np.int64(0), np.int64(0), np.int64(0), np.int64(0), np.int64(0)))","(5, (0, 1, 1, 1, 1), (np.int64(0), np.int64(0), np.int64(0), np.int64(0), np.int64(0)), (0, 1, 1, 1, 1), 2, 3)"
23,5,3,"(5, (0, 0, 2, 2, 2))","(5, (0, 0, 2, 2, 2), (np.float64(0.0), np.float64(0.0), np.float64(1.0), np.float64(1.0), np.float64(1.0)))","(5, (0, 0, 2, 2, 2), (np.float64(0.0), np.float64(0.0), np.float64(1.0), np.float64(1.0), np.float64(1.0)), (0, 0, 2, 2, 2), 0, 3)"
24,5,3,"(5, (0, 1, 1, 1, 3))","(5, (0, 1, 1, 1, 3), (np.int64(0), np.int64(0), np.int64(0), np.int64(0), np.int64(0)))","(5, (0, 1, 1, 1, 3), (np.int64(0), np.int64(0), np.int64(0), np.int64(0), np.int64(0)), (0, 1, 1, 1, 1), 3, 2)"
25,5,3,"(5, (0, 1, 1, 2, 2))","(5, (0, 1, 1, 2, 2), (np.int64(0), np.int64(0), np.int64(0), np.int64(0), np.int64(0)))","(5, (0, 1, 1, 2, 2), (np.int64(0), np.int64(0), np.int64(0), np.int64(0), np.int64(0)), (0, 1, 1, 1, 1), 3, 2)"
26,5,3,"(5, (1, 1, 1, 1, 2))","(5, (1, 1, 1, 1, 2), (np.int64(0), np.int64(0), np.int64(0), np.int64(0), np.int64(0)))","(5, (1, 1, 1, 1, 2), (np.int64(0), np.int64(0), np.int64(0), np.int64(0), np.int64(0)), (1, 1, 1, 1, 1), 3, 2)"
27,5,4,"(5, (0, 1, 2, 2, 3))","(5, (0, 1, 2, 2, 3), (np.float64(0.0), np.float64(0.0), np.float64(0.333333333333), np.float64(1.0), np.float64(1.0)))","(5, (0, 1, 2, 2, 3), (np.float64(0.0), np.float64(0.0), np.float64(0.333333333333), np.float64(1.0), np.float64(1.0)), (0, 1, 2, 2, 2), 1, 2)"
28,5,4,"(5, (0, 2, 2, 2, 2))","(5, (0, 2, 2, 2, 2), (np.int64(0), np.int64(0), np.int64(0), np.int64(0), np.int64(0)))","(5, (0, 2, 2, 2, 2), (np.int64(0), np.int64(0), np.int64(0), np.int64(0), np.int64(0)), (0, 2, 2, 2, 2), 0, 2)"
29,5,4,"(5, (1, 1, 1, 1, 4))","(5, (1, 1, 1, 1, 4), (np.int64(0), np.int64(0), np.int64(0), np.int64(0), np.int64(0)))","(5, (1, 1, 1, 1, 4), (np.int64(0), np.int64(0), np.int64(0), np.int64(0), np.int64(0)), (1, 1, 1, 1, 1), 4, 1)"
30,5,4,"(5, (1, 1, 1, 2, 3))","(5, (1, 1, 1, 2, 3), (np.int64(0), np.int64(0), np.int64(0), np.int64(0), np.int64(0)))","(5, (1, 1, 1, 2, 3), (np.int64(0), np.int64(0), np.int64(0), np.int64(0), np.int64(0)), (1, 1, 1, 1, 1), 4, 1)"
31,5,4,"(5, (1, 1, 2, 2, 2))","(5, (1, 1, 2, 2, 2), (np.int64(0), np.int64(0), np.int64(0), np.int64(0), np.int64(0)))","(5, (1, 1, 2, 2, 2), (np.int64(0), np.int64(0), np.int64(0), np.int64(0), np.int64(0)), (1, 1, 1, 1, 1), 4, 1)"
32,5,4,"(5, (1, 1, 2, 2, 2))","(5, (1, 1, 2, 2, 2), (np.float64(0.0), np.float64(0.0), np.float64(1.0), np.float64(1.0), np.float64(1.0)))","(5, (1, 1, 2, 2, 2), (np.float64(0.0), np.float64(0.0), np.float64(1.0), np.float64(1.0), np.float64(1.0)), (1, 1, 2, 2, 2), 1, 2)"
33,5,5,"(5, (0, 2, 2, 3, 3))","(5, (0, 2, 2, 3, 3), (np.float64(0.0), np.float64(0.666666666667), np.float64(0.666666666667), np.float64(1.0), np.float64(1.0)))","(5, (0, 2, 2, 3, 3), (np.float64(0.0), np.float64(0.666666666667), np.float64(0.666666666667), np.float64(1.0), np.float64(1.0)), (0, 2, 2, 2, 2), 0, 2)"
34,5,5,"(5, (1, 1, 2, 2, 4))","(5, (1, 1, 2, 2, 4), (np.float64(0.0), np.float64(0.0), np.float64(0.166666666667), np.float64(1.0), np.float64(1.0)))","(5, (1, 1, 2, 2, 4), (np.float64(0.0), np.float64(0.0), np.float64(0.166666666667), np.float64(1.0), np.float64(1.0)), (1, 1, 2, 2, 2), 2, 1)"
35,5,5,"(5, (1, 1, 2, 3, 3))","(5, (1, 1, 2, 3, 3), (np.float64(0.0), np.float64(0.0), np.float64(0.333333333333), np.float64(0.333333333333), np.float64(1.0)))","(5, (1, 1, 2, 3, 3), (np.float64(0.0), np.float64(0.0), np.float64(0.333333333333), np.float64(0.333333333333), np.float64(1.0)), (1, 1, 2, 2, 2), 2, 1)"
36,5,5,"(5, (1, 2, 2, 2, 3))","(5, (1, 2, 2, 2, 3), (np.float64(0.0), np.float64(0.0), np.float64(0.333333333333), np.float64(1.0), np.float64(1.0)))","(5, (1, 2, 2, 2, 3), (np.float64(0.0), np.float64(0.0), np.float64(0.333333333333), np.float64(1.0), np.float64(1.0)), (1, 1, 2, 2, 2), 2, 1)"
37,5,5,"(5, (1, 2, 2, 2, 3))","(5, (1, 2, 2, 2, 3), (np.int64(0), np.int64(0), np.int64(0), np.int64(0), np.int64(0)))","(5, (1, 2, 2, 2, 3), (np.int64(0), np.int64(0), np.int64(0), np.int64(0), np.int64(0)), (1, 2, 2, 2, 2), 1, 1)"
38,5,5,"(5, (2, 2, 2, 2, 2))","(5, (2, 2, 2, 2, 2), (np.int64(0), np.int64(0), np.int64(0), np.int64(0), np.int64(0)))","(5, (2, 2, 2, 2, 2), (np.int64(0), np.int64(0), np.int64(0), np.int64(0), np.int64(0)), (2, 2, 2, 2, 2), 0, 1)"
39,5,6,"(5, (0, 3, 3, 3, 3))","(5, (0, 3, 3, 3, 3), (np.float64(0.0), np.float64(1.0), np.float64(1.0), np.float64(1.0), np.float64(1.0)))","(5, (0, 3, 3, 3, 3), (np.float64(0.0), np.float64(1.0), np.float64(1.0), np.float64(1.0), np.float64(1.0)), (0, 3, 3, 3, 3), 0, 2)"
40,5,6,"(5, (1, 2, 2, 3, 4))","(5, (1, 2, 2, 3, 4), (np.float64(0.0), np.float64(0.333333333333), np.float64(0.666666666667), np.float64(1.0), np.float64(1.0)))","(5, (1, 2, 2, 3, 4), (np.float64(0.0), np.float64(0.333333333333), np.float64(0.666666666667), np.float64(1.0), np.float64(1.0)), (1, 2, 2, 2, 2), 1, 1)"
41,5,6,"(5, (1, 2, 3, 3, 3))","(5, (1, 2, 3, 3, 3), (np.float64(0.0), np.float64(0.333333333333), np.float64(0.666666666667), np.float64(0.666666666667), np.float64(1.0)))","(5, (1, 2, 3, 3, 3), (np.float64(0.0), np.float64(0.333333333333), np.float64(0.666666666667), np.float64(0.666666666667), np.float64(1.0)), (1, 2, 2, 2, 2), 1, 1)"
42,5,6,"(5, (2, 2, 2, 2, 4))","(5, (2, 2, 2, 2, 4), (np.float64(0.333333333333), np.float64(1.0), np.float64(1.0), np.float64(1.0), np.float64(1.0)))","(5, (2, 2, 2, 2, 4), (np.float64(0.333333333333), np.float64(1.0), np.float64(1.0), np.float64(1.0), np.float64(1.0)), (2, 2, 2, 2, 2), 0, 1)"
43,5,6,"(5, (2, 2, 2, 3, 3))","(5, (2, 2, 2, 3, 3), (np.float64(0.0), np.float64(0.0), np.float64(0.333333333333), np.float64(0.333333333333), np.float64(1.0)))","(5, (2, 2, 2, 3, 3), (np.float64(0.0), np.float64(0.0), np.float64(0.333333333333), np.float64(0.333333333333), np.float64(1.0)), (2, 2, 2, 2, 2), 0, 1)"
44,5,6,"(5, (2, 2, 2, 3, 3))","(5, (2, 2, 2, 3, 3), (np.int64(0), np.int64(0), np.int64(0), np.int64(0), np.int64(0)))","(5, (2, 2, 2, 3, 3), (np.int64(0), np.int64(0), np.int64(0), np.int64(0), np.int64(0)), (2, 2, 2, 2, 2), 0, 1)"
45,5,7,"(5, (1, 3, 3, 3, 4))","(5, (1, 3, 3, 3, 4), (np.float64(0.0), np.float64(0.5), np.float64(1.0), np.float64(1.0), np.float64(1.0)))","(5, (1, 3, 3, 3, 4), (np.float64(0.0), np.float64(0.5), np.float64(1.0), np.float64(1.0), np.float64(1.0)), (1, 3, 3, 3, 3), 1, 1)"
46,5,7,"(5, (2, 2, 2, 4, 4))","(5, (2, 2, 2, 4, 4), (np.float64(0.5), np.float64(0.5), np.float64(1.0), np.float64(1.0), np.float64(1.0)))","(5, (2, 2, 2, 4, 4), (np.float64(0.5), np.float64(0.5), np.float64(1.0), np.float64(1.0), np.float64(1.0)), (2, 2, 2, 2, 2), 0, 1)"
47,5,7,"(5, (2, 2, 3, 3, 4))","(5, (2, 2, 3, 3, 4), (np.float64(0.5), np.float64(0.666666666667), np.float64(0.666666666667), np.float64(1.0), np.float64(1.0)))","(5, (2, 2, 3, 3, 4), (np.float64(0.5), np.float64(0.666666666667), np.float64(0.666666666667), np.float64(1.0), np.float64(1.0)), (2, 2, 2, 2, 2), 0, 1)"
48,5,7,"(5, (2, 3, 3, 3, 3))","(5, (2, 3, 3, 3, 3), (np.float64(0.0), np.float64(0.333333333333), np.float64(0.333333333333), np.float64(0.666666666667), np.float64(0.666666666667)))","(5, (2, 3, 3, 3, 3), (np.float64(0.0), np.float64(0.333333333333), np.float64(0.333333333333), np.float64(0.666666666667), np.float64(0.666666666667)), (2, 2, 2, 2, 2), 0, 1)"
49,5,8,"(5, (2, 3, 3, 4, 4))","(5, (2, 3, 3, 4, 4), (np.float64(0.666666666667), np.float64(0.666666666667), np.float64(1.0), np.float64(1.0), np.float64(1.0)))","(5, (2, 3, 3, 4, 4), (np.float64(0.666666666667), np.float64(0.666666666667), np.float64(1.0), np.float64(1.0), np.float64(1.0)), (2, 3, 3, 3, 3), 0, 1)"
50,5,8,"(5, (3, 3, 3, 3, 4))","(5, (3, 3, 3, 3, 4), (np.float64(0.666666666667), np.float64(0.666666666667), np.float64(0.666666666667), np.float64(0.666666666667), np.float64(0.666666666667)))","(5, (3, 3, 3, 3, 4), (np.float64(0.666666666667), np.float64(0.666666666667), np.float64(0.666666666667), np.float64(0.666666666667), np.float64(0.666666666667)), (3, 3, 3, 3, 3), 0, 1)"
51,5,9,"(5, (3, 3, 4, 4, 4))","(5, (3, 3, 4, 4, 4), (np.float64(0.833333333333), np.float64(0.833333333333), np.float64(0.833333333333), np.float64(1.0), np.float64(1.0)))","(5, (3, 3, 4, 4, 4), (np.float64(0.833333333333), np.float64(0.833333333333), np.float64(0.833333333333), np.float64(1.0), np.float64(1.0)), (3, 3, 3, 3, 3), 0, 1)"
52,5,10,"(5, (4, 4, 4, 4, 4))","(5, (4, 4, 4, 4, 4), (np.float64(1.0), np.float64(1.0), np.float64(1.0), np.float64(1.0), np.float64(1.0)))","(5, (4, 4, 4, 4, 4), (np.float64(1.0), np.float64(1.0), np.float64(1.0), np.float64(1.0), np.float64(1.0)), (4, 4, 4, 4, 4), 0, 1)"
53,6,0,"(6, (0, 0, 0, 0, 0, 0))","(6, (0, 0, 0, 0, 0, 0), (np.int64(0), np.int64(0), np.int64(0), np.int64(0), np.int64(0), np.int64(0)))","(6, (0, 0, 0, 0, 0, 0), (np.int64(0), np.int64(0), np.int64(0), np.int64(0), np.int64(0), np.int64(0)), (0, 0, 0, 0, 0, 0), 0, 6)"
54,6,1,"(6, (0, 0, 0, 0, 1, 1))","(6, (0, 0, 0, 0, 1, 1), (np.int64(0), np.int64(0), np.int64(0), np.int64(0), np.int64(0), np.int64(0)))","(6, (0, 0, 0, 0, 1, 1), (np.int64(0), np.int64(0), np.int64(0), np.int64(0), np.int64(0), np.int64(0)), (0, 0, 0, 0, 1, 1), 1, 5)"
55,6,2,"(6, (0, 0, 1, 1, 1, 1))","(6, (0, 0, 1, 1, 1, 1), (np.int64(0), np.int64(0), np.int64(0), np.int64(0), np.int64(0), np.int64(0)))","(6, (0, 0, 1, 1, 1, 1), (np.int64(0), np.int64(0), np.int64(0), np.int64(0), np.int64(0), np.int64(0)), (0, 0, 1, 1, 1, 1), 2, 4)"
56,6,2,"(6, (0, 0, 0, 1, 1, 2))","(6, (0, 0, 0, 1, 1, 2), (np.int64(0), np.int64(0), np.int64(0), np.int64(0), np.int64(0), np.int64(0)))","(6, (0, 0, 0, 1, 1, 2), (np.int64(0), np.int64(0), np.int64(0), np.int64(0), np.int64(0), np.int64(0)), (0, 0, 0, 1, 1, 1), 2, 4)"
57,6,3,"(6, (0, 0, 0, 2, 2, 2))","(6, (0, 0, 0, 2, 2, 2), (np.float64(0.0), np.float64(0.0), np.float64(0.0), np.float64(1.0), np.float64(1.0), np.float64(1.0)))","(6, (0, 0, 0, 2, 2, 2), (np.float64(0.0), np.float64(0.0), np.float64(0.0), np.float64(1.0), np.float64(1.0), np.float64(1.0)), (0, 0, 0, 2, 2, 2), 0, 4)"
58,6,3,"(6, (0, 0, 1, 1, 1, 3))","(6, (0, 0, 1, 1, 1, 3), (np.int64(0), np.int64(0), np.int64(0), np.int64(0), np.int64(0), np.int64(0)))","(6, (0, 0, 1, 1, 1, 3), (np.int64(0), np.int64(0), np.int64(0), np.int64(0), np.int64(0), np.int64(0)), (0, 0, 1, 1, 1, 1), 3, 3)"
59,6,3,"(6, (0, 0, 1, 1, 2, 2))","(6, (0, 0, 1, 1, 2, 2), (np.int64(0), np.int64(0), np.int64(0), np.int64(0), np.int64(0), np.int64(0)))","(6, (0, 0, 1, 1, 2, 2), (np.int64(0), np.int64(0), np.int64(0), np.int64(0), np.int64(0), np.int64(0)), (0, 0, 1, 1, 1, 1), 3, 3)"
60,6,3,"(6, (0, 1, 1, 1, 1, 2))","(6, (0, 1, 1, 1, 1, 2), (np.int64(0), np.int64(0), np.int64(0), np.int64(0), np.int64(0), np.int64(0)))","(6, (0, 1, 1, 1, 1, 2), (np.int64(0), np.int64(0), np.int64(0), np.int64(0), np.int64(0), np.int64(0)), (0, 1, 1, 1, 1, 1), 3, 3)"
61,6,3,"(6, (1, 1, 1, 1, 1, 1))","(6, (1, 1, 1, 1, 1, 1), (np.int64(0), np.int64(0), np.int64(0), np.int64(0), np.int64(0), np.int64(0)))","(6, (1, 1, 1, 1, 1, 1), (np.int64(0), np.int64(0), np.int64(0), np.int64(0), np.int64(0), np.int64(0)), (1, 1, 1, 1, 1, 1), 3, 3)"
62,6,4,"(6, (0, 0, 1, 2, 2, 3))","(6, (0, 0, 1, 2, 2, 3), (np.float64(0.0), np.float64(0.0), np.float64(0.0), np.float64(0.333333333333), np.float64(1.0), np.float64(1.0)))","(6, (0, 0, 1, 2, 2, 3), (np.float64(0.0), np.float64(0.0), np.float64(0.0), np.float64(0.333333333333), np.float64(1.0), np.float64(1.0)), (0, 0, 1, 2, 2, 2), 1, 3)"
63,6,4,"(6, (0, 0, 2, 2, 2, 2))","(6, (0, 0, 2, 2, 2, 2), (np.int64(0), np.int64(0), np.int64(0), np.int64(0), np.int64(0), np.int64(0)))","(6, (0, 0, 2, 2, 2, 2), (np.int64(0), np.int64(0), np.int64(0), np.int64(0), np.int64(0), np.int64(0)), (0, 0, 2, 2, 2, 2), 0, 3)"
64,6,4,"(6, (0, 1, 1, 1, 1, 4))","(6, (0, 1, 1, 1, 1, 4), (np.int64(0), np.int64(0), np.int64(0), np.int64(0), np.int64(0), np.int64(0)))","(6, (0, 1, 1, 1, 1, 4), (np.int64(0), np.int64(0), np.int64(0), np.int64(0), np.int64(0), np.int64(0)), (0, 1, 1, 1, 1, 1), 4, 2)"
65,6,4,"(6, (0, 1, 1, 1, 2, 3))","(6, (0, 1, 1, 1, 2, 3), (np.int64(0), np.int64(0), np.int64(0), np.int64(0), np.int64(0), np.int64(0)))","(6, (0, 1, 1, 1, 2, 3), (np.int64(0), np.int64(0), np.int64(0), np.int64(0), np.int64(0), np.int64(0)), (0, 1, 1, 1, 1, 1), 4, 2)"
66,6,4,"(6, (0, 1, 1, 2, 2, 2))","(6, (0, 1, 1, 2, 2, 2), (np.int64(0), np.int64(0), np.int64(0), np.int64(0), np.int64(0), np.int64(0)))","(6, (0, 1, 1, 2, 2, 2), (np.int64(0), np.int64(0), np.int64(0), np.int64(0), np.int64(0), np.int64(0)), (0, 1, 1, 1, 1, 1), 4, 2)"
67,6,4,"(6, (0, 1, 1, 2, 2, 2))","(6, (0, 1, 1, 2, 2, 2), (np.float64(0.0), np.float64(0.0), np.float64(0.0), np.float64(1.0), np.float64(1.0), np.float64(1.0)))","(6, (0, 1, 1, 2, 2, 2), (np.float64(0.0), np.float64(0.0), np.float64(0.0), np.float64(1.0), np.float64(1.0), np.float64(1.0)), (0, 1, 1, 2, 2, 2), 1, 3)"
68,6,4,"(6, (1, 1, 1, 1, 1, 3))","(6, (1, 1, 1, 1, 1, 3), (np.int64(0), np.int64(0), np.int64(0), np.int64(0), np.int64(0), np.int64(0)))","(6, (1, 1, 1, 1, 1, 3), (np.int64(0), np.int64(0), np.int64(0), np.int64(0), np.int64(0), np.int64(0)), (1, 1, 1, 1, 1, 1), 4, 2)"
69,6,4,"(6, (1, 1, 1, 1, 2, 2))","(6, (1, 1, 1, 1, 2, 2), (np.int64(0), np.int64(0), np.int64(0), np.int64(0), np.int64(0), np.int64(0)))","(6, (1, 1, 1, 1, 2, 2), (np.int64(0), np.int64(0), np.int64(0), np.int64(0), np.int64(0), np.int64(0)), (1, 1, 1, 1, 1, 1), 4, 2)"
70,6,4,"(6, (1, 1, 1, 1, 2, 2))","(6, (1, 1, 1, 1, 2, 2), (np.int64(0), np.int64(0), np.int64(0), np.int64(0), np.int64(0), np.int64(0)))","(6, (1, 1, 1, 1, 2, 2), (np.int64(0), np.int64(0), np.int64(0), np.int64(0), np.int64(0), np.int64(0)), (1, 1, 1, 1, 1, 1), 4, 2)"
71,6,5,"(6, (0, 0, 2, 2, 3, 3))","(6, (0, 0, 2, 2, 3, 3), (np.float64(0.0), np.float64(0.0), np.float64(0.666666666667), np.float64(0.666666666667), np.float64(1.0), np.float64(1.0)))","(6, (0, 0, 2, 2, 3, 3), (np.float64(0.0), np.float64(0.0), np.float64(0.666666666667), np.float64(0.666666666667), np.float64(1.0), np.float64(1.0)), (0, 0, 2, 2, 2, 2), 0, 3)"
72,6,5,"(6, (0, 1, 1, 2, 2, 4))","(6, (0, 1, 1, 2, 2, 4), (np.float64(0.0), np.float64(0.0), np.float64(0.0), np.float64(0.166666666667), np.float64(1.0), np.float64(1.0)))","(6, (0, 1, 1, 2, 2, 4), (np.float64(0.0), np.float64(0.0), np.float64(0.0), np.float64(0.166666666667), np.float64(1.0), np.float64(1.0)), (0, 1, 1, 2, 2, 2), 2, 2)"
73,6,5,"(6, (0, 1, 1, 2, 3, 3))","(6, (0, 1, 1, 2, 3, 3), (np.float64(0.0), np.float64(0.0), np.float64(0.0), np.float64(0.333333333333), np.float64(0.333333333333), np.float64(1.0)))","(6, (0, 1, 1, 2, 3, 3), (np.float64(0.0), np.float64(0.0), np.float64(0.0), np.float64(0.333333333333), np.float64(0.333333333333), np.float64(1.0)), (0, 1, 1, 2, 2, 2), 2, 2)"
74,6,5,"(6, (0, 1, 2, 2, 2, 3))","(6, (0, 1, 2, 2, 2, 3), (np.float64(0.0), np.float64(0.0), np.float64(0.0), np.float64(0.333333333333), np.float64(1.0), np.float64(1.0)))","(6, (0, 1, 2, 2, 2, 3), (np.float64(0.0), np.float64(0.0), np.float64(0.0), np.float64(0.333333333333), np.float64(1.0), np.float64(1.0)), (0, 1, 1, 2, 2, 2), 2, 2)"
75,6,5,"(6, (0, 1, 2, 2, 2, 3))","(6, (0, 1, 2, 2, 2, 3), (np.int64(0), np.int64(0), np.int64(0), np.int64(0), np.int64(0), np.int64(0)))","(6, (0, 1, 2, 2, 2, 3), (np.int64(0), np.int64(0), np.int64(0), np.int64(0), np.int64(0), np.int64(0)), (0, 1, 2, 2, 2, 2), 1, 2)"
76,6,5,"(6, (0, 2, 2, 2, 2, 2))","(6, (0, 2, 2, 2, 2, 2), (np.int64(0), np.int64(0), np.int64(0), np.int64(0), np.int64(0), np.int64(0)))","(6, (0, 2, 2, 2, 2, 2), (np.int64(0), np.int64(0), np.int64(0), np.int64(0), np.int64(0), np.int64(0)), (0, 2, 2, 2, 2, 2), 0, 2)"
77,6,5,"(6, (1, 1, 1, 1, 1, 5))","(6, (1, 1, 1, 1, 1, 5), (np.int64(0), np.int64(0), np.int64(0), np.int64(0), np.int64(0), np.int64(0)))","(6, (1, 1, 1, 1, 1, 5), (np.int64(0), np.int64(0), np.int64(0), np.int64(0), np.int64(0), np.int64(0)), (1, 1, 1, 1, 1, 1), 5, 1)"
78,6,5,"(6, (1, 1, 1, 1, 2, 4))","(6, (1, 1, 1, 1, 2, 4), (np.int64(0), np.int64(0), np.int64(0), np.int64(0), np.int64(0), np.int64(0)))","(6, (1, 1, 1, 1, 2, 4), (np.int64(0), np.int64(0), np.int64(0), np.int64(0), np.int64(0), np.int64(0)), (1, 1, 1, 1, 1, 1), 5, 1)"
79,6,5,"(6, (1, 1, 1, 1, 3, 3))","(6, (1, 1, 1, 1, 3, 3), (np.int64(0), np.int64(0), np.int64(0), np.int64(0), np.int64(0), np.int64(0)))","(6, (1, 1, 1, 1, 3, 3), (np.int64(0), np.int64(0), np.int64(0), np.int64(0), np.int64(0), np.int64(0)), (1, 1, 1, 1, 1, 1), 5, 1)"
80,6,5,"(6, (1, 1, 1, 2, 2, 3))","(6, (1, 1, 1, 2, 2, 3), (np.int64(0), np.int64(0), np.int64(0), np.int64(0), np.int64(0), np.int64(0)))","(6, (1, 1, 1, 2, 2, 3), (np.int64(0), np.int64(0), np.int64(0), np.int64(0), np.int64(0), np.int64(0)), (1, 1, 1, 1, 1, 1), 5, 1)"
81,6,5,"(6, (1, 1, 1, 2, 2, 3))","(6, (1, 1, 1, 2, 2, 3), (np.int64(0), np.int64(0), np.int64(0), np.int64(0), np.int64(0), np.int64(0)))","(6, (1, 1, 1, 2, 2, 3), (np.int64(0), np.int64(0), np.int64(0), np.int64(0), np.int64(0), np.int64(0)), (1, 1, 1, 1, 1, 1), 5, 1)"
82,6,5,"(6, (1, 1, 1, 2, 2, 3))","(6, (1, 1, 1, 2, 2, 3), (np.float64(0.0), np.float64(0.0), np.float64(0.0), np.float64(0.333333333333), np.float64(1.0), np.float64(1.0)))","(6, (1, 1, 1, 2, 2, 3), (np.float64(0.0), np.float64(0.0), np.float64(0.0), np.float64(0.333333333333), np.float64(1.0), np.float64(1.0)), (1, 1, 1, 2, 2, 2), 2, 2)"
83,6,5,"(6, (1, 1, 2, 2, 2, 2))","(6, (1, 1, 2, 2, 2, 2), (np.int64(0), np.int64(0), np.int64(0), np.int64(0), np.int64(0), np.int64(0)))","(6, (1, 1, 2, 2, 2, 2), (np.int64(0), np.int64(0), np.int64(0), np.int64(0), np.int64(0), np.int64(0)), (1, 1, 1, 1, 1, 1), 5, 1)"
84,6,5,"(6, (1, 1, 2, 2, 2, 2))","(6, (1, 1, 2, 2, 2, 2), (np.float64(0.0), np.float64(0.0), np.float64(0.0), np.float64(1.0), np.float64(1.0), np.float64(1.0)))","(6, (1, 1, 2, 2, 2, 2), (np.float64(0.0), np.float64(0.0), np.float64(0.0), np.float64(1.0), np.float64(1.0), np.float64(1.0)), (1, 1, 1, 2, 2, 2), 2, 2)"
85,6,5,"(6, (1, 1, 2, 2, 2, 2))","(6, (1, 1, 2, 2, 2, 2), (np.int64(0), np.int64(0), np.int64(0), np.int64(0), np.int64(0), np.int64(0)))","(6, (1, 1, 2, 2, 2, 2), (np.int64(0), np.int64(0), np.int64(0), np.int64(0), np.int64(0), np.int64(0)), (1, 1, 2, 2, 2, 2), 1, 2)"
86,6,6,"(6, (0, 0, 3, 3, 3, 3))","(6, (0, 0, 3, 3, 3, 3), (np.float64(0.0), np.float64(0.0), np.float64(1.0), np.float64(1.0), np.float64(1.0), np.float64(1.0)))","(6, (0, 0, 3, 3, 3, 3), (np.float64(0.0), np.float64(0.0), np.float64(1.0), np.float64(1.0), np.float64(1.0), np.float64(1.0)), (0, 0, 3, 3, 3, 3), 0, 3)"
87,6,6,"(6, (0, 1, 2, 2, 3, 4))","(6, (0, 1, 2, 2, 3, 4), (np.float64(0.0), np.float64(0.0), np.float64(0.333333333333), np.float64(0.666666666667), np.float64(1.0), np.float64(1.0)))","(6, (0, 1, 2, 2, 3, 4), (np.float64(0.0), np.float64(0.0), np.float64(0.333333333333), np.float64(0.666666666667), np.float64(1.0), np.float64(1.0)), (0, 1, 2, 2, 2, 2), 1, 2)"
88,6,6,"(6, (0, 1, 2, 3, 3, 3))","(6, (0, 1, 2, 3, 3, 3), (np.float64(0.0), np.float64(0.0), np.float64(0.333333333333), np.float64(0.666666666667), np.float64(0.666666666667), np.float64(1.0)))","(6, (0, 1, 2, 3, 3, 3), (np.float64(0.0), np.float64(0.0), np.float64(0.333333333333), np.float64(0.666666666667), np.float64(0.666666666667), np.float64(1.0)), (0, 1, 2, 2, 2, 2), 1, 2)"
89,6,6,"(6, (0, 2, 2, 2, 2, 4))","(6, (0, 2, 2, 2, 2, 4), (np.float64(0.0), np.float64(0.333333333333), np.float64(1.0), np.float64(1.0), np.float64(1.0), np.float64(1.0)))","(6, (0, 2, 2, 2, 2, 4), (np.float64(0.0), np.float64(0.333333333333), np.float64(1.0), np.float64(1.0), np.float64(1.0), np.float64(1.0)), (0, 2, 2, 2, 2, 2), 0, 2)"
90,6,6,"(6, (0, 2, 2, 2, 3, 3))","(6, (0, 2, 2, 2, 3, 3), (np.float64(0.0), np.float64(0.0), np.float64(0.0), np.float64(0.333333333333), np.float64(0.333333333333), np.float64(1.0)))","(6, (0, 2, 2, 2, 3, 3), (np.float64(0.0), np.float64(0.0), np.float64(0.0), np.float64(0.333333333333), np.float64(0.333333333333), np.float64(1.0)), (0, 2, 2, 2, 2, 2), 0, 2)"
91,6,6,"(6, (0, 2, 2, 2, 3, 3))","(6, (0, 2, 2, 2, 3, 3), (np.int64(0), np.int64(0), np.int64(0), np.int64(0), np.int64(0), np.int64(0)))","(6, (0, 2, 2, 2, 3, 3), (np.int64(0), np.int64(0), np.int64(0), np.int64(0), np.int64(0), np.int64(0)), (0, 2, 2, 2, 2, 2), 0, 2)"
92,6,6,"(6, (1, 1, 1, 2, 2, 5))","(6, (1, 1, 1, 2, 2, 5), (np.float64(0.0), np.float64(0.0), np.float64(0.0), np.float64(0.1), np.float64(1.0), np.float64(1.0)))","(6, (1, 1, 1, 2, 2, 5), (np.float64(0.0), np.float64(0.0), np.float64(0.0), np.float64(0.1), np.float64(1.0), np.float64(1.0)), (1, 1, 1, 2, 2, 2), 3, 1)"
93,6,6,"(6, (1, 1, 1, 2, 3, 4))","(6, (1, 1, 1, 2, 3, 4), (np.float64(0.0), np.float64(0.0), np.float64(0.0), np.float64(0.166666666667), np.float64(0.333333333333), np.float64(1.0)))","(6, (1, 1, 1, 2, 3, 4), (np.float64(0.0), np.float64(0.0), np.float64(0.0), np.float64(0.166666666667), np.float64(0.333333333333), np.float64(1.0)), (1, 1, 1, 2, 2, 2), 3, 1)"
94,6,6,"(6, (1, 1, 1, 3, 3, 3))","(6, (1, 1, 1, 3, 3, 3), (np.float64(0.0), np.float64(0.0), np.float64(0.0), np.float64(0.333333333333), np.float64(0.333333333333), np.float64(0.333333333333)))","(6, (1, 1, 1, 3, 3, 3), (np.float64(0.0), np.float64(0.0), np.float64(0.0), np.float64(0.333333333333), np.float64(0.333333333333), np.float64(0.333333333333)), (1, 1, 1, 2, 2, 2), 3, 1)"
95,6,6,"(6, (1, 1, 2, 2, 2, 4))","(6, (1, 1, 2, 2, 2, 4), (np.float64(0.0), np.float64(0.0), np.float64(0.0), np.float64(0.166666666667), np.float64(1.0), np.float64(1.0)))","(6, (1, 1, 2, 2, 2, 4), (np.float64(0.0), np.float64(0.0), np.float64(0.0), np.float64(0.166666666667), np.float64(1.0), np.float64(1.0)), (1, 1, 1, 2, 2, 2), 3, 1)"
96,6,6,"(6, (1, 1, 2, 2, 2, 4))","(6, (1, 1, 2, 2, 2, 4), (np.int64(0), np.int64(0), np.int64(0), np.int64(0), np.int64(0), np.int64(0)))","(6, (1, 1, 2, 2, 2, 4), (np.int64(0), np.int64(0), np.int64(0), np.int64(0), np.int64(0), np.int64(0)), (1, 1, 2, 2, 2, 2), 2, 1)"
97,6,6,"(6, (1, 1, 2, 2, 3, 3))","(6, (1, 1, 2, 2, 3, 3), (np.float64(0.0), np.float64(0.0), np.float64(0.0), np.float64(0.333333333333), np.float64(0.333333333333), np.float64(1.0)))","(6, (1, 1, 2, 2, 3, 3), (np.float64(0.0), np.float64(0.0), np.float64(0.0), np.float64(0.333333333333), np.float64(0.333333333333), np.float64(1.0)), (1, 1, 1, 2, 2, 2), 3, 1)"
98,6,6,"(6, (1, 1, 2, 2, 3, 3))","(6, (1, 1, 2, 2, 3, 3), (np.int64(0), np.int64(0), np.int64(0), np.int64(0), np.int64(0), np.int64(0)))","(6, (1, 1, 2, 2, 3, 3), (np.int64(0), np.int64(0), np.int64(0), np.int64(0), np.int64(0), np.int64(0)), (1, 1, 2, 2, 2, 2), 2, 1)"
99,6,6,"(6, (1, 1, 2, 2, 3, 3))","(6, (1, 1, 2, 2, 3, 3), (np.int64(0), np.int64(0), np.int64(0), np.int64(0), np.int64(0), np.int64(0)))","(6, (1, 1, 2, 2, 3, 3), (np.int64(0), np.int64(0), np.int64(0), np.int64(0), np.int64(0), np.int64(0)), (1, 1, 2, 2, 2, 2), 2, 1)"
100,6,6,"(6, (1, 1, 2, 2, 3, 3))","(6, (1, 1, 2, 2, 3, 3), (np.float64(0.0), np.float64(0.0), np.float64(0.0), np.float64(0.333333333333), np.float64(1.0), np.float64(1.0)))","(6, (1, 1, 2, 2, 3, 3), (np.float64(0.0), np.float64(0.0), np.float64(0.0), np.float64(0.333333333333), np.float64(1.0), np.float64(1.0)), (1, 1, 1, 2, 2, 2), 3, 1)"
101,6,6,"(6, (1, 1, 2, 2, 3, 3))","(6, (1, 1, 2, 2, 3, 3), (np.float64(0.0), np.float64(0.0), np.float64(0.666666666667), np.float64(0.666666666667), np.float64(1.0), np.float64(1.0)))","(6, (1, 1, 2, 2, 3, 3), (np.float64(0.0), np.float64(0.0), np.float64(0.666666666667), np.float64(0.666666666667), np.float64(1.0), np.float64(1.0)), (1, 1, 2, 2, 2, 2), 1, 2)"
102,6,6,"(6, (1, 2, 2, 2, 2, 3))","(6, (1, 2, 2, 2, 2, 3), (np.float64(0.0), np.float64(0.0), np.float64(0.0), np.float64(0.333333333333), np.float64(1.0), np.float64(1.0)))","(6, (1, 2, 2, 2, 2, 3), (np.float64(0.0), np.float64(0.0), np.float64(0.0), np.float64(0.333333333333), np.float64(1.0), np.float64(1.0)), (1, 1, 1, 2, 2, 2), 3, 1)"
103,6,6,"(6, (1, 2, 2, 2, 2, 3))","(6, (1, 2, 2, 2, 2, 3), (np.int64(0), np.int64(0), np.int64(0), np.int64(0), np.int64(0), np.int64(0)))","(6, (1, 2, 2, 2, 2, 3), (np.int64(0), np.int64(0), np.int64(0), np.int64(0), np.int64(0), np.int64(0)), (1, 1, 2, 2, 2, 2), 2, 1)"
104,6,6,"(6, (1, 2, 2, 2, 2, 3))","(6, (1, 2, 2, 2, 2, 3), (np.int64(0), np.int64(0), np.int64(0), np.int64(0), np.int64(0), np.int64(0)))","(6, (1, 2, 2, 2, 2, 3), (np.int64(0), np.int64(0), np.int64(0), np.int64(0), np.int64(0), np.int64(0)), (1, 2, 2, 2, 2, 2), 1, 1)"
105,6,6,"(6, (2, 2, 2, 2, 2, 2))","(6, (2, 2, 2, 2, 2, 2), (np.int64(0), np.int64(0), np.int64(0), np.int64(0), np.int64(0), np.int64(0)))","(6, (2, 2, 2, 2, 2, 2), (np.int64(0), np.int64(0), np.int64(0), np.int64(0), np.int64(0), np.int64(0)), (2, 2, 2, 2, 2, 2), 0, 1)"
106,6,6,"(6, (2, 2, 2, 2, 2, 2))","(6, (2, 2, 2, 2, 2, 2), (np.float64(1.0), np.float64(1.0), np.float64(1.0), np.float64(1.0), np.float64(1.0), np.float64(1.0)))","(6, (2, 2, 2, 2, 2, 2), (np.float64(1.0), np.float64(1.0), np.float64(1.0), np.float64(1.0), np.float64(1.0), np.float64(1.0)), (2, 2, 2, 2, 2, 2), 0, 2)"
107,6,7,"(6, (0, 1, 3, 3, 3, 4))","(6, (0, 1, 3, 3, 3, 4), (np.float64(0.0), np.float64(0.0), np.float64(0.5), np.float64(1.0), np.float64(1.0), np.float64(1.0)))","(6, (0, 1, 3, 3, 3, 4), (np.float64(0.0), np.float64(0.0), np.float64(0.5), np.float64(1.0), np.float64(1.0), np.float64(1.0)), (0, 1, 3, 3, 3, 3), 1, 2)"
108,6,7,"(6, (0, 2, 2, 2, 4, 4))","(6, (0, 2, 2, 2, 4, 4), (np.float64(0.0), np.float64(0.5), np.float64(0.5), np.float64(1.0), np.float64(1.0), np.float64(1.0)))","(6, (0, 2, 2, 2, 4, 4), (np.float64(0.0), np.float64(0.5), np.float64(0.5), np.float64(1.0), np.float64(1.0), np.float64(1.0)), (0, 2, 2, 2, 2, 2), 0, 2)"
109,6,7,"(6, (0, 2, 2, 3, 3, 4))","(6, (0, 2, 2, 3, 3, 4), (np.float64(0.0), np.float64(0.5), np.float64(0.666666666667), np.float64(0.666666666667), np.float64(1.0), np.float64(1.0)))","(6, (0, 2, 2, 3, 3, 4), (np.float64(0.0), np.float64(0.5), np.float64(0.666666666667), np.float64(0.666666666667), np.float64(1.0), np.float64(1.0)), (0, 2, 2, 2, 2, 2), 0, 2)"
110,6,7,"(6, (0, 2, 3, 3, 3, 3))","(6, (0, 2, 3, 3, 3, 3), (np.float64(0.0), np.float64(0.0), np.float64(0.333333333333), np.float64(0.333333333333), np.float64(0.666666666667), np.float64(0.666666666667)))","(6, (0, 2, 3, 3, 3, 3), (np.float64(0.0), np.float64(0.0), np.float64(0.333333333333), np.float64(0.333333333333), np.float64(0.666666666667), np.float64(0.666666666667)), (0, 2, 2, 2, 2, 2), 0, 2)"
111,6,7,"(6, (1, 1, 2, 2, 3, 5))","(6, (1, 1, 2, 2, 3, 5), (np.float64(0.0), np.float64(0.0), np.float64(0.2), np.float64(0.666666666667), np.float64(1.0), np.float64(1.0)))","(6, (1, 1, 2, 2, 3, 5), (np.float64(0.0), np.float64(0.0), np.float64(0.2), np.float64(0.666666666667), np.float64(1.0), np.float64(1.0)), (1, 1, 2, 2, 2, 2), 2, 1)"
112,6,7,"(6, (1, 1, 2, 2, 4, 4))","(6, (1, 1, 2, 2, 4, 4), (np.float64(0.0), np.float64(0.0), np.float64(0.333333333333), np.float64(0.333333333333), np.float64(1.0), np.float64(1.0)))","(6, (1, 1, 2, 2, 4, 4), (np.float64(0.0), np.float64(0.0), np.float64(0.333333333333), np.float64(0.333333333333), np.float64(1.0), np.float64(1.0)), (1, 1, 2, 2, 2, 2), 2, 1)"
113,6,7,"(6, (1, 1, 2, 3, 3, 4))","(6, (1, 1, 2, 3, 3, 4), (np.float64(0.0), np.float64(0.0), np.float64(0.333333333333), np.float64(0.333333333333), np.float64(0.666666666667), np.float64(1.0)))","(6, (1, 1, 2, 3, 3, 4), (np.float64(0.0), np.float64(0.0), np.float64(0.333333333333), np.float64(0.333333333333), np.float64(0.666666666667), np.float64(1.0)), (1, 1, 2, 2, 2, 2), 2, 1)"
114,6,7,"(6, (1, 1, 2, 3, 3, 4))","(6, (1, 1, 2, 3, 3, 4), (np.float64(0.0), np.float64(0.0), np.float64(0.166666666667), np.float64(0.666666666667), np.float64(0.666666666667), np.float64(1.0)))","(6, (1, 1, 2, 3, 3, 4), (np.float64(0.0), np.float64(0.0), np.float64(0.166666666667), np.float64(0.666666666667), np.float64(0.666666666667), np.float64(1.0)), (1, 1, 2, 2, 2, 2), 2, 1)"
115,6,7,"(6, (1, 1, 3, 3, 3, 3))","(6, (1, 1, 3, 3, 3, 3), (np.float64(0.0), np.float64(0.0), np.float64(0.333333333333), np.float64(0.333333333333), np.float64(0.666666666667), np.float64(0.666666666667)))","(6, (1, 1, 3, 3, 3, 3), (np.float64(0.0), np.float64(0.0), np.float64(0.333333333333), np.float64(0.333333333333), np.float64(0.666666666667), np.float64(0.666666666667)), (1, 1, 2, 2, 2, 2), 2, 1)"
116,6,7,"(6, (1, 1, 3, 3, 3, 3))","(6, (1, 1, 3, 3, 3, 3), (np.float64(0.0), np.float64(0.0), np.float64(1.0), np.float64(1.0), np.float64(1.0), np.float64(1.0)))","(6, (1, 1, 3, 3, 3, 3), (np.float64(0.0), np.float64(0.0), np.float64(1.0), np.float64(1.0), np.float64(1.0), np.float64(1.0)), (1, 1, 3, 3, 3, 3), 1, 2)"
117,6,7,"(6, (1, 2, 2, 2, 2, 5))","(6, (1, 2, 2, 2, 2, 5), (np.float64(0.0), np.float64(0.2), np.float64(1.0), np.float64(1.0), np.float64(1.0), np.float64(1.0)))","(6, (1, 2, 2, 2, 2, 5), (np.float64(0.0), np.float64(0.2), np.float64(1.0), np.float64(1.0), np.float64(1.0), np.float64(1.0)), (1, 2, 2, 2, 2, 2), 1, 1)"
118,6,7,"(6, (1, 2, 2, 2, 3, 4))","(6, (1, 2, 2, 2, 3, 4), (np.float64(0.0), np.float64(0.0), np.float64(0.0), np.float64(0.166666666667), np.float64(0.333333333333), np.float64(1.0)))","(6, (1, 2, 2, 2, 3, 4), (np.float64(0.0), np.float64(0.0), np.float64(0.0), np.float64(0.166666666667), np.float64(0.333333333333), np.float64(1.0)), (1, 2, 2, 2, 2, 2), 1, 1)"
119,6,7,"(6, (1, 2, 2, 2, 3, 4))","(6, (1, 2, 2, 2, 3, 4), (np.float64(0.0), np.float64(0.333333333333), np.float64(0.333333333333), np.float64(1.0), np.float64(1.0), np.float64(1.0)))","(6, (1, 2, 2, 2, 3, 4), (np.float64(0.0), np.float64(0.333333333333), np.float64(0.333333333333), np.float64(1.0), np.float64(1.0), np.float64(1.0)), (1, 2, 2, 2, 2, 2), 1, 1)"
120,6,7,"(6, (1, 2, 2, 2, 3, 4))","(6, (1, 2, 2, 2, 3, 4), (np.float64(0.0), np.float64(0.0), np.float64(0.333333333333), np.float64(0.666666666667), np.float64(1.0), np.float64(1.0)))","(6, (1, 2, 2, 2, 3, 4), (np.float64(0.0), np.float64(0.0), np.float64(0.333333333333), np.float64(0.666666666667), np.float64(1.0), np.float64(1.0)), (1, 1, 2, 2, 2, 2), 2, 1)"
121,6,7,"(6, (1, 2, 2, 2, 3, 4))","(6, (1, 2, 2, 2, 3, 4), (np.int64(0), np.int64(0), np.int64(0), np.int64(0), np.int64(0), np.int64(0)))","(6, (1, 2, 2, 2, 3, 4), (np.int64(0), np.int64(0), np.int64(0), np.int64(0), np.int64(0), np.int64(0)), (1, 2, 2, 2, 2, 2), 1, 1)"
122,6,7,"(6, (1, 2, 2, 3, 3, 3))","(6, (1, 2, 2, 3, 3, 3), (np.float64(0.0), np.float64(0.0), np.float64(0.0), np.float64(0.333333333333), np.float64(0.333333333333), np.float64(1.0)))","(6, (1, 2, 2, 3, 3, 3), (np.float64(0.0), np.float64(0.0), np.float64(0.0), np.float64(0.333333333333), np.float64(0.333333333333), np.float64(1.0)), (1, 2, 2, 2, 2, 2), 1, 1)"
123,6,7,"(6, (1, 2, 2, 3, 3, 3))","(6, (1, 2, 2, 3, 3, 3), (np.float64(0.0), np.float64(0.0), np.float64(0.333333333333), np.float64(0.666666666667), np.float64(0.666666666667), np.float64(1.0)))","(6, (1, 2, 2, 3, 3, 3), (np.float64(0.0), np.float64(0.0), np.float64(0.333333333333), np.float64(0.666666666667), np.float64(0.666666666667), np.float64(1.0)), (1, 1, 2, 2, 2, 2), 2, 1)"
124,6,7,"(6, (1, 2, 2, 3, 3, 3))","(6, (1, 2, 2, 3, 3, 3), (np.float64(0.0), np.float64(0.0), np.float64(0.0), np.float64(0.333333333333), np.float64(0.333333333333), np.float64(0.333333333333)))","(6, (1, 2, 2, 3, 3, 3), (np.float64(0.0), np.float64(0.0), np.float64(0.0), np.float64(0.333333333333), np.float64(0.333333333333), np.float64(0.333333333333)), (1, 2, 2, 2, 2, 2), 1, 1)"
125,6,7,"(6, (1, 2, 2, 3, 3, 3))","(6, (1, 2, 2, 3, 3, 3), (np.int64(0), np.int64(0), np.int64(0), np.int64(0), np.int64(0), np.int64(0)))","(6, (1, 2, 2, 3, 3, 3), (np.int64(0), np.int64(0), np.int64(0), np.int64(0), np.int64(0), np.int64(0)), (1, 2, 2, 2, 2, 2), 1, 1)"
126,6,7,"(6, (2, 2, 2, 2, 2, 4))","(6, (2, 2, 2, 2, 2, 4), (np.float64(0.0), np.float64(0.0), np.float64(0.0), np.float64(0.166666666667), np.float64(1.0), np.float64(1.0)))","(6, (2, 2, 2, 2, 2, 4), (np.float64(0.0), np.float64(0.0), np.float64(0.0), np.float64(0.166666666667), np.float64(1.0), np.float64(1.0)), (2, 2, 2, 2, 2, 2), 0, 1)"
127,6,7,"(6, (2, 2, 2, 2, 3, 3))","(6, (2, 2, 2, 2, 3, 3), (np.float64(0.0), np.float64(0.0), np.float64(0.0), np.float64(0.333333333333), np.float64(0.333333333333), np.float64(1.0)))","(6, (2, 2, 2, 2, 3, 3), (np.float64(0.0), np.float64(0.0), np.float64(0.0), np.float64(0.333333333333), np.float64(0.333333333333), np.float64(1.0)), (2, 2, 2, 2, 2, 2), 0, 1)"
128,6,7,"(6, (2, 2, 2, 2, 3, 3))","(6, (2, 2, 2, 2, 3, 3), (np.int64(0), np.int64(0), np.int64(0), np.int64(0), np.int64(0), np.int64(0)))","(6, (2, 2, 2, 2, 3, 3), (np.int64(0), np.int64(0), np.int64(0), np.int64(0), np.int64(0), np.int64(0)), (2, 2, 2, 2, 2, 2), 0, 1)"
129,6,7,"(6, (2, 2, 2, 2, 3, 3))","(6, (2, 2, 2, 2, 3, 3), (np.int64(0), np.int64(0), np.int64(0), np.int64(0), np.int64(0), np.int64(0)))","(6, (2, 2, 2, 2, 3, 3), (np.int64(0), np.int64(0), np.int64(0), np.int64(0), np.int64(0), np.int64(0)), (2, 2, 2, 2, 2, 2), 0, 1)"
130,6,7,"(6, (2, 2, 2, 2, 3, 3))","(6, (2, 2, 2, 2, 3, 3), (np.float64(0.333333333333), np.float64(0.333333333333), np.float64(1.0), np.float64(1.0), np.float64(1.0), np.float64(1.0)))","(6, (2, 2, 2, 2, 3, 3), (np.float64(0.333333333333), np.float64(0.333333333333), np.float64(1.0), np.float64(1.0), np.float64(1.0), np.float64(1.0)), (2, 2, 2, 2, 2, 2), 1, 1)"
131,6,8,"(6, (0, 2, 3, 3, 4, 4))","(6, (0, 2, 3, 3, 4, 4), (np.float64(0.0), np.float64(0.666666666667), np.float64(0.666666666667), np.float64(1.0), np.float64(1.0), np.float64(1.0)))","(6, (0, 2, 3, 3, 4, 4), (np.float64(0.0), np.float64(0.666666666667), np.float64(0.666666666667), np.float64(1.0), np.float64(1.0), np.float64(1.0)), (0, 2, 3, 3, 3, 3), 0, 2)"
132,6,8,"(6, (0, 3, 3, 3, 3, 4))","(6, (0, 3, 3, 3, 3, 4), (np.float64(0.0), np.float64(0.666666666667), np.float64(0.666666666667), np.float64(0.666666666667), np.float64(0.666666666667), np.float64(0.666666666667)))","(6, (0, 3, 3, 3, 3, 4), (np.float64(0.0), np.float64(0.666666666667), np.float64(0.666666666667), np.float64(0.666666666667), np.float64(0.666666666667), np.float64(0.666666666667)), (0, 3, 3, 3, 3, 3), 0, 2)"
133,6,8,"(6, (1, 1, 3, 3, 3, 5))","(6, (1, 1, 3, 3, 3, 5), (np.float64(0.0), np.float64(0.0), np.float64(0.3), np.float64(1.0), np.float64(1.0), np.float64(1.0)))","(6, (1, 1, 3, 3, 3, 5), (np.float64(0.0), np.float64(0.0), np.float64(0.3), np.float64(1.0), np.float64(1.0), np.float64(1.0)), (1, 1, 3, 3, 3, 3), 2, 1)"
134,6,8,"(6, (1, 1, 3, 3, 4, 4))","(6, (1, 1, 3, 3, 4, 4), (np.float64(0.0), np.float64(0.0), np.float64(0.5), np.float64(0.5), np.float64(1.0), np.float64(1.0)))","(6, (1, 1, 3, 3, 4, 4), (np.float64(0.0), np.float64(0.0), np.float64(0.5), np.float64(0.5), np.float64(1.0), np.float64(1.0)), (1, 1, 3, 3, 3, 3), 2, 1)"
135,6,8,"(6, (1, 2, 2, 2, 4, 5))","(6, (1, 2, 2, 2, 4, 5), (np.float64(0.0), np.float64(0.3), np.float64(0.5), np.float64(1.0), np.float64(1.0), np.float64(1.0)))","(6, (1, 2, 2, 2, 4, 5), (np.float64(0.0), np.float64(0.3), np.float64(0.5), np.float64(1.0), np.float64(1.0), np.float64(1.0)), (1, 2, 2, 2, 2, 2), 1, 1)"
136,6,8,"(6, (1, 2, 2, 3, 3, 5))","(6, (1, 2, 2, 3, 3, 5), (np.float64(0.0), np.float64(0.3), np.float64(0.666666666667), np.float64(0.666666666667), np.float64(1.0), np.float64(1.0)))","(6, (1, 2, 2, 3, 3, 5), (np.float64(0.0), np.float64(0.3), np.float64(0.666666666667), np.float64(0.666666666667), np.float64(1.0), np.float64(1.0)), (1, 2, 2, 2, 2, 2), 1, 1)"
137,6,8,"(6, (1, 2, 2, 3, 4, 4))","(6, (1, 2, 2, 3, 4, 4), (np.float64(0.0), np.float64(0.333333333333), np.float64(0.5), np.float64(0.666666666667), np.float64(1.0), np.float64(1.0)))","(6, (1, 2, 2, 3, 4, 4), (np.float64(0.0), np.float64(0.333333333333), np.float64(0.5), np.float64(0.666666666667), np.float64(1.0), np.float64(1.0)), (1, 2, 2, 2, 2, 2), 1, 1)"
138,6,8,"(6, (1, 2, 2, 3, 4, 4))","(6, (1, 2, 2, 3, 4, 4), (np.float64(0.0), np.float64(0.333333333333), np.float64(0.5), np.float64(0.5), np.float64(1.0), np.float64(1.0)))","(6, (1, 2, 2, 3, 4, 4), (np.float64(0.0), np.float64(0.333333333333), np.float64(0.5), np.float64(0.5), np.float64(1.0), np.float64(1.0)), (1, 2, 2, 2, 2, 2), 1, 1)"
139,6,8,"(6, (1, 2, 3, 3, 3, 4))","(6, (1, 2, 3, 3, 3, 4), (np.float64(0.0), np.float64(0.333333333333), np.float64(0.5), np.float64(0.666666666667), np.float64(0.666666666667), np.float64(1.0)))","(6, (1, 2, 3, 3, 3, 4), (np.float64(0.0), np.float64(0.333333333333), np.float64(0.5), np.float64(0.666666666667), np.float64(0.666666666667), np.float64(1.0)), (1, 2, 2, 2, 2, 2), 1, 1)"
140,6,8,"(6, (1, 2, 3, 3, 3, 4))","(6, (1, 2, 3, 3, 3, 4), (np.float64(0.0), np.float64(0.0), np.float64(0.333333333333), np.float64(0.333333333333), np.float64(0.333333333333), np.float64(0.666666666667)))","(6, (1, 2, 3, 3, 3, 4), (np.float64(0.0), np.float64(0.0), np.float64(0.333333333333), np.float64(0.333333333333), np.float64(0.333333333333), np.float64(0.666666666667)), (1, 2, 2, 2, 2, 2), 1, 1)"
141,6,8,"(6, (1, 2, 3, 3, 3, 4))","(6, (1, 2, 3, 3, 3, 4), (np.float64(0.0), np.float64(0.0), np.float64(0.166666666667), np.float64(0.333333333333), np.float64(0.666666666667), np.float64(0.666666666667)))","(6, (1, 2, 3, 3, 3, 4), (np.float64(0.0), np.float64(0.0), np.float64(0.166666666667), np.float64(0.333333333333), np.float64(0.666666666667), np.float64(0.666666666667)), (1, 2, 2, 2, 2, 2), 1, 1)"
142,6,8,"(6, (1, 2, 3, 3, 3, 4))","(6, (1, 2, 3, 3, 3, 4), (np.float64(0.0), np.float64(0.0), np.float64(0.5), np.float64(1.0), np.float64(1.0), np.float64(1.0)))","(6, (1, 2, 3, 3, 3, 4), (np.float64(0.0), np.float64(0.0), np.float64(0.5), np.float64(1.0), np.float64(1.0), np.float64(1.0)), (1, 1, 3, 3, 3, 3), 2, 1)"
143,6,8,"(6, (1, 3, 3, 3, 3, 3))","(6, (1, 3, 3, 3, 3, 3), (np.float64(0.0), np.float64(0.0), np.float64(0.333333333333), np.float64(0.333333333333), np.float64(0.666666666667), np.float64(0.666666666667)))","(6, (1, 3, 3, 3, 3, 3), (np.float64(0.0), np.float64(0.0), np.float64(0.333333333333), np.float64(0.333333333333), np.float64(0.666666666667), np.float64(0.666666666667)), (1, 2, 2, 2, 2, 2), 1, 1)"
144,6,8,"(6, (2, 2, 2, 2, 3, 5))","(6, (2, 2, 2, 2, 3, 5), (np.float64(0.3), np.float64(0.666666666667), np.float64(1.0), np.float64(1.0), np.float64(1.0), np.float64(1.0)))","(6, (2, 2, 2, 2, 3, 5), (np.float64(0.3), np.float64(0.666666666667), np.float64(1.0), np.float64(1.0), np.float64(1.0), np.float64(1.0)), (2, 2, 2, 2, 2, 2), 0, 1)"
145,6,8,"(6, (2, 2, 2, 2, 4, 4))","(6, (2, 2, 2, 2, 4, 4), (np.float64(0.0), np.float64(0.0), np.float64(0.333333333333), np.float64(0.333333333333), np.float64(1.0), np.float64(1.0)))","(6, (2, 2, 2, 2, 4, 4), (np.float64(0.0), np.float64(0.0), np.float64(0.333333333333), np.float64(0.333333333333), np.float64(1.0), np.float64(1.0)), (2, 2, 2, 2, 2, 2), 0, 1)"
146,6,8,"(6, (2, 2, 2, 2, 4, 4))","(6, (2, 2, 2, 2, 4, 4), (np.int64(0), np.int64(0), np.int64(0), np.int64(0), np.int64(0), np.int64(0)))","(6, (2, 2, 2, 2, 4, 4), (np.int64(0), np.int64(0), np.int64(0), np.int64(0), np.int64(0), np.int64(0)), (2, 2, 2, 2, 2, 2), 0, 1)"
147,6,8,"(6, (2, 2, 2, 3, 3, 4))","(6, (2, 2, 2, 3, 3, 4), (np.float64(0.0), np.float64(0.0), np.float64(0.333333333333), np.float64(0.333333333333), np.float64(0.666666666667), np.float64(1.0)))","(6, (2, 2, 2, 3, 3, 4), (np.float64(0.0), np.float64(0.0), np.float64(0.333333333333), np.float64(0.333333333333), np.float64(0.666666666667), np.float64(1.0)), (2, 2, 2, 2, 2, 2), 0, 1)"
148,6,8,"(6, (2, 2, 2, 3, 3, 4))","(6, (2, 2, 2, 3, 3, 4), (np.float64(0.0), np.float64(0.333333333333), np.float64(0.333333333333), np.float64(0.333333333333), np.float64(1.0), np.float64(1.0)))","(6, (2, 2, 2, 3, 3, 4), (np.float64(0.0), np.float64(0.333333333333), np.float64(0.333333333333), np.float64(0.333333333333), np.float64(1.0), np.float64(1.0)), (2, 2, 2, 2, 2, 2), 0, 1)"
149,6,8,"(6, (2, 2, 2, 3, 3, 4))","(6, (2, 2, 2, 3, 3, 4), (np.float64(0.0), np.float64(0.0), np.float64(0.0), np.float64(0.166666666667), np.float64(0.333333333333), np.float64(1.0)))","(6, (2, 2, 2, 3, 3, 4), (np.float64(0.0), np.float64(0.0), np.float64(0.0), np.float64(0.166666666667), np.float64(0.333333333333), np.float64(1.0)), (2, 2, 2, 2, 2, 2), 0, 1)"
150,6,8,"(6, (2, 2, 2, 3, 3, 4))","(6, (2, 2, 2, 3, 3, 4), (np.float64(0.333333333333), np.float64(0.666666666667), np.float64(0.666666666667), np.float64(1.0), np.float64(1.0), np.float64(1.0)))","(6, (2, 2, 2, 3, 3, 4), (np.float64(0.333333333333), np.float64(0.666666666667), np.float64(0.666666666667), np.float64(1.0), np.float64(1.0), np.float64(1.0)), (2, 2, 2, 2, 2, 2), 0, 1)"
151,6,8,"(6, (2, 2, 3, 3, 3, 3))","(6, (2, 2, 3, 3, 3, 3), (np.float64(0.0), np.float64(0.0), np.float64(0.0), np.float64(0.333333333333), np.float64(0.333333333333), np.float64(0.333333333333)))","(6, (2, 2, 3, 3, 3, 3), (np.float64(0.0), np.float64(0.0), np.float64(0.0), np.float64(0.333333333333), np.float64(0.333333333333), np.float64(0.333333333333)), (2, 2, 2, 2, 2, 2), 0, 1)"
152,6,8,"(6, (2, 2, 3, 3, 3, 3))","(6, (2, 2, 3, 3, 3, 3), (np.float64(0.333333333333), np.float64(0.333333333333), np.float64(0.333333333333), np.float64(0.333333333333), np.float64(1.0), np.float64(1.0)))","(6, (2, 2, 3, 3, 3, 3), (np.float64(0.333333333333), np.float64(0.333333333333), np.float64(0.333333333333), np.float64(0.333333333333), np.float64(1.0), np.float64(1.0)), (2, 2, 2, 2, 2, 2), 0, 1)"
153,6,8,"(6, (2, 2, 3, 3, 3, 3))","(6, (2, 2, 3, 3, 3, 3), (np.float64(0.0), np.float64(0.0), np.float64(0.333333333333), np.float64(0.333333333333), np.float64(0.666666666667), np.float64(0.666666666667)))","(6, (2, 2, 3, 3, 3, 3), (np.float64(0.0), np.float64(0.0), np.float64(0.333333333333), np.float64(0.333333333333), np.float64(0.666666666667), np.float64(0.666666666667)), (2, 2, 2, 2, 2, 2), 0, 1)"
154,6,8,"(6, (2, 2, 3, 3, 3, 3))","(6, (2, 2, 3, 3, 3, 3), (np.int64(0), np.int64(0), np.int64(0), np.int64(0), np.int64(0), np.int64(0)))","(6, (2, 2, 3, 3, 3, 3), (np.int64(0), np.int64(0), np.int64(0), np.int64(0), np.int64(0), np.int64(0)), (2, 2, 2, 2, 2, 2), 0, 1)"
155,6,9,"(6, (0, 3, 3, 4, 4, 4))","(6, (0, 3, 3, 4, 4, 4), (np.float64(0.0), np.float64(0.833333333333), np.float64(0.833333333333), np.float64(0.833333333333), np.float64(1.0), np.float64(1.0)))","(6, (0, 3, 3, 4, 4, 4), (np.float64(0.0), np.float64(0.833333333333), np.float64(0.833333333333), np.float64(0.833333333333), np.float64(1.0), np.float64(1.0)), (0, 3, 3, 3, 3, 3), 0, 2)"
156,6,9,"(6, (1, 2, 3, 3, 4, 5))","(6, (1, 2, 3, 3, 4, 5), (np.float64(0.0), np.float64(0.4), np.float64(0.666666666667), np.float64(1.0), np.float64(1.0), np.float64(1.0)))","(6, (1, 2, 3, 3, 4, 5), (np.float64(0.0), np.float64(0.4), np.float64(0.666666666667), np.float64(1.0), np.float64(1.0), np.float64(1.0)), (1, 2, 3, 3, 3, 3), 1, 1)"
157,6,9,"(6, (1, 2, 3, 4, 4, 4))","(6, (1, 2, 3, 4, 4, 4), (np.float64(0.0), np.float64(0.5), np.float64(0.666666666667), np.float64(0.666666666667), np.float64(1.0), np.float64(1.0)))","(6, (1, 2, 3, 4, 4, 4), (np.float64(0.0), np.float64(0.5), np.float64(0.666666666667), np.float64(0.666666666667), np.float64(1.0), np.float64(1.0)), (1, 2, 3, 3, 3, 3), 1, 1)"
158,6,9,"(6, (1, 3, 3, 3, 3, 5))","(6, (1, 3, 3, 3, 3, 5), (np.float64(0.0), np.float64(0.4), np.float64(0.666666666667), np.float64(0.666666666667), np.float64(0.666666666667), np.float64(0.666666666667)))","(6, (1, 3, 3, 3, 3, 5), (np.float64(0.0), np.float64(0.4), np.float64(0.666666666667), np.float64(0.666666666667), np.float64(0.666666666667), np.float64(0.666666666667)), (1, 3, 3, 3, 3, 3), 1, 1)"
159,6,9,"(6, (1, 3, 3, 3, 4, 4))","(6, (1, 3, 3, 3, 4, 4), (np.float64(0.0), np.float64(0.333333333333), np.float64(0.666666666667), np.float64(0.666666666667), np.float64(0.666666666667), np.float64(0.666666666667)))","(6, (1, 3, 3, 3, 4, 4), (np.float64(0.0), np.float64(0.333333333333), np.float64(0.666666666667), np.float64(0.666666666667), np.float64(0.666666666667), np.float64(0.666666666667)), (1, 3, 3, 3, 3, 3), 1, 1)"
160,6,9,"(6, (1, 3, 3, 3, 4, 4))","(6, (1, 3, 3, 3, 4, 4), (np.float64(0.0), np.float64(0.333333333333), np.float64(0.666666666667), np.float64(0.666666666667), np.float64(1.0), np.float64(1.0)))","(6, (1, 3, 3, 3, 4, 4), (np.float64(0.0), np.float64(0.333333333333), np.float64(0.666666666667), np.float64(0.666666666667), np.float64(1.0), np.float64(1.0)), (1, 2, 3, 3, 3, 3), 1, 1)"
161,6,9,"(6, (2, 2, 2, 2, 5, 5))","(6, (2, 2, 2, 2, 5, 5), (np.float64(0.4), np.float64(0.4), np.float64(1.0), np.float64(1.0), np.float64(1.0), np.float64(1.0)))","(6, (2, 2, 2, 2, 5, 5), (np.float64(0.4), np.float64(0.4), np.float64(1.0), np.float64(1.0), np.float64(1.0), np.float64(1.0)), (2, 2, 2, 2, 2, 2), 0, 1)"
162,6,9,"(6, (2, 2, 2, 3, 4, 5))","(6, (2, 2, 2, 3, 4, 5), (np.float64(0.4), np.float64(0.5), np.float64(0.666666666667), np.float64(1.0), np.float64(1.0), np.float64(1.0)))","(6, (2, 2, 2, 3, 4, 5), (np.float64(0.4), np.float64(0.5), np.float64(0.666666666667), np.float64(1.0), np.float64(1.0), np.float64(1.0)), (2, 2, 2, 2, 2, 2), 0, 1)"
163,6,9,"(6, (2, 2, 2, 4, 4, 4))","(6, (2, 2, 2, 4, 4, 4), (np.float64(0.5), np.float64(0.5), np.float64(0.5), np.float64(1.0), np.float64(1.0), np.float64(1.0)))","(6, (2, 2, 2, 4, 4, 4), (np.float64(0.5), np.float64(0.5), np.float64(0.5), np.float64(1.0), np.float64(1.0), np.float64(1.0)), (2, 2, 2, 2, 2, 2), 0, 1)"
164,6,9,"(6, (2, 2, 3, 3, 3, 5))","(6, (2, 2, 3, 3, 3, 5), (np.float64(0.4), np.float64(0.666666666667), np.float64(0.666666666667), np.float64(0.666666666667), np.float64(1.0), np.float64(1.0)))","(6, (2, 2, 3, 3, 3, 5), (np.float64(0.4), np.float64(0.666666666667), np.float64(0.666666666667), np.float64(0.666666666667), np.float64(1.0), np.float64(1.0)), (2, 2, 2, 2, 2, 2), 0, 1)"
165,6,9,"(6, (2, 2, 3, 3, 3, 5))","(6, (2, 2, 3, 3, 3, 5), (np.float64(0.4), np.float64(1.0), np.float64(1.0), np.float64(1.0), np.float64(1.0), np.float64(1.0)))","(6, (2, 2, 3, 3, 3, 5), (np.float64(0.4), np.float64(1.0), np.float64(1.0), np.float64(1.0), np.float64(1.0), np.float64(1.0)), (2, 2, 3, 3, 3, 3), 0, 1)"
166,6,9,"(6, (2, 2, 3, 3, 4, 4))","(6, (2, 2, 3, 3, 4, 4), (np.float64(0.0), np.float64(0.333333333333), np.float64(0.333333333333), np.float64(0.5), np.float64(0.666666666667), np.float64(1.0)))","(6, (2, 2, 3, 3, 4, 4), (np.float64(0.0), np.float64(0.333333333333), np.float64(0.333333333333), np.float64(0.5), np.float64(0.666666666667), np.float64(1.0)), (2, 2, 2, 2, 2, 2), 0, 1)"
167,6,9,"(6, (2, 2, 3, 3, 4, 4))","(6, (2, 2, 3, 3, 4, 4), (np.float64(0.5), np.float64(0.5), np.float64(0.666666666667), np.float64(0.666666666667), np.float64(1.0), np.float64(1.0)))","(6, (2, 2, 3, 3, 4, 4), (np.float64(0.5), np.float64(0.5), np.float64(0.666666666667), np.float64(0.666666666667), np.float64(1.0), np.float64(1.0)), (2, 2, 2, 2, 2, 2), 0, 1)"
168,6,9,"(6, (2, 2, 3, 3, 4, 4))","(6, (2, 2, 3, 3, 4, 4), (np.float64(0.0), np.float64(0.333333333333), np.float64(0.333333333333), np.float64(0.5), np.float64(0.5), np.float64(1.0)))","(6, (2, 2, 3, 3, 4, 4), (np.float64(0.0), np.float64(0.333333333333), np.float64(0.333333333333), np.float64(0.5), np.float64(0.5), np.float64(1.0)), (2, 2, 2, 2, 2, 2), 0, 1)"
169,6,9,"(6, (2, 2, 3, 3, 4, 4))","(6, (2, 2, 3, 3, 4, 4), (np.float64(0.0), np.float64(0.0), np.float64(0.5), np.float64(0.5), np.float64(1.0), np.float64(1.0)))","(6, (2, 2, 3, 3, 4, 4), (np.float64(0.0), np.float64(0.0), np.float64(0.5), np.float64(0.5), np.float64(1.0), np.float64(1.0)), (2, 2, 3, 3, 3, 3), 0, 1)"
170,6,9,"(6, (2, 2, 3, 3, 4, 4))","(6, (2, 2, 3, 3, 4, 4), (np.float64(0.0), np.float64(0.0), np.float64(0.166666666667), np.float64(0.166666666667), np.float64(0.666666666667), np.float64(0.666666666667)))","(6, (2, 2, 3, 3, 4, 4), (np.float64(0.0), np.float64(0.0), np.float64(0.166666666667), np.float64(0.166666666667), np.float64(0.666666666667), np.float64(0.666666666667)), (2, 2, 2, 2, 2, 2), 0, 1)"
171,6,9,"(6, (2, 3, 3, 3, 3, 4))","(6, (2, 3, 3, 3, 3, 4), (np.float64(0.0), np.float64(0.333333333333), np.float64(0.333333333333), np.float64(0.5), np.float64(0.666666666667), np.float64(0.666666666667)))","(6, (2, 3, 3, 3, 3, 4), (np.float64(0.0), np.float64(0.333333333333), np.float64(0.333333333333), np.float64(0.5), np.float64(0.666666666667), np.float64(0.666666666667)), (2, 2, 2, 2, 2, 2), 0, 1)"
172,6,9,"(6, (2, 3, 3, 3, 3, 4))","(6, (2, 3, 3, 3, 3, 4), (np.float64(0.333333333333), np.float64(0.333333333333), np.float64(0.333333333333), np.float64(0.666666666667), np.float64(0.666666666667), np.float64(1.0)))","(6, (2, 3, 3, 3, 3, 4), (np.float64(0.333333333333), np.float64(0.333333333333), np.float64(0.333333333333), np.float64(0.666666666667), np.float64(0.666666666667), np.float64(1.0)), (2, 2, 2, 2, 2, 2), 0, 1)"
173,6,9,"(6, (2, 3, 3, 3, 3, 4))","(6, (2, 3, 3, 3, 3, 4), (np.float64(0.0), np.float64(0.0), np.float64(0.333333333333), np.float64(0.333333333333), np.float64(0.333333333333), np.float64(0.666666666667)))","(6, (2, 3, 3, 3, 3, 4), (np.float64(0.0), np.float64(0.0), np.float64(0.333333333333), np.float64(0.333333333333), np.float64(0.333333333333), np.float64(0.666666666667)), (2, 2, 2, 2, 2, 2), 0, 1)"
174,6,9,"(6, (3, 3, 3, 3, 3, 3))","(6, (3, 3, 3, 3, 3, 3), (np.float64(0.333333333333), np.float64(0.333333333333), np.float64(0.333333333333), np.float64(0.333333333333), np.float64(0.333333333333), np.float64(0.333333333333)))","(6, (3, 3, 3, 3, 3, 3), (np.float64(0.333333333333), np.float64(0.333333333333), np.float64(0.333333333333), np.float64(0.333333333333), np.float64(0.333333333333), np.float64(0.333333333333)), (3, 3, 3, 3, 3, 3), 0, 1)"
175,6,9,"(6, (3, 3, 3, 3, 3, 3))","(6, (3, 3, 3, 3, 3, 3), (np.int64(0), np.int64(0), np.int64(0), np.int64(0), np.int64(0), np.int64(0)))","(6, (3, 3, 3, 3, 3, 3), (np.int64(0), np.int64(0), np.int64(0), np.int64(0), np.int64(0), np.int64(0)), (3, 3, 3, 3, 3, 3), 0, 1)"
176,6,10,"(6, (0, 4, 4, 4, 4, 4))","(6, (0, 4, 4, 4, 4, 4), (np.float64(0.0), np.float64(1.0), np.float64(1.0), np.float64(1.0), np.float64(1.0), np.float64(1.0)))","(6, (0, 4, 4, 4, 4, 4), (np.float64(0.0), np.float64(1.0), np.float64(1.0), np.float64(1.0), np.float64(1.0), np.float64(1.0)), (0, 4, 4, 4, 4, 4), 0, 2)"
177,6,10,"(6, (1, 3, 3, 4, 4, 5))","(6, (1, 3, 3, 4, 4, 5), (np.float64(0.0), np.float64(0.5), np.float64(0.833333333333), np.float64(0.833333333333), np.float64(1.0), np.float64(1.0)))","(6, (1, 3, 3, 4, 4, 5), (np.float64(0.0), np.float64(0.5), np.float64(0.833333333333), np.float64(0.833333333333), np.float64(1.0), np.float64(1.0)), (1, 3, 3, 3, 3, 3), 1, 1)"
178,6,10,"(6, (1, 3, 4, 4, 4, 4))","(6, (1, 3, 4, 4, 4, 4), (np.float64(0.0), np.float64(0.5), np.float64(0.833333333333), np.float64(0.833333333333), np.float64(0.833333333333), np.float64(1.0)))","(6, (1, 3, 4, 4, 4, 4), (np.float64(0.0), np.float64(0.5), np.float64(0.833333333333), np.float64(0.833333333333), np.float64(0.833333333333), np.float64(1.0)), (1, 3, 3, 3, 3, 3), 1, 1)"
179,6,10,"(6, (2, 2, 3, 3, 5, 5))","(6, (2, 2, 3, 3, 5, 5), (np.float64(0.5), np.float64(0.5), np.float64(1.0), np.float64(1.0), np.float64(1.0), np.float64(1.0)))","(6, (2, 2, 3, 3, 5, 5), (np.float64(0.5), np.float64(0.5), np.float64(1.0), np.float64(1.0), np.float64(1.0), np.float64(1.0)), (2, 2, 3, 3, 3, 3), 0, 1)"
180,6,10,"(6, (2, 2, 3, 4, 4, 5))","(6, (2, 2, 3, 4, 4, 5), (np.float64(0.5), np.float64(0.666666666667), np.float64(0.666666666667), np.float64(1.0), np.float64(1.0), np.float64(1.0)))","(6, (2, 2, 3, 4, 4, 5), (np.float64(0.5), np.float64(0.666666666667), np.float64(0.666666666667), np.float64(1.0), np.float64(1.0), np.float64(1.0)), (2, 2, 3, 3, 3, 3), 0, 1)"
181,6,10,"(6, (2, 2, 4, 4, 4, 4))","(6, (2, 2, 4, 4, 4, 4), (np.float64(0.666666666667), np.float64(0.666666666667), np.float64(0.666666666667), np.float64(0.666666666667), np.float64(1.0), np.float64(1.0)))","(6, (2, 2, 4, 4, 4, 4), (np.float64(0.666666666667), np.float64(0.666666666667), np.float64(0.666666666667), np.float64(0.666666666667), np.float64(1.0), np.float64(1.0)), (2, 2, 3, 3, 3, 3), 0, 1)"
182,6,10,"(6, (2, 3, 3, 3, 4, 5))","(6, (2, 3, 3, 3, 4, 5), (np.float64(0.5), np.float64(0.5), np.float64(0.666666666667), np.float64(0.666666666667), np.float64(0.666666666667), np.float64(1.0)))","(6, (2, 3, 3, 3, 4, 5), (np.float64(0.5), np.float64(0.5), np.float64(0.666666666667), np.float64(0.666666666667), np.float64(0.666666666667), np.float64(1.0)), (2, 3, 3, 3, 3, 3), 0, 1)"
183,6,10,"(6, (2, 3, 3, 3, 4, 5))","(6, (2, 3, 3, 3, 4, 5), (np.float64(0.5), np.float64(0.666666666667), np.float64(0.666666666667), np.float64(1.0), np.float64(1.0), np.float64(1.0)))","(6, (2, 3, 3, 3, 4, 5), (np.float64(0.5), np.float64(0.666666666667), np.float64(0.666666666667), np.float64(1.0), np.float64(1.0), np.float64(1.0)), (2, 2, 3, 3, 3, 3), 0, 1)"
184,6,10,"(6, (2, 3, 3, 4, 4, 4))","(6, (2, 3, 3, 4, 4, 4), (np.float64(0.5), np.float64(0.5), np.float64(0.666666666667), np.float64(0.666666666667), np.float64(0.666666666667), np.float64(1.0)))","(6, (2, 3, 3, 4, 4, 4), (np.float64(0.5), np.float64(0.5), np.float64(0.666666666667), np.float64(0.666666666667), np.float64(0.666666666667), np.float64(1.0)), (2, 3, 3, 3, 3, 3), 0, 1)"
185,6,10,"(6, (2, 3, 3, 4, 4, 4))","(6, (2, 3, 3, 4, 4, 4), (np.float64(0.0), np.float64(0.333333333333), np.float64(0.5), np.float64(0.666666666667), np.float64(0.666666666667), np.float64(1.0)))","(6, (2, 3, 3, 4, 4, 4), (np.float64(0.0), np.float64(0.333333333333), np.float64(0.5), np.float64(0.666666666667), np.float64(0.666666666667), np.float64(1.0)), (2, 2, 3, 3, 3, 3), 0, 1)"
186,6,10,"(6, (2, 3, 3, 4, 4, 4))","(6, (2, 3, 3, 4, 4, 4), (np.float64(0.0), np.float64(0.333333333333), np.float64(0.333333333333), np.float64(0.666666666667), np.float64(0.666666666667), np.float64(0.666666666667)))","(6, (2, 3, 3, 4, 4, 4), (np.float64(0.0), np.float64(0.333333333333), np.float64(0.333333333333), np.float64(0.666666666667), np.float64(0.666666666667), np.float64(0.666666666667)), (2, 3, 3, 3, 3, 3), 0, 1)"
187,6,10,"(6, (3, 3, 3, 3, 3, 5))","(6, (3, 3, 3, 3, 3, 5), (np.float64(0.5), np.float64(0.666666666667), np.float64(0.666666666667), np.float64(0.666666666667), np.float64(0.666666666667), np.float64(0.666666666667)))","(6, (3, 3, 3, 3, 3, 5), (np.float64(0.5), np.float64(0.666666666667), np.float64(0.666666666667), np.float64(0.666666666667), np.float64(0.666666666667), np.float64(0.666666666667)), (3, 3, 3, 3, 3, 3), 0, 1)"
188,6,10,"(6, (3, 3, 3, 3, 4, 4))","(6, (3, 3, 3, 3, 4, 4), (np.float64(0.333333333333), np.float64(0.333333333333), np.float64(0.5), np.float64(0.5), np.float64(0.666666666667), np.float64(0.666666666667)))","(6, (3, 3, 3, 3, 4, 4), (np.float64(0.333333333333), np.float64(0.333333333333), np.float64(0.5), np.float64(0.5), np.float64(0.666666666667), np.float64(0.666666666667)), (3, 3, 3, 3, 3, 3), 0, 1)"
189,6,10,"(6, (3, 3, 3, 3, 4, 4))","(6, (3, 3, 3, 3, 4, 4), (np.float64(0.0), np.float64(0.333333333333), np.float64(0.333333333333), np.float64(0.333333333333), np.float64(0.5), np.float64(0.5)))","(6, (3, 3, 3, 3, 4, 4), (np.float64(0.0), np.float64(0.333333333333), np.float64(0.333333333333), np.float64(0.333333333333), np.float64(0.5), np.float64(0.5)), (3, 3, 3, 3, 3, 3), 0, 1)"
190,6,10,"(6, (3, 3, 3, 3, 4, 4))","(6, (3, 3, 3, 3, 4, 4), (np.float64(0.333333333333), np.float64(0.333333333333), np.float64(0.666666666667), np.float64(0.666666666667), np.float64(0.666666666667), np.float64(0.666666666667)))","(6, (3, 3, 3, 3, 4, 4), (np.float64(0.333333333333), np.float64(0.333333333333), np.float64(0.666666666667), np.float64(0.666666666667), np.float64(0.666666666667), np.float64(0.666666666667)), (3, 3, 3, 3, 3, 3), 0, 1)"
191,6,11,"(6, (1, 4, 4, 4, 4, 5))","(6, (1, 4, 4, 4, 4, 5), (np.float64(0.0), np.float64(0.6), np.float64(1.0), np.float64(1.0), np.float64(1.0), np.float64(1.0)))","(6, (1, 4, 4, 4, 4, 5), (np.float64(0.0), np.float64(0.6), np.float64(1.0), np.float64(1.0), np.float64(1.0), np.float64(1.0)), (1, 4, 4, 4, 4, 4), 1, 1)"
192,6,11,"(6, (2, 3, 3, 4, 5, 5))","(6, (2, 3, 3, 4, 5, 5), (np.float64(0.6), np.float64(0.6), np.float64(0.833333333333), np.float64(1.0), np.float64(1.0), np.float64(1.0)))","(6, (2, 3, 3, 4, 5, 5), (np.float64(0.6), np.float64(0.6), np.float64(0.833333333333), np.float64(1.0), np.float64(1.0), np.float64(1.0)), (2, 3, 3, 3, 3, 3), 0, 1)"
193,6,11,"(6, (2, 3, 4, 4, 4, 5))","(6, (2, 3, 4, 4, 4, 5), (np.float64(0.6), np.float64(0.666666666667), np.float64(0.833333333333), np.float64(0.833333333333), np.float64(1.0), np.float64(1.0)))","(6, (2, 3, 4, 4, 4, 5), (np.float64(0.6), np.float64(0.666666666667), np.float64(0.833333333333), np.float64(0.833333333333), np.float64(1.0), np.float64(1.0)), (2, 3, 3, 3, 3, 3), 0, 1)"
194,6,11,"(6, (2, 4, 4, 4, 4, 4))","(6, (2, 4, 4, 4, 4, 4), (np.float64(0.0), np.float64(0.5), np.float64(0.5), np.float64(0.833333333333), np.float64(0.833333333333), np.float64(0.833333333333)))","(6, (2, 4, 4, 4, 4, 4), (np.float64(0.0), np.float64(0.5), np.float64(0.5), np.float64(0.833333333333), np.float64(0.833333333333), np.float64(0.833333333333)), (2, 3, 3, 3, 3, 3), 0, 1)"
195,6,11,"(6, (3, 3, 3, 3, 5, 5))","(6, (3, 3, 3, 3, 5, 5), (np.float64(0.6), np.float64(0.6), np.float64(1.0), np.float64(1.0), np.float64(1.0), np.float64(1.0)))","(6, (3, 3, 3, 3, 5, 5), (np.float64(0.6), np.float64(0.6), np.float64(1.0), np.float64(1.0), np.float64(1.0), np.float64(1.0)), (3, 3, 3, 3, 3, 3), 0, 1)"
196,6,11,"(6, (3, 3, 3, 4, 4, 5))","(6, (3, 3, 3, 4, 4, 5), (np.float64(0.6), np.float64(0.666666666667), np.float64(0.666666666667), np.float64(0.666666666667), np.float64(0.666666666667), np.float64(1.0)))","(6, (3, 3, 3, 4, 4, 5), (np.float64(0.6), np.float64(0.666666666667), np.float64(0.666666666667), np.float64(0.666666666667), np.float64(0.666666666667), np.float64(1.0)), (3, 3, 3, 3, 3, 3), 0, 1)"
197,6,11,"(6, (3, 3, 3, 4, 4, 5))","(6, (3, 3, 3, 4, 4, 5), (np.float64(0.5), np.float64(0.5), np.float64(0.6), np.float64(0.666666666667), np.float64(0.666666666667), np.float64(0.666666666667)))","(6, (3, 3, 3, 4, 4, 5), (np.float64(0.5), np.float64(0.5), np.float64(0.6), np.float64(0.666666666667), np.float64(0.666666666667), np.float64(0.666666666667)), (3, 3, 3, 3, 3, 3), 0, 1)"
198,6,11,"(6, (3, 3, 4, 4, 4, 4))","(6, (3, 3, 4, 4, 4, 4), (np.float64(0.5), np.float64(0.5), np.float64(0.666666666667), np.float64(0.666666666667), np.float64(0.666666666667), np.float64(0.666666666667)))","(6, (3, 3, 4, 4, 4, 4), (np.float64(0.5), np.float64(0.5), np.float64(0.666666666667), np.float64(0.666666666667), np.float64(0.666666666667), np.float64(0.666666666667)), (3, 3, 3, 3, 3, 3), 0, 1)"
199,6,11,"(6, (3, 3, 4, 4, 4, 4))","(6, (3, 3, 4, 4, 4, 4), (np.float64(0.333333333333), np.float64(0.333333333333), np.float64(0.666666666667), np.float64(0.666666666667), np.float64(0.666666666667), np.float64(0.666666666667)))","(6, (3, 3, 4, 4, 4, 4), (np.float64(0.333333333333), np.float64(0.333333333333), np.float64(0.666666666667), np.float64(0.666666666667), np.float64(0.666666666667), np.float64(0.666666666667)), (3, 3, 3, 3, 3, 3), 0, 1)"
200,6,12,"(6, (2, 4, 4, 4, 5, 5))","(6, (2, 4, 4, 4, 5, 5), (np.float64(0.7), np.float64(0.7), np.float64(1.0), np.float64(1.0), np.float64(1.0), np.float64(1.0)))","(6, (2, 4, 4, 4, 5, 5), (np.float64(0.7), np.float64(0.7), np.float64(1.0), np.float64(1.0), np.float64(1.0), np.float64(1.0)), (2, 4, 4, 4, 4, 4), 0, 1)"
201,6,12,"(6, (3, 3, 3, 5, 5, 5))","(6, (3, 3, 3, 5, 5, 5), (np.float64(0.7), np.float64(0.7), np.float64(0.7), np.float64(1.0), np.float64(1.0), np.float64(1.0)))","(6, (3, 3, 3, 5, 5, 5), (np.float64(0.7), np.float64(0.7), np.float64(0.7), np.float64(1.0), np.float64(1.0), np.float64(1.0)), (3, 3, 3, 3, 3, 3), 0, 1)"
202,6,12,"(6, (3, 3, 4, 4, 5, 5))","(6, (3, 3, 4, 4, 5, 5), (np.float64(0.7), np.float64(0.7), np.float64(0.833333333333), np.float64(0.833333333333), np.float64(1.0), np.float64(1.0)))","(6, (3, 3, 4, 4, 5, 5), (np.float64(0.7), np.float64(0.7), np.float64(0.833333333333), np.float64(0.833333333333), np.float64(1.0), np.float64(1.0)), (3, 3, 3, 3, 3, 3), 0, 1)"
203,6,12,"(6, (3, 4, 4, 4, 4, 5))","(6, (3, 4, 4, 4, 4, 5), (np.float64(0.666666666667), np.float64(0.666666666667), np.float64(0.666666666667), np.float64(0.7), np.float64(0.833333333333), np.float64(0.833333333333)))","(6, (3, 4, 4, 4, 4, 5), (np.float64(0.666666666667), np.float64(0.666666666667), np.float64(0.666666666667), np.float64(0.7), np.float64(0.833333333333), np.float64(0.833333333333)), (3, 3, 3, 3, 3, 3), 0, 1)"
204,6,12,"(6, (4, 4, 4, 4, 4, 4))","(6, (4, 4, 4, 4, 4, 4), (np.float64(0.666666666667), np.float64(0.666666666667), np.float64(0.666666666667), np.float64(0.666666666667), np.float64(0.666666666667), np.float64(0.666666666667)))","(6, (4, 4, 4, 4, 4, 4), (np.float64(0.666666666667), np.float64(0.666666666667), np.float64(0.666666666667), np.float64(0.666666666667), np.float64(0.666666666667), np.float64(0.666666666667)), (4, 4, 4, 4, 4, 4), 0, 1)"
205,6,13,"(6, (3, 4, 4, 5, 5, 5))","(6, (3, 4, 4, 5, 5, 5), (np.float64(0.8), np.float64(0.8), np.float64(0.8), np.float64(1.0), np.float64(1.0), np.float64(1.0)))","(6, (3, 4, 4, 5, 5, 5), (np.float64(0.8), np.float64(0.8), np.float64(0.8), np.float64(1.0), np.float64(1.0), np.float64(1.0)), (3, 4, 4, 4, 4, 4), 0, 1)"
206,6,13,"(6, (4, 4, 4, 4, 5, 5))","(6, (4, 4, 4, 4, 5, 5), (np.float64(0.8), np.float64(0.8), np.float64(0.833333333333), np.float64(0.833333333333), np.float64(0.833333333333), np.float64(0.833333333333)))","(6, (4, 4, 4, 4, 5, 5), (np.float64(0.8), np.float64(0.8), np.float64(0.833333333333), np.float64(0.833333333333), np.float64(0.833333333333), np.float64(0.833333333333)), (4, 4, 4, 4, 4, 4), 0, 1)"
207,6,14,"(6, (4, 4, 5, 5, 5, 5))","(6, (4, 4, 5, 5, 5, 5), (np.float64(0.9), np.float64(0.9), np.float64(0.9), np.float64(0.9), np.float64(1.0), np.float64(1.0)))","(6, (4, 4, 5, 5, 5, 5), (np.float64(0.9), np.float64(0.9), np.float64(0.9), np.float64(0.9), np.float64(1.0), np.float64(1.0)), (4, 4, 4, 4, 4, 4), 0, 1)"
208,6,15,"(6, (5, 5, 5, 5, 5, 5))","(6, (5, 5, 5, 5, 5, 5), (np.float64(1.0), np.float64(1.0), np.float64(1.0), np.float64(1.0), np.float64(1.0), np.float64(1.0)))","(6, (5, 5, 5, 5, 5, 5), (np.float64(1.0), np.float64(1.0), np.float64(1.0), np.float64(1.0), np.float64(1.0), np.float64(1.0)), (5, 5, 5, 5, 5, 5), 0, 1)"
209,7,0,"(7, (0, 0, 0, 0, 0, 0, 0))","(7, (0, 0, 0, 0, 0, 0, 0), (np.int64(0), np.int64(0), np.int64(0), np.int64(0), np.int64(0), np.int64(0), np.int64(0)))","(7, (0, 0, 0, 0, 0, 0, 0), (np.int64(0), np.int64(0), np.int64(0), np.int64(0), np.int64(0), np.int64(0), np.int64(0)), (0, 0, 0, 0, 0, 0, 0), 0, 7)"
210,7,1,"(7, (0, 0, 0, 0, 0, 1, 1))","(7, (0, 0, 0, 0, 0, 1, 1), (np.int64(0), np.int64(0), np.int64(0), np.int64(0), np.int64(0), np.int64(0), np.int64(0)))","(7, (0, 0, 0, 0, 0, 1, 1), (np.int64(0), np.int64(0), np.int64(0), np.int64(0), np.int64(0), np.int64(0), np.int64(0)), (0, 0, 0, 0, 0, 1, 1), 1, 6)"
211,7,2,"(7, (0, 0, 0, 0, 1, 1, 2))","(7, (0, 0, 0, 0, 1, 1, 2), (np.int64(0), np.int64(0), np.int64(0), np.int64(0), np.int64(0), np.int64(0), np.int64(0)))","(7, (0, 0, 0, 0, 1, 1, 2), (np.int64(0), np.int64(0), np.int64(0), np.int64(0), np.int64(0), np.int64(0), np.int64(0)), (0, 0, 0, 0, 1, 1, 1), 2, 5)"
212,7,2,"(7, (0, 0, 0, 1, 1, 1, 1))","(7, (0, 0, 0, 1, 1, 1, 1), (np.int64(0), np.int64(0), np.int64(0), np.int64(0), np.int64(0), np.int64(0), np.int64(0)))","(7, (0, 0, 0, 1, 1, 1, 1), (np.int64(0), np.int64(0), np.int64(0), np.int64(0), np.int64(0), np.int64(0), np.int64(0)), (0, 0, 0, 1, 1, 1, 1), 2, 5)"
213,7,3,"(7, (0, 0, 0, 0, 2, 2, 2))","(7, (0, 0, 0, 0, 2, 2, 2), (np.float64(0.0), np.float64(0.0), np.float64(0.0), np.float64(0.0), np.float64(1.0), np.float64(1.0), np.float64(1.0)))","(7, (0, 0, 0, 0, 2, 2, 2), (np.float64(0.0), np.float64(0.0), np.float64(0.0), np.float64(0.0), np.float64(1.0), np.float64(1.0), np.float64(1.0)), (0, 0, 0, 0, 2, 2, 2), 0, 5)"
214,7,3,"(7, (0, 0, 0, 1, 1, 1, 3))","(7, (0, 0, 0, 1, 1, 1, 3), (np.int64(0), np.int64(0), np.int64(0), np.int64(0), np.int64(0), np.int64(0), np.int64(0)))","(7, (0, 0, 0, 1, 1, 1, 3), (np.int64(0), np.int64(0), np.int64(0), np.int64(0), np.int64(0), np.int64(0), np.int64(0)), (0, 0, 0, 1, 1, 1, 1), 3, 4)"
215,7,3,"(7, (0, 0, 0, 1, 1, 2, 2))","(7, (0, 0, 0, 1, 1, 2, 2), (np.int64(0), np.int64(0), np.int64(0), np.int64(0), np.int64(0), np.int64(0), np.int64(0)))","(7, (0, 0, 0, 1, 1, 2, 2), (np.int64(0), np.int64(0), np.int64(0), np.int64(0), np.int64(0), np.int64(0), np.int64(0)), (0, 0, 0, 1, 1, 1, 1), 3, 4)"
216,7,3,"(7, (0, 0, 1, 1, 1, 1, 2))","(7, (0, 0, 1, 1, 1, 1, 2), (np.int64(0), np.int64(0), np.int64(0), np.int64(0), np.int64(0), np.int64(0), np.int64(0)))","(7, (0, 0, 1, 1, 1, 1, 2), (np.int64(0), np.int64(0), np.int64(0), np.int64(0), np.int64(0), np.int64(0), np.int64(0)), (0, 0, 1, 1, 1, 1, 1), 3, 4)"
217,7,3,"(7, (0, 1, 1, 1, 1, 1, 1))","(7, (0, 1, 1, 1, 1, 1, 1), (np.int64(0), np.int64(0), np.int64(0), np.int64(0), np.int64(0), np.int64(0), np.int64(0)))","(7, (0, 1, 1, 1, 1, 1, 1), (np.int64(0), np.int64(0), np.int64(0), np.int64(0), np.int64(0), np.int64(0), np.int64(0)), (0, 1, 1, 1, 1, 1, 1), 3, 4)"
218,7,4,"(7, (0, 0, 0, 1, 2, 2, 3))","(7, (0, 0, 0, 1, 2, 2, 3), (np.float64(0.0), np.float64(0.0), np.float64(0.0), np.float64(0.0), np.float64(0.333333333333), np.float64(1.0), np.float64(1.0)))","(7, (0, 0, 0, 1, 2, 2, 3), (np.float64(0.0), np.float64(0.0), np.float64(0.0), np.float64(0.0), np.float64(0.333333333333), np.float64(1.0), np.float64(1.0)), (0, 0, 0, 1, 2, 2, 2), 1, 4)"
219,7,4,"(7, (0, 0, 0, 2, 2, 2, 2))","(7, (0, 0, 0, 2, 2, 2, 2), (np.int64(0), np.int64(0), np.int64(0), np.int64(0), np.int64(0), np.int64(0), np.int64(0)))","(7, (0, 0, 0, 2, 2, 2, 2), (np.int64(0), np.int64(0), np.int64(0), np.int64(0), np.int64(0), np.int64(0), np.int64(0)), (0, 0, 0, 2, 2, 2, 2), 0, 4)"
220,7,4,"(7, (0, 0, 1, 1, 1, 1, 4))","(7, (0, 0, 1, 1, 1, 1, 4), (np.int64(0), np.int64(0), np.int64(0), np.int64(0), np.int64(0), np.int64(0), np.int64(0)))","(7, (0, 0, 1, 1, 1, 1, 4), (np.int64(0), np.int64(0), np.int64(0), np.int64(0), np.int64(0), np.int64(0), np.int64(0)), (0, 0, 1, 1, 1, 1, 1), 4, 3)"
221,7,4,"(7, (0, 0, 1, 1, 1, 2, 3))","(7, (0, 0, 1, 1, 1, 2, 3), (np.int64(0), np.int64(0), np.int64(0), np.int64(0), np.int64(0), np.int64(0), np.int64(0)))","(7, (0, 0, 1, 1, 1, 2, 3), (np.int64(0), np.int64(0), np.int64(0), np.int64(0), np.int64(0), np.int64(0), np.int64(0)), (0, 0, 1, 1, 1, 1, 1), 4, 3)"
222,7,4,"(7, (0, 0, 1, 1, 2, 2, 2))","(7, (0, 0, 1, 1, 2, 2, 2), (np.int64(0), np.int64(0), np.int64(0), np.int64(0), np.int64(0), np.int64(0), np.int64(0)))","(7, (0, 0, 1, 1, 2, 2, 2), (np.int64(0), np.int64(0), np.int64(0), np.int64(0), np.int64(0), np.int64(0), np.int64(0)), (0, 0, 1, 1, 1, 1, 1), 4, 3)"
223,7,4,"(7, (0, 0, 1, 1, 2, 2, 2))","(7, (0, 0, 1, 1, 2, 2, 2), (np.float64(0.0), np.float64(0.0), np.float64(0.0), np.float64(0.0), np.float64(1.0), np.float64(1.0), np.float64(1.0)))","(7, (0, 0, 1, 1, 2, 2, 2), (np.float64(0.0), np.float64(0.0), np.float64(0.0), np.float64(0.0), np.float64(1.0), np.float64(1.0), np.float64(1.0)), (0, 0, 1, 1, 2, 2, 2), 1, 4)"
224,7,4,"(7, (0, 1, 1, 1, 1, 1, 3))","(7, (0, 1, 1, 1, 1, 1, 3), (np.int64(0), np.int64(0), np.int64(0), np.int64(0), np.int64(0), np.int64(0), np.int64(0)))","(7, (0, 1, 1, 1, 1, 1, 3), (np.int64(0), np.int64(0), np.int64(0), np.int64(0), np.int64(0), np.int64(0), np.int64(0)), (0, 1, 1, 1, 1, 1, 1), 4, 3)"
225,7,4,"(7, (0, 1, 1, 1, 1, 2, 2))","(7, (0, 1, 1, 1, 1, 2, 2), (np.int64(0), np.int64(0), np.int64(0), np.int64(0), np.int64(0), np.int64(0), np.int64(0)))","(7, (0, 1, 1, 1, 1, 2, 2), (np.int64(0), np.int64(0), np.int64(0), np.int64(0), np.int64(0), np.int64(0), np.int64(0)), (0, 1, 1, 1, 1, 1, 1), 4, 3)"
226,7,4,"(7, (0, 1, 1, 1, 1, 2, 2))","(7, (0, 1, 1, 1, 1, 2, 2), (np.int64(0), np.int64(0), np.int64(0), np.int64(0), np.int64(0), np.int64(0), np.int64(0)))","(7, (0, 1, 1, 1, 1, 2, 2), (np.int64(0), np.int64(0), np.int64(0), np.int64(0), np.int64(0), np.int64(0), np.int64(0)), (0, 1, 1, 1, 1, 1, 1), 4, 3)"
227,7,4,"(7, (1, 1, 1, 1, 1, 1, 2))","(7, (1, 1, 1, 1, 1, 1, 2), (np.int64(0), np.int64(0), np.int64(0), np.int64(0), np.int64(0), np.int64(0), np.int64(0)))","(7, (1, 1, 1, 1, 1, 1, 2), (np.int64(0), np.int64(0), np.int64(0), np.int64(0), np.int64(0), np.int64(0), np.int64(0)), (1, 1, 1, 1, 1, 1, 1), 4, 3)"
228,7,5,"(7, (0, 0, 0, 2, 2, 3, 3))","(7, (0, 0, 0, 2, 2, 3, 3), (np.float64(0.0), np.float64(0.0), np.float64(0.0), np.float64(0.666666666667), np.float64(0.666666666667), np.float64(1.0), np.float64(1.0)))","(7, (0, 0, 0, 2, 2, 3, 3), (np.float64(0.0), np.float64(0.0), np.float64(0.0), np.float64(0.666666666667), np.float64(0.666666666667), np.float64(1.0), np.float64(1.0)), (0, 0, 0, 2, 2, 2, 2), 0, 4)"
229,7,5,"(7, (0, 0, 1, 1, 2, 2, 4))","(7, (0, 0, 1, 1, 2, 2, 4), (np.float64(0.0), np.float64(0.0), np.float64(0.0), np.float64(0.0), np.float64(0.166666666667), np.float64(1.0), np.float64(1.0)))","(7, (0, 0, 1, 1, 2, 2, 4), (np.float64(0.0), np.float64(0.0), np.float64(0.0), np.float64(0.0), np.float64(0.166666666667), np.float64(1.0), np.float64(1.0)), (0, 0, 1, 1, 2, 2, 2), 2, 3)"
230,7,5,"(7, (0, 0, 1, 1, 2, 3, 3))","(7, (0, 0, 1, 1, 2, 3, 3), (np.float64(0.0), np.float64(0.0), np.float64(0.0), np.float64(0.0), np.float64(0.333333333333), np.float64(0.333333333333), np.float64(1.0)))","(7, (0, 0, 1, 1, 2, 3, 3), (np.float64(0.0), np.float64(0.0), np.float64(0.0), np.float64(0.0), np.float64(0.333333333333), np.float64(0.333333333333), np.float64(1.0)), (0, 0, 1, 1, 2, 2, 2), 2, 3)"
231,7,5,"(7, (0, 0, 1, 2, 2, 2, 3))","(7, (0, 0, 1, 2, 2, 2, 3), (np.float64(0.0), np.float64(0.0), np.float64(0.0), np.float64(0.0), np.float64(0.333333333333), np.float64(1.0), np.float64(1.0)))","(7, (0, 0, 1, 2, 2, 2, 3), (np.float64(0.0), np.float64(0.0), np.float64(0.0), np.float64(0.0), np.float64(0.333333333333), np.float64(1.0), np.float64(1.0)), (0, 0, 1, 1, 2, 2, 2), 2, 3)"
232,7,5,"(7, (0, 0, 1, 2, 2, 2, 3))","(7, (0, 0, 1, 2, 2, 2, 3), (np.int64(0), np.int64(0), np.int64(0), np.int64(0), np.int64(0), np.int64(0), np.int64(0)))","(7, (0, 0, 1, 2, 2, 2, 3), (np.int64(0), np.int64(0), np.int64(0), np.int64(0), np.int64(0), np.int64(0), np.int64(0)), (0, 0, 1, 2, 2, 2, 2), 1, 3)"
233,7,5,"(7, (0, 0, 2, 2, 2, 2, 2))","(7, (0, 0, 2, 2, 2, 2, 2), (np.int64(0), np.int64(0), np.int64(0), np.int64(0), np.int64(0), np.int64(0), np.int64(0)))","(7, (0, 0, 2, 2, 2, 2, 2), (np.int64(0), np.int64(0), np.int64(0), np.int64(0), np.int64(0), np.int64(0), np.int64(0)), (0, 0, 2, 2, 2, 2, 2), 0, 3)"
234,7,5,"(7, (0, 1, 1, 1, 1, 1, 5))","(7, (0, 1, 1, 1, 1, 1, 5), (np.int64(0), np.int64(0), np.int64(0), np.int64(0), np.int64(0), np.int64(0), np.int64(0)))","(7, (0, 1, 1, 1, 1, 1, 5), (np.int64(0), np.int64(0), np.int64(0), np.int64(0), np.int64(0), np.int64(0), np.int64(0)), (0, 1, 1, 1, 1, 1, 1), 5, 2)"
235,7,5,"(7, (0, 1, 1, 1, 1, 2, 4))","(7, (0, 1, 1, 1, 1, 2, 4), (np.int64(0), np.int64(0), np.int64(0), np.int64(0), np.int64(0), np.int64(0), np.int64(0)))","(7, (0, 1, 1, 1, 1, 2, 4), (np.int64(0), np.int64(0), np.int64(0), np.int64(0), np.int64(0), np.int64(0), np.int64(0)), (0, 1, 1, 1, 1, 1, 1), 5, 2)"
236,7,5,"(7, (0, 1, 1, 1, 1, 3, 3))","(7, (0, 1, 1, 1, 1, 3, 3), (np.int64(0), np.int64(0), np.int64(0), np.int64(0), np.int64(0), np.int64(0), np.int64(0)))","(7, (0, 1, 1, 1, 1, 3, 3), (np.int64(0), np.int64(0), np.int64(0), np.int64(0), np.int64(0), np.int64(0), np.int64(0)), (0, 1, 1, 1, 1, 1, 1), 5, 2)"
237,7,5,"(7, (0, 1, 1, 1, 2, 2, 3))","(7, (0, 1, 1, 1, 2, 2, 3), (np.int64(0), np.int64(0), np.int64(0), np.int64(0), np.int64(0), np.int64(0), np.int64(0)))","(7, (0, 1, 1, 1, 2, 2, 3), (np.int64(0), np.int64(0), np.int64(0), np.int64(0), np.int64(0), np.int64(0), np.int64(0)), (0, 1, 1, 1, 1, 1, 1), 5, 2)"
238,7,5,"(7, (0, 1, 1, 1, 2, 2, 3))","(7, (0, 1, 1, 1, 2, 2, 3), (np.int64(0), np.int64(0), np.int64(0), np.int64(0), np.int64(0), np.int64(0), np.int64(0)))","(7, (0, 1, 1, 1, 2, 2, 3), (np.int64(0), np.int64(0), np.int64(0), np.int64(0), np.int64(0), np.int64(0), np.int64(0)), (0, 1, 1, 1, 1, 1, 1), 5, 2)"
239,7,5,"(7, (0, 1, 1, 1, 2, 2, 3))","(7, (0, 1, 1, 1, 2, 2, 3), (np.float64(0.0), np.float64(0.0), np.float64(0.0), np.float64(0.0), np.float64(0.333333333333), np.float64(1.0), np.float64(1.0)))","(7, (0, 1, 1, 1, 2, 2, 3), (np.float64(0.0), np.float64(0.0), np.float64(0.0), np.float64(0.0), np.float64(0.333333333333), np.float64(1.0), np.float64(1.0)), (0, 1, 1, 1, 2, 2, 2), 2, 3)"
240,7,5,"(7, (0, 1, 1, 2, 2, 2, 2))","(7, (0, 1, 1, 2, 2, 2, 2), (np.int64(0), np.int64(0), np.int64(0), np.int64(0), np.int64(0), np.int64(0), np.int64(0)))","(7, (0, 1, 1, 2, 2, 2, 2), (np.int64(0), np.int64(0), np.int64(0), np.int64(0), np.int64(0), np.int64(0), np.int64(0)), (0, 1, 1, 1, 1, 1, 1), 5, 2)"
241,7,5,"(7, (0, 1, 1, 2, 2, 2, 2))","(7, (0, 1, 1, 2, 2, 2, 2), (np.float64(0.0), np.float64(0.0), np.float64(0.0), np.float64(0.0), np.float64(1.0), np.float64(1.0), np.float64(1.0)))","(7, (0, 1, 1, 2, 2, 2, 2), (np.float64(0.0), np.float64(0.0), np.float64(0.0), np.float64(0.0), np.float64(1.0), np.float64(1.0), np.float64(1.0)), (0, 1, 1, 1, 2, 2, 2), 2, 3)"
242,7,5,"(7, (0, 1, 1, 2, 2, 2, 2))","(7, (0, 1, 1, 2, 2, 2, 2), (np.int64(0), np.int64(0), np.int64(0), np.int64(0), np.int64(0), np.int64(0), np.int64(0)))","(7, (0, 1, 1, 2, 2, 2, 2), (np.int64(0), np.int64(0), np.int64(0), np.int64(0), np.int64(0), np.int64(0), np.int64(0)), (0, 1, 1, 2, 2, 2, 2), 1, 3)"
243,7,5,"(7, (1, 1, 1, 1, 1, 1, 4))","(7, (1, 1, 1, 1, 1, 1, 4), (np.int64(0), np.int64(0), np.int64(0), np.int64(0), np.int64(0), np.int64(0), np.int64(0)))","(7, (1, 1, 1, 1, 1, 1, 4), (np.int64(0), np.int64(0), np.int64(0), np.int64(0), np.int64(0), np.int64(0), np.int64(0)), (1, 1, 1, 1, 1, 1, 1), 5, 2)"
244,7,5,"(7, (1, 1, 1, 1, 1, 2, 3))","(7, (1, 1, 1, 1, 1, 2, 3), (np.int64(0), np.int64(0), np.int64(0), np.int64(0), np.int64(0), np.int64(0), np.int64(0)))","(7, (1, 1, 1, 1, 1, 2, 3), (np.int64(0), np.int64(0), np.int64(0), np.int64(0), np.int64(0), np.int64(0), np.int64(0)), (1, 1, 1, 1, 1, 1, 1), 5, 2)"
245,7,5,"(7, (1, 1, 1, 1, 1, 2, 3))","(7, (1, 1, 1, 1, 1, 2, 3), (np.int64(0), np.int64(0), np.int64(0), np.int64(0), np.int64(0), np.int64(0), np.int64(0)))","(7, (1, 1, 1, 1, 1, 2, 3), (np.int64(0), np.int64(0), np.int64(0), np.int64(0), np.int64(0), np.int64(0), np.int64(0)), (1, 1, 1, 1, 1, 1, 1), 5, 2)"
246,7,5,"(7, (1, 1, 1, 1, 2, 2, 2))","(7, (1, 1, 1, 1, 2, 2, 2), (np.int64(0), np.int64(0), np.int64(0), np.int64(0), np.int64(0), np.int64(0), np.int64(0)))","(7, (1, 1, 1, 1, 2, 2, 2), (np.int64(0), np.int64(0), np.int64(0), np.int64(0), np.int64(0), np.int64(0), np.int64(0)), (1, 1, 1, 1, 1, 1, 1), 5, 2)"
247,7,5,"(7, (1, 1, 1, 1, 2, 2, 2))","(7, (1, 1, 1, 1, 2, 2, 2), (np.int64(0), np.int64(0), np.int64(0), np.int64(0), np.int64(0), np.int64(0), np.int64(0)))","(7, (1, 1, 1, 1, 2, 2, 2), (np.int64(0), np.int64(0), np.int64(0), np.int64(0), np.int64(0), np.int64(0), np.int64(0)), (1, 1, 1, 1, 1, 1, 1), 5, 2)"
248,7,5,"(7, (1, 1, 1, 1, 2, 2, 2))","(7, (1, 1, 1, 1, 2, 2, 2), (np.float64(0.0), np.float64(0.0), np.float64(0.0), np.float64(0.0), np.float64(1.0), np.float64(1.0), np.float64(1.0)))","(7, (1, 1, 1, 1, 2, 2, 2), (np.float64(0.0), np.float64(0.0), np.float64(0.0), np.float64(0.0), np.float64(1.0), np.float64(1.0), np.float64(1.0)), (1, 1, 1, 1, 2, 2, 2), 2, 3)"
249,7,6,"(7, (0, 0, 0, 3, 3, 3, 3))","(7, (0, 0, 0, 3, 3, 3, 3), (np.float64(0.0), np.float64(0.0), np.float64(0.0), np.float64(1.0), np.float64(1.0), np.float64(1.0), np.float64(1.0)))","(7, (0, 0, 0, 3, 3, 3, 3), (np.float64(0.0), np.float64(0.0), np.float64(0.0), np.float64(1.0), np.float64(1.0), np.float64(1.0), np.float64(1.0)), (0, 0, 0, 3, 3, 3, 3), 0, 4)"
250,7,6,"(7, (0, 0, 1, 2, 2, 3, 4))","(7, (0, 0, 1, 2, 2, 3, 4), (np.float64(0.0), np.float64(0.0), np.float64(0.0), np.float64(0.333333333333), np.float64(0.666666666667), np.float64(1.0), np.float64(1.0)))","(7, (0, 0, 1, 2, 2, 3, 4), (np.float64(0.0), np.float64(0.0), np.float64(0.0), np.float64(0.333333333333), np.float64(0.666666666667), np.float64(1.0), np.float64(1.0)), (0, 0, 1, 2, 2, 2, 2), 1, 3)"
251,7,6,"(7, (0, 0, 1, 2, 3, 3, 3))","(7, (0, 0, 1, 2, 3, 3, 3), (np.float64(0.0), np.float64(0.0), np.float64(0.0), np.float64(0.333333333333), np.float64(0.666666666667), np.float64(0.666666666667), np.float64(1.0)))","(7, (0, 0, 1, 2, 3, 3, 3), (np.float64(0.0), np.float64(0.0), np.float64(0.0), np.float64(0.333333333333), np.float64(0.666666666667), np.float64(0.666666666667), np.float64(1.0)), (0, 0, 1, 2, 2, 2, 2), 1, 3)"
252,7,6,"(7, (0, 0, 2, 2, 2, 2, 4))","(7, (0, 0, 2, 2, 2, 2, 4), (np.float64(0.0), np.float64(0.0), np.float64(0.333333333333), np.float64(1.0), np.float64(1.0), np.float64(1.0), np.float64(1.0)))","(7, (0, 0, 2, 2, 2, 2, 4), (np.float64(0.0), np.float64(0.0), np.float64(0.333333333333), np.float64(1.0), np.float64(1.0), np.float64(1.0), np.float64(1.0)), (0, 0, 2, 2, 2, 2, 2), 0, 3)"
253,7,6,"(7, (0, 0, 2, 2, 2, 3, 3))","(7, (0, 0, 2, 2, 2, 3, 3), (np.float64(0.0), np.float64(0.0), np.float64(0.0), np.float64(0.0), np.float64(0.333333333333), np.float64(0.333333333333), np.float64(1.0)))","(7, (0, 0, 2, 2, 2, 3, 3), (np.float64(0.0), np.float64(0.0), np.float64(0.0), np.float64(0.0), np.float64(0.333333333333), np.float64(0.333333333333), np.float64(1.0)), (0, 0, 2, 2, 2, 2, 2), 0, 3)"
254,7,6,"(7, (0, 0, 2, 2, 2, 3, 3))","(7, (0, 0, 2, 2, 2, 3, 3), (np.int64(0), np.int64(0), np.int64(0), np.int64(0), np.int64(0), np.int64(0), np.int64(0)))","(7, (0, 0, 2, 2, 2, 3, 3), (np.int64(0), np.int64(0), np.int64(0), np.int64(0), np.int64(0), np.int64(0), np.int64(0)), (0, 0, 2, 2, 2, 2, 2), 0, 3)"
255,7,6,"(7, (0, 1, 1, 1, 2, 2, 5))","(7, (0, 1, 1, 1, 2, 2, 5), (np.float64(0.0), np.float64(0.0), np.float64(0.0), np.float64(0.0), np.float64(0.1), np.float64(1.0), np.float64(1.0)))","(7, (0, 1, 1, 1, 2, 2, 5), (np.float64(0.0), np.float64(0.0), np.float64(0.0), np.float64(0.0), np.float64(0.1), np.float64(1.0), np.float64(1.0)), (0, 1, 1, 1, 2, 2, 2), 3, 2)"
256,7,6,"(7, (0, 1, 1, 1, 2, 3, 4))","(7, (0, 1, 1, 1, 2, 3, 4), (np.float64(0.0), np.float64(0.0), np.float64(0.0), np.float64(0.0), np.float64(0.166666666667), np.float64(0.333333333333), np.float64(1.0)))","(7, (0, 1, 1, 1, 2, 3, 4), (np.float64(0.0), np.float64(0.0), np.float64(0.0), np.float64(0.0), np.float64(0.166666666667), np.float64(0.333333333333), np.float64(1.0)), (0, 1, 1, 1, 2, 2, 2), 3, 2)"
257,7,6,"(7, (0, 1, 1, 1, 3, 3, 3))","(7, (0, 1, 1, 1, 3, 3, 3), (np.float64(0.0), np.float64(0.0), np.float64(0.0), np.float64(0.0), np.float64(0.333333333333), np.float64(0.333333333333), np.float64(0.333333333333)))","(7, (0, 1, 1, 1, 3, 3, 3), (np.float64(0.0), np.float64(0.0), np.float64(0.0), np.float64(0.0), np.float64(0.333333333333), np.float64(0.333333333333), np.float64(0.333333333333)), (0, 1, 1, 1, 2, 2, 2), 3, 2)"
258,7,6,"(7, (0, 1, 1, 2, 2, 2, 4))","(7, (0, 1, 1, 2, 2, 2, 4), (np.float64(0.0), np.float64(0.0), np.float64(0.0), np.float64(0.0), np.float64(0.166666666667), np.float64(1.0), np.float64(1.0)))","(7, (0, 1, 1, 2, 2, 2, 4), (np.float64(0.0), np.float64(0.0), np.float64(0.0), np.float64(0.0), np.float64(0.166666666667), np.float64(1.0), np.float64(1.0)), (0, 1, 1, 1, 2, 2, 2), 3, 2)"
259,7,6,"(7, (0, 1, 1, 2, 2, 2, 4))","(7, (0, 1, 1, 2, 2, 2, 4), (np.int64(0), np.int64(0), np.int64(0), np.int64(0), np.int64(0), np.int64(0), np.int64(0)))","(7, (0, 1, 1, 2, 2, 2, 4), (np.int64(0), np.int64(0), np.int64(0), np.int64(0), np.int64(0), np.int64(0), np.int64(0)), (0, 1, 1, 2, 2, 2, 2), 2, 2)"
260,7,6,"(7, (0, 1, 1, 2, 2, 3, 3))","(7, (0, 1, 1, 2, 2, 3, 3), (np.float64(0.0), np.float64(0.0), np.float64(0.0), np.float64(0.0), np.float64(0.333333333333), np.float64(0.333333333333), np.float64(1.0)))","(7, (0, 1, 1, 2, 2, 3, 3), (np.float64(0.0), np.float64(0.0), np.float64(0.0), np.float64(0.0), np.float64(0.333333333333), np.float64(0.333333333333), np.float64(1.0)), (0, 1, 1, 1, 2, 2, 2), 3, 2)"
261,7,6,"(7, (0, 1, 1, 2, 2, 3, 3))","(7, (0, 1, 1, 2, 2, 3, 3), (np.int64(0), np.int64(0), np.int64(0), np.int64(0), np.int64(0), np.int64(0), np.int64(0)))","(7, (0, 1, 1, 2, 2, 3, 3), (np.int64(0), np.int64(0), np.int64(0), np.int64(0), np.int64(0), np.int64(0), np.int64(0)), (0, 1, 1, 2, 2, 2, 2), 2, 2)"
262,7,6,"(7, (0, 1, 1, 2, 2, 3, 3))","(7, (0, 1, 1, 2, 2, 3, 3), (np.float64(0.0), np.float64(0.0), np.float64(0.0), np.float64(0.0), np.float64(0.333333333333), np.float64(1.0), np.float64(1.0)))","(7, (0, 1, 1, 2, 2, 3, 3), (np.float64(0.0), np.float64(0.0), np.float64(0.0), np.float64(0.0), np.float64(0.333333333333), np.float64(1.0), np.float64(1.0)), (0, 1, 1, 1, 2, 2, 2), 3, 2)"
263,7,6,"(7, (0, 1, 1, 2, 2, 3, 3))","(7, (0, 1, 1, 2, 2, 3, 3), (np.int64(0), np.int64(0), np.int64(0), np.int64(0), np.int64(0), np.int64(0), np.int64(0)))","(7, (0, 1, 1, 2, 2, 3, 3), (np.int64(0), np.int64(0), np.int64(0), np.int64(0), np.int64(0), np.int64(0), np.int64(0)), (0, 1, 1, 2, 2, 2, 2), 2, 2)"
264,7,6,"(7, (0, 1, 1, 2, 2, 3, 3))","(7, (0, 1, 1, 2, 2, 3, 3), (np.float64(0.0), np.float64(0.0), np.float64(0.0), np.float64(0.666666666667), np.float64(0.666666666667), np.float64(1.0), np.float64(1.0)))","(7, (0, 1, 1, 2, 2, 3, 3), (np.float64(0.0), np.float64(0.0), np.float64(0.0), np.float64(0.666666666667), np.float64(0.666666666667), np.float64(1.0), np.float64(1.0)), (0, 1, 1, 2, 2, 2, 2), 1, 3)"
265,7,6,"(7, (0, 1, 2, 2, 2, 2, 3))","(7, (0, 1, 2, 2, 2, 2, 3), (np.float64(0.0), np.float64(0.0), np.float64(0.0), np.float64(0.0), np.float64(0.333333333333), np.float64(1.0), np.float64(1.0)))","(7, (0, 1, 2, 2, 2, 2, 3), (np.float64(0.0), np.float64(0.0), np.float64(0.0), np.float64(0.0), np.float64(0.333333333333), np.float64(1.0), np.float64(1.0)), (0, 1, 1, 1, 2, 2, 2), 3, 2)"
266,7,6,"(7, (0, 1, 2, 2, 2, 2, 3))","(7, (0, 1, 2, 2, 2, 2, 3), (np.int64(0), np.int64(0), np.int64(0), np.int64(0), np.int64(0), np.int64(0), np.int64(0)))","(7, (0, 1, 2, 2, 2, 2, 3), (np.int64(0), np.int64(0), np.int64(0), np.int64(0), np.int64(0), np.int64(0), np.int64(0)), (0, 1, 1, 2, 2, 2, 2), 2, 2)"
267,7,6,"(7, (0, 1, 2, 2, 2, 2, 3))","(7, (0, 1, 2, 2, 2, 2, 3), (np.int64(0), np.int64(0), np.int64(0), np.int64(0), np.int64(0), np.int64(0), np.int64(0)))","(7, (0, 1, 2, 2, 2, 2, 3), (np.int64(0), np.int64(0), np.int64(0), np.int64(0), np.int64(0), np.int64(0), np.int64(0)), (0, 1, 2, 2, 2, 2, 2), 1, 2)"
268,7,6,"(7, (0, 2, 2, 2, 2, 2, 2))","(7, (0, 2, 2, 2, 2, 2, 2), (np.int64(0), np.int64(0), np.int64(0), np.int64(0), np.int64(0), np.int64(0), np.int64(0)))","(7, (0, 2, 2, 2, 2, 2, 2), (np.int64(0), np.int64(0), np.int64(0), np.int64(0), np.int64(0), np.int64(0), np.int64(0)), (0, 2, 2, 2, 2, 2, 2), 0, 2)"
269,7,6,"(7, (0, 2, 2, 2, 2, 2, 2))","(7, (0, 2, 2, 2, 2, 2, 2), (np.float64(0.0), np.float64(1.0), np.float64(1.0), np.float64(1.0), np.float64(1.0), np.float64(1.0), np.float64(1.0)))","(7, (0, 2, 2, 2, 2, 2, 2), (np.float64(0.0), np.float64(1.0), np.float64(1.0), np.float64(1.0), np.float64(1.0), np.float64(1.0), np.float64(1.0)), (0, 2, 2, 2, 2, 2, 2), 0, 3)"
270,7,6,"(7, (1, 1, 1, 1, 1, 1, 6))","(7, (1, 1, 1, 1, 1, 1, 6), (np.int64(0), np.int64(0), np.int64(0), np.int64(0), np.int64(0), np.int64(0), np.int64(0)))","(7, (1, 1, 1, 1, 1, 1, 6), (np.int64(0), np.int64(0), np.int64(0), np.int64(0), np.int64(0), np.int64(0), np.int64(0)), (1, 1, 1, 1, 1, 1, 1), 6, 1)"
271,7,6,"(7, (1, 1, 1, 1, 1, 2, 5))","(7, (1, 1, 1, 1, 1, 2, 5), (np.int64(0), np.int64(0), np.int64(0), np.int64(0), np.int64(0), np.int64(0), np.int64(0)))","(7, (1, 1, 1, 1, 1, 2, 5), (np.int64(0), np.int64(0), np.int64(0), np.int64(0), np.int64(0), np.int64(0), np.int64(0)), (1, 1, 1, 1, 1, 1, 1), 6, 1)"
272,7,6,"(7, (1, 1, 1, 1, 1, 3, 4))","(7, (1, 1, 1, 1, 1, 3, 4), (np.int64(0), np.int64(0), np.int64(0), np.int64(0), np.int64(0), np.int64(0), np.int64(0)))","(7, (1, 1, 1, 1, 1, 3, 4), (np.int64(0), np.int64(0), np.int64(0), np.int64(0), np.int64(0), np.int64(0), np.int64(0)), (1, 1, 1, 1, 1, 1, 1), 6, 1)"
273,7,6,"(7, (1, 1, 1, 1, 2, 2, 4))","(7, (1, 1, 1, 1, 2, 2, 4), (np.int64(0), np.int64(0), np.int64(0), np.int64(0), np.int64(0), np.int64(0), np.int64(0)))","(7, (1, 1, 1, 1, 2, 2, 4), (np.int64(0), np.int64(0), np.int64(0), np.int64(0), np.int64(0), np.int64(0), np.int64(0)), (1, 1, 1, 1, 1, 1, 1), 6, 1)"
274,7,6,"(7, (1, 1, 1, 1, 2, 2, 4))","(7, (1, 1, 1, 1, 2, 2, 4), (np.int64(0), np.int64(0), np.int64(0), np.int64(0), np.int64(0), np.int64(0), np.int64(0)))","(7, (1, 1, 1, 1, 2, 2, 4), (np.int64(0), np.int64(0), np.int64(0), np.int64(0), np.int64(0), np.int64(0), np.int64(0)), (1, 1, 1, 1, 1, 1, 1), 6, 1)"
275,7,6,"(7, (1, 1, 1, 1, 2, 2, 4))","(7, (1, 1, 1, 1, 2, 2, 4), (np.float64(0.0), np.float64(0.0), np.float64(0.0), np.float64(0.0), np.float64(0.166666666667), np.float64(1.0), np.float64(1.0)))","(7, (1, 1, 1, 1, 2, 2, 4), (np.float64(0.0), np.float64(0.0), np.float64(0.0), np.float64(0.0), np.float64(0.166666666667), np.float64(1.0), np.float64(1.0)), (1, 1, 1, 1, 2, 2, 2), 3, 2)"
276,7,6,"(7, (1, 1, 1, 1, 2, 3, 3))","(7, (1, 1, 1, 1, 2, 3, 3), (np.int64(0), np.int64(0), np.int64(0), np.int64(0), np.int64(0), np.int64(0), np.int64(0)))","(7, (1, 1, 1, 1, 2, 3, 3), (np.int64(0), np.int64(0), np.int64(0), np.int64(0), np.int64(0), np.int64(0), np.int64(0)), (1, 1, 1, 1, 1, 1, 1), 6, 1)"
277,7,6,"(7, (1, 1, 1, 1, 2, 3, 3))","(7, (1, 1, 1, 1, 2, 3, 3), (np.float64(0.0), np.float64(0.0), np.float64(0.0), np.float64(0.0), np.float64(0.333333333333), np.float64(0.333333333333), np.float64(1.0)))","(7, (1, 1, 1, 1, 2, 3, 3), (np.float64(0.0), np.float64(0.0), np.float64(0.0), np.float64(0.0), np.float64(0.333333333333), np.float64(0.333333333333), np.float64(1.0)), (1, 1, 1, 1, 2, 2, 2), 3, 2)"
278,7,6,"(7, (1, 1, 1, 1, 2, 3, 3))","(7, (1, 1, 1, 1, 2, 3, 3), (np.int64(0), np.int64(0), np.int64(0), np.int64(0), np.int64(0), np.int64(0), np.int64(0)))","(7, (1, 1, 1, 1, 2, 3, 3), (np.int64(0), np.int64(0), np.int64(0), np.int64(0), np.int64(0), np.int64(0), np.int64(0)), (1, 1, 1, 1, 1, 1, 1), 6, 1)"
279,7,6,"(7, (1, 1, 1, 2, 2, 2, 3))","(7, (1, 1, 1, 2, 2, 2, 3), (np.int64(0), np.int64(0), np.int64(0), np.int64(0), np.int64(0), np.int64(0), np.int64(0)))","(7, (1, 1, 1, 2, 2, 2, 3), (np.int64(0), np.int64(0), np.int64(0), np.int64(0), np.int64(0), np.int64(0), np.int64(0)), (1, 1, 1, 1, 1, 1, 1), 6, 1)"
280,7,6,"(7, (1, 1, 1, 2, 2, 2, 3))","(7, (1, 1, 1, 2, 2, 2, 3), (np.int64(0), np.int64(0), np.int64(0), np.int64(0), np.int64(0), np.int64(0), np.int64(0)))","(7, (1, 1, 1, 2, 2, 2, 3), (np.int64(0), np.int64(0), np.int64(0), np.int64(0), np.int64(0), np.int64(0), np.int64(0)), (1, 1, 1, 1, 1, 1, 1), 6, 1)"
281,7,6,"(7, (1, 1, 1, 2, 2, 2, 3))","(7, (1, 1, 1, 2, 2, 2, 3), (np.int64(0), np.int64(0), np.int64(0), np.int64(0), np.int64(0), np.int64(0), np.int64(0)))","(7, (1, 1, 1, 2, 2, 2, 3), (np.int64(0), np.int64(0), np.int64(0), np.int64(0), np.int64(0), np.int64(0), np.int64(0)), (1, 1, 1, 2, 2, 2, 2), 2, 2)"
282,7,6,"(7, (1, 1, 1, 2, 2, 2, 3))","(7, (1, 1, 1, 2, 2, 2, 3), (np.float64(0.0), np.float64(0.0), np.float64(0.0), np.float64(0.0), np.float64(0.333333333333), np.float64(1.0), np.float64(1.0)))","(7, (1, 1, 1, 2, 2, 2, 3), (np.float64(0.0), np.float64(0.0), np.float64(0.0), np.float64(0.0), np.float64(0.333333333333), np.float64(1.0), np.float64(1.0)), (1, 1, 1, 1, 2, 2, 2), 3, 2)"
283,7,6,"(7, (1, 1, 1, 2, 2, 2, 3))","(7, (1, 1, 1, 2, 2, 2, 3), (np.float64(0.0), np.float64(0.0), np.float64(0.0), np.float64(0.0), np.float64(0.333333333333), np.float64(1.0), np.float64(1.0)))","(7, (1, 1, 1, 2, 2, 2, 3), (np.float64(0.0), np.float64(0.0), np.float64(0.0), np.float64(0.0), np.float64(0.333333333333), np.float64(1.0), np.float64(1.0)), (1, 1, 1, 1, 2, 2, 2), 3, 2)"
284,7,6,"(7, (1, 1, 1, 2, 2, 2, 3))","(7, (1, 1, 1, 2, 2, 2, 3), (np.int64(0), np.int64(0), np.int64(0), np.int64(0), np.int64(0), np.int64(0), np.int64(0)))","(7, (1, 1, 1, 2, 2, 2, 3), (np.int64(0), np.int64(0), np.int64(0), np.int64(0), np.int64(0), np.int64(0), np.int64(0)), (1, 1, 1, 1, 1, 1, 1), 6, 1)"
285,7,6,"(7, (1, 1, 1, 2, 2, 2, 3))","(7, (1, 1, 1, 2, 2, 2, 3), (np.float64(0.0), np.float64(0.0), np.float64(0.0), np.float64(0.0), np.float64(1.0), np.float64(1.0), np.float64(1.0)))","(7, (1, 1, 1, 2, 2, 2, 3), (np.float64(0.0), np.float64(0.0), np.float64(0.0), np.float64(0.0), np.float64(1.0), np.float64(1.0), np.float64(1.0)), (1, 1, 1, 1, 2, 2, 2), 3, 2)"
286,7,6,"(7, (1, 1, 2, 2, 2, 2, 2))","(7, (1, 1, 2, 2, 2, 2, 2), (np.int64(0), np.int64(0), np.int64(0), np.int64(0), np.int64(0), np.int64(0), np.int64(0)))","(7, (1, 1, 2, 2, 2, 2, 2), (np.int64(0), np.int64(0), np.int64(0), np.int64(0), np.int64(0), np.int64(0), np.int64(0)), (1, 1, 1, 1, 1, 1, 1), 6, 1)"
287,7,6,"(7, (1, 1, 2, 2, 2, 2, 2))","(7, (1, 1, 2, 2, 2, 2, 2), (np.float64(0.0), np.float64(0.0), np.float64(0.0), np.float64(0.0), np.float64(1.0), np.float64(1.0), np.float64(1.0)))","(7, (1, 1, 2, 2, 2, 2, 2), (np.float64(0.0), np.float64(0.0), np.float64(0.0), np.float64(0.0), np.float64(1.0), np.float64(1.0), np.float64(1.0)), (1, 1, 1, 1, 2, 2, 2), 3, 2)"
288,7,6,"(7, (1, 1, 2, 2, 2, 2, 2))","(7, (1, 1, 2, 2, 2, 2, 2), (np.int64(0), np.int64(0), np.int64(0), np.int64(0), np.int64(0), np.int64(0), np.int64(0)))","(7, (1, 1, 2, 2, 2, 2, 2), (np.int64(0), np.int64(0), np.int64(0), np.int64(0), np.int64(0), np.int64(0), np.int64(0)), (1, 1, 1, 2, 2, 2, 2), 2, 2)"
289,7,6,"(7, (1, 1, 2, 2, 2, 2, 2))","(7, (1, 1, 2, 2, 2, 2, 2), (np.int64(0), np.int64(0), np.int64(0), np.int64(0), np.int64(0), np.int64(0), np.int64(0)))","(7, (1, 1, 2, 2, 2, 2, 2), (np.int64(0), np.int64(0), np.int64(0), np.int64(0), np.int64(0), np.int64(0), np.int64(0)), (1, 1, 2, 2, 2, 2, 2), 1, 2)"
290,7,7,"(7, (0, 0, 1, 3, 3, 3, 4))","(7, (0, 0, 1, 3, 3, 3, 4), (np.float64(0.0), np.float64(0.0), np.float64(0.0), np.float64(0.5), np.float64(1.0), np.float64(1.0), np.float64(1.0)))","(7, (0, 0, 1, 3, 3, 3, 4), (np.float64(0.0), np.float64(0.0), np.float64(0.0), np.float64(0.5), np.float64(1.0), np.float64(1.0), np.float64(1.0)), (0, 0, 1, 3, 3, 3, 3), 1, 3)"
291,7,7,"(7, (0, 0, 2, 2, 2, 4, 4))","(7, (0, 0, 2, 2, 2, 4, 4), (np.float64(0.0), np.float64(0.0), np.float64(0.5), np.float64(0.5), np.float64(1.0), np.float64(1.0), np.float64(1.0)))","(7, (0, 0, 2, 2, 2, 4, 4), (np.float64(0.0), np.float64(0.0), np.float64(0.5), np.float64(0.5), np.float64(1.0), np.float64(1.0), np.float64(1.0)), (0, 0, 2, 2, 2, 2, 2), 0, 3)"
292,7,7,"(7, (0, 0, 2, 2, 3, 3, 4))","(7, (0, 0, 2, 2, 3, 3, 4), (np.float64(0.0), np.float64(0.0), np.float64(0.5), np.float64(0.666666666667), np.float64(0.666666666667), np.float64(1.0), np.float64(1.0)))","(7, (0, 0, 2, 2, 3, 3, 4), (np.float64(0.0), np.float64(0.0), np.float64(0.5), np.float64(0.666666666667), np.float64(0.666666666667), np.float64(1.0), np.float64(1.0)), (0, 0, 2, 2, 2, 2, 2), 0, 3)"
293,7,7,"(7, (0, 0, 2, 3, 3, 3, 3))","(7, (0, 0, 2, 3, 3, 3, 3), (np.float64(0.0), np.float64(0.0), np.float64(0.0), np.float64(0.333333333333), np.float64(0.333333333333), np.float64(0.666666666667), np.float64(0.666666666667)))","(7, (0, 0, 2, 3, 3, 3, 3), (np.float64(0.0), np.float64(0.0), np.float64(0.0), np.float64(0.333333333333), np.float64(0.333333333333), np.float64(0.666666666667), np.float64(0.666666666667)), (0, 0, 2, 2, 2, 2, 2), 0, 3)"
294,7,7,"(7, (0, 1, 1, 2, 2, 3, 5))","(7, (0, 1, 1, 2, 2, 3, 5), (np.float64(0.0), np.float64(0.0), np.float64(0.0), np.float64(0.2), np.float64(0.666666666667), np.float64(1.0), np.float64(1.0)))","(7, (0, 1, 1, 2, 2, 3, 5), (np.float64(0.0), np.float64(0.0), np.float64(0.0), np.float64(0.2), np.float64(0.666666666667), np.float64(1.0), np.float64(1.0)), (0, 1, 1, 2, 2, 2, 2), 2, 2)"
295,7,7,"(7, (0, 1, 1, 2, 2, 4, 4))","(7, (0, 1, 1, 2, 2, 4, 4), (np.float64(0.0), np.float64(0.0), np.float64(0.0), np.float64(0.333333333333), np.float64(0.333333333333), np.float64(1.0), np.float64(1.0)))","(7, (0, 1, 1, 2, 2, 4, 4), (np.float64(0.0), np.float64(0.0), np.float64(0.0), np.float64(0.333333333333), np.float64(0.333333333333), np.float64(1.0), np.float64(1.0)), (0, 1, 1, 2, 2, 2, 2), 2, 2)"
296,7,7,"(7, (0, 1, 1, 2, 3, 3, 4))","(7, (0, 1, 1, 2, 3, 3, 4), (np.float64(0.0), np.float64(0.0), np.float64(0.0), np.float64(0.333333333333), np.float64(0.333333333333), np.float64(0.666666666667), np.float64(1.0)))","(7, (0, 1, 1, 2, 3, 3, 4), (np.float64(0.0), np.float64(0.0), np.float64(0.0), np.float64(0.333333333333), np.float64(0.333333333333), np.float64(0.666666666667), np.float64(1.0)), (0, 1, 1, 2, 2, 2, 2), 2, 2)"
297,7,7,"(7, (0, 1, 1, 2, 3, 3, 4))","(7, (0, 1, 1, 2, 3, 3, 4), (np.float64(0.0), np.float64(0.0), np.float64(0.0), np.float64(0.166666666667), np.float64(0.666666666667), np.float64(0.666666666667), np.float64(1.0)))","(7, (0, 1, 1, 2, 3, 3, 4), (np.float64(0.0), np.float64(0.0), np.float64(0.0), np.float64(0.166666666667), np.float64(0.666666666667), np.float64(0.666666666667), np.float64(1.0)), (0, 1, 1, 2, 2, 2, 2), 2, 2)"
298,7,7,"(7, (0, 1, 1, 3, 3, 3, 3))","(7, (0, 1, 1, 3, 3, 3, 3), (np.float64(0.0), np.float64(0.0), np.float64(0.0), np.float64(0.333333333333), np.float64(0.333333333333), np.float64(0.666666666667), np.float64(0.666666666667)))","(7, (0, 1, 1, 3, 3, 3, 3), (np.float64(0.0), np.float64(0.0), np.float64(0.0), np.float64(0.333333333333), np.float64(0.333333333333), np.float64(0.666666666667), np.float64(0.666666666667)), (0, 1, 1, 2, 2, 2, 2), 2, 2)"
299,7,7,"(7, (0, 1, 1, 3, 3, 3, 3))","(7, (0, 1, 1, 3, 3, 3, 3), (np.float64(0.0), np.float64(0.0), np.float64(0.0), np.float64(1.0), np.float64(1.0), np.float64(1.0), np.float64(1.0)))","(7, (0, 1, 1, 3, 3, 3, 3), (np.float64(0.0), np.float64(0.0), np.float64(0.0), np.float64(1.0), np.float64(1.0), np.float64(1.0), np.float64(1.0)), (0, 1, 1, 3, 3, 3, 3), 1, 3)"
300,7,7,"(7, (0, 1, 2, 2, 2, 2, 5))","(7, (0, 1, 2, 2, 2, 2, 5), (np.float64(0.0), np.float64(0.0), np.float64(0.2), np.float64(1.0), np.float64(1.0), np.float64(1.0), np.float64(1.0)))","(7, (0, 1, 2, 2, 2, 2, 5), (np.float64(0.0), np.float64(0.0), np.float64(0.2), np.float64(1.0), np.float64(1.0), np.float64(1.0), np.float64(1.0)), (0, 1, 2, 2, 2, 2, 2), 1, 2)"
301,7,7,"(7, (0, 1, 2, 2, 2, 3, 4))","(7, (0, 1, 2, 2, 2, 3, 4), (np.float64(0.0), np.float64(0.0), np.float64(0.0), np.float64(0.0), np.float64(0.166666666667), np.float64(0.333333333333), np.float64(1.0)))","(7, (0, 1, 2, 2, 2, 3, 4), (np.float64(0.0), np.float64(0.0), np.float64(0.0), np.float64(0.0), np.float64(0.166666666667), np.float64(0.333333333333), np.float64(1.0)), (0, 1, 2, 2, 2, 2, 2), 1, 2)"
302,7,7,"(7, (0, 1, 2, 2, 2, 3, 4))","(7, (0, 1, 2, 2, 2, 3, 4), (np.float64(0.0), np.float64(0.0), np.float64(0.333333333333), np.float64(0.333333333333), np.float64(1.0), np.float64(1.0), np.float64(1.0)))","(7, (0, 1, 2, 2, 2, 3, 4), (np.float64(0.0), np.float64(0.0), np.float64(0.333333333333), np.float64(0.333333333333), np.float64(1.0), np.float64(1.0), np.float64(1.0)), (0, 1, 2, 2, 2, 2, 2), 1, 2)"
303,7,7,"(7, (0, 1, 2, 2, 2, 3, 4))","(7, (0, 1, 2, 2, 2, 3, 4), (np.float64(0.0), np.float64(0.0), np.float64(0.0), np.float64(0.333333333333), np.float64(0.666666666667), np.float64(1.0), np.float64(1.0)))","(7, (0, 1, 2, 2, 2, 3, 4), (np.float64(0.0), np.float64(0.0), np.float64(0.0), np.float64(0.333333333333), np.float64(0.666666666667), np.float64(1.0), np.float64(1.0)), (0, 1, 1, 2, 2, 2, 2), 2, 2)"
304,7,7,"(7, (0, 1, 2, 2, 2, 3, 4))","(7, (0, 1, 2, 2, 2, 3, 4), (np.int64(0), np.int64(0), np.int64(0), np.int64(0), np.int64(0), np.int64(0), np.int64(0)))","(7, (0, 1, 2, 2, 2, 3, 4), (np.int64(0), np.int64(0), np.int64(0), np.int64(0), np.int64(0), np.int64(0), np.int64(0)), (0, 1, 2, 2, 2, 2, 2), 1, 2)"
305,7,7,"(7, (0, 1, 2, 2, 3, 3, 3))","(7, (0, 1, 2, 2, 3, 3, 3), (np.float64(0.0), np.float64(0.0), np.float64(0.0), np.float64(0.0), np.float64(0.333333333333), np.float64(0.333333333333), np.float64(1.0)))","(7, (0, 1, 2, 2, 3, 3, 3), (np.float64(0.0), np.float64(0.0), np.float64(0.0), np.float64(0.0), np.float64(0.333333333333), np.float64(0.333333333333), np.float64(1.0)), (0, 1, 2, 2, 2, 2, 2), 1, 2)"
306,7,7,"(7, (0, 1, 2, 2, 3, 3, 3))","(7, (0, 1, 2, 2, 3, 3, 3), (np.float64(0.0), np.float64(0.0), np.float64(0.0), np.float64(0.0), np.float64(0.333333333333), np.float64(0.333333333333), np.float64(0.333333333333)))","(7, (0, 1, 2, 2, 3, 3, 3), (np.float64(0.0), np.float64(0.0), np.float64(0.0), np.float64(0.0), np.float64(0.333333333333), np.float64(0.333333333333), np.float64(0.333333333333)), (0, 1, 2, 2, 2, 2, 2), 1, 2)"
307,7,7,"(7, (0, 1, 2, 2, 3, 3, 3))","(7, (0, 1, 2, 2, 3, 3, 3), (np.float64(0.0), np.float64(0.0), np.float64(0.0), np.float64(0.333333333333), np.float64(0.666666666667), np.float64(0.666666666667), np.float64(1.0)))","(7, (0, 1, 2, 2, 3, 3, 3), (np.float64(0.0), np.float64(0.0), np.float64(0.0), np.float64(0.333333333333), np.float64(0.666666666667), np.float64(0.666666666667), np.float64(1.0)), (0, 1, 1, 2, 2, 2, 2), 2, 2)"
308,7,7,"(7, (0, 1, 2, 2, 3, 3, 3))","(7, (0, 1, 2, 2, 3, 3, 3), (np.int64(0), np.int64(0), np.int64(0), np.int64(0), np.int64(0), np.int64(0), np.int64(0)))","(7, (0, 1, 2, 2, 3, 3, 3), (np.int64(0), np.int64(0), np.int64(0), np.int64(0), np.int64(0), np.int64(0), np.int64(0)), (0, 1, 2, 2, 2, 2, 2), 1, 2)"
309,7,7,"(7, (0, 2, 2, 2, 2, 2, 4))","(7, (0, 2, 2, 2, 2, 2, 4), (np.float64(0.0), np.float64(0.0), np.float64(0.0), np.float64(0.0), np.float64(0.166666666667), np.float64(1.0), np.float64(1.0)))","(7, (0, 2, 2, 2, 2, 2, 4), (np.float64(0.0), np.float64(0.0), np.float64(0.0), np.float64(0.0), np.float64(0.166666666667), np.float64(1.0), np.float64(1.0)), (0, 2, 2, 2, 2, 2, 2), 0, 2)"
310,7,7,"(7, (0, 2, 2, 2, 2, 3, 3))","(7, (0, 2, 2, 2, 2, 3, 3), (np.float64(0.0), np.float64(0.0), np.float64(0.0), np.float64(0.0), np.float64(0.333333333333), np.float64(0.333333333333), np.float64(1.0)))","(7, (0, 2, 2, 2, 2, 3, 3), (np.float64(0.0), np.float64(0.0), np.float64(0.0), np.float64(0.0), np.float64(0.333333333333), np.float64(0.333333333333), np.float64(1.0)), (0, 2, 2, 2, 2, 2, 2), 0, 2)"
311,7,7,"(7, (0, 2, 2, 2, 2, 3, 3))","(7, (0, 2, 2, 2, 2, 3, 3), (np.int64(0), np.int64(0), np.int64(0), np.int64(0), np.int64(0), np.int64(0), np.int64(0)))","(7, (0, 2, 2, 2, 2, 3, 3), (np.int64(0), np.int64(0), np.int64(0), np.int64(0), np.int64(0), np.int64(0), np.int64(0)), (0, 2, 2, 2, 2, 2, 2), 0, 2)"
312,7,7,"(7, (0, 2, 2, 2, 2, 3, 3))","(7, (0, 2, 2, 2, 2, 3, 3), (np.int64(0), np.int64(0), np.int64(0), np.int64(0), np.int64(0), np.int64(0), np.int64(0)))","(7, (0, 2, 2, 2, 2, 3, 3), (np.int64(0), np.int64(0), np.int64(0), np.int64(0), np.int64(0), np.int64(0), np.int64(0)), (0, 2, 2, 2, 2, 2, 2), 0, 2)"
313,7,7,"(7, (0, 2, 2, 2, 2, 3, 3))","(7, (0, 2, 2, 2, 2, 3, 3), (np.float64(0.0), np.float64(0.333333333333), np.float64(0.333333333333), np.float64(1.0), np.float64(1.0), np.float64(1.0), np.float64(1.0)))","(7, (0, 2, 2, 2, 2, 3, 3), (np.float64(0.0), np.float64(0.333333333333), np.float64(0.333333333333), np.float64(1.0), np.float64(1.0), np.float64(1.0), np.float64(1.0)), (0, 2, 2, 2, 2, 2, 2), 1, 2)"
314,7,7,"(7, (1, 1, 1, 1, 2, 2, 6))","(7, (1, 1, 1, 1, 2, 2, 6), (np.float64(0.0), np.float64(0.0), np.float64(0.0), np.float64(0.0), np.float64(0.066666666667), np.float64(1.0), np.float64(1.0)))","(7, (1, 1, 1, 1, 2, 2, 6), (np.float64(0.0), np.float64(0.0), np.float64(0.0), np.float64(0.0), np.float64(0.066666666667), np.float64(1.0), np.float64(1.0)), (1, 1, 1, 1, 2, 2, 2), 4, 1)"
315,7,7,"(7, (1, 1, 1, 1, 2, 3, 5))","(7, (1, 1, 1, 1, 2, 3, 5), (np.float64(0.0), np.float64(0.0), np.float64(0.0), np.float64(0.0), np.float64(0.1), np.float64(0.333333333333), np.float64(1.0)))","(7, (1, 1, 1, 1, 2, 3, 5), (np.float64(0.0), np.float64(0.0), np.float64(0.0), np.float64(0.0), np.float64(0.1), np.float64(0.333333333333), np.float64(1.0)), (1, 1, 1, 1, 2, 2, 2), 4, 1)"
316,7,7,"(7, (1, 1, 1, 1, 2, 4, 4))","(7, (1, 1, 1, 1, 2, 4, 4), (np.float64(0.0), np.float64(0.0), np.float64(0.0), np.float64(0.0), np.float64(0.166666666667), np.float64(0.166666666667), np.float64(1.0)))","(7, (1, 1, 1, 1, 2, 4, 4), (np.float64(0.0), np.float64(0.0), np.float64(0.0), np.float64(0.0), np.float64(0.166666666667), np.float64(0.166666666667), np.float64(1.0)), (1, 1, 1, 1, 2, 2, 2), 4, 1)"
317,7,7,"(7, (1, 1, 1, 1, 3, 3, 4))","(7, (1, 1, 1, 1, 3, 3, 4), (np.float64(0.0), np.float64(0.0), np.float64(0.0), np.float64(0.0), np.float64(0.166666666667), np.float64(0.333333333333), np.float64(0.333333333333)))","(7, (1, 1, 1, 1, 3, 3, 4), (np.float64(0.0), np.float64(0.0), np.float64(0.0), np.float64(0.0), np.float64(0.166666666667), np.float64(0.333333333333), np.float64(0.333333333333)), (1, 1, 1, 1, 2, 2, 2), 4, 1)"
318,7,7,"(7, (1, 1, 1, 2, 2, 2, 5))","(7, (1, 1, 1, 2, 2, 2, 5), (np.float64(0.0), np.float64(0.0), np.float64(0.0), np.float64(0.0), np.float64(0.1), np.float64(1.0), np.float64(1.0)))","(7, (1, 1, 1, 2, 2, 2, 5), (np.float64(0.0), np.float64(0.0), np.float64(0.0), np.float64(0.0), np.float64(0.1), np.float64(1.0), np.float64(1.0)), (1, 1, 1, 1, 2, 2, 2), 4, 1)"
319,7,7,"(7, (1, 1, 1, 2, 2, 2, 5))","(7, (1, 1, 1, 2, 2, 2, 5), (np.int64(0), np.int64(0), np.int64(0), np.int64(0), np.int64(0), np.int64(0), np.int64(0)))","(7, (1, 1, 1, 2, 2, 2, 5), (np.int64(0), np.int64(0), np.int64(0), np.int64(0), np.int64(0), np.int64(0), np.int64(0)), (1, 1, 1, 2, 2, 2, 2), 3, 1)"
320,7,7,"(7, (1, 1, 1, 2, 2, 3, 4))","(7, (1, 1, 1, 2, 2, 3, 4), (np.float64(0.0), np.float64(0.0), np.float64(0.0), np.float64(0.0), np.float64(0.166666666667), np.float64(0.333333333333), np.float64(1.0)))","(7, (1, 1, 1, 2, 2, 3, 4), (np.float64(0.0), np.float64(0.0), np.float64(0.0), np.float64(0.0), np.float64(0.166666666667), np.float64(0.333333333333), np.float64(1.0)), (1, 1, 1, 1, 2, 2, 2), 4, 1)"
321,7,7,"(7, (1, 1, 1, 2, 2, 3, 4))","(7, (1, 1, 1, 2, 2, 3, 4), (np.float64(0.0), np.float64(0.0), np.float64(0.0), np.float64(0.0), np.float64(0.166666666667), np.float64(0.333333333333), np.float64(1.0)))","(7, (1, 1, 1, 2, 2, 3, 4), (np.float64(0.0), np.float64(0.0), np.float64(0.0), np.float64(0.0), np.float64(0.166666666667), np.float64(0.333333333333), np.float64(1.0)), (1, 1, 1, 1, 2, 2, 2), 4, 1)"
322,7,7,"(7, (1, 1, 1, 2, 2, 3, 4))","(7, (1, 1, 1, 2, 2, 3, 4), (np.int64(0), np.int64(0), np.int64(0), np.int64(0), np.int64(0), np.int64(0), np.int64(0)))","(7, (1, 1, 1, 2, 2, 3, 4), (np.int64(0), np.int64(0), np.int64(0), np.int64(0), np.int64(0), np.int64(0), np.int64(0)), (1, 1, 1, 2, 2, 2, 2), 3, 1)"
323,7,7,"(7, (1, 1, 1, 2, 2, 3, 4))","(7, (1, 1, 1, 2, 2, 3, 4), (np.float64(0.0), np.float64(0.0), np.float64(0.0), np.float64(0.333333333333), np.float64(0.666666666667), np.float64(1.0), np.float64(1.0)))","(7, (1, 1, 1, 2, 2, 3, 4), (np.float64(0.0), np.float64(0.0), np.float64(0.0), np.float64(0.333333333333), np.float64(0.666666666667), np.float64(1.0), np.float64(1.0)), (1, 1, 1, 2, 2, 2, 2), 2, 2)"
324,7,7,"(7, (1, 1, 1, 2, 2, 3, 4))","(7, (1, 1, 1, 2, 2, 3, 4), (np.float64(0.0), np.float64(0.0), np.float64(0.0), np.float64(0.0), np.float64(0.166666666667), np.float64(1.0), np.float64(1.0)))","(7, (1, 1, 1, 2, 2, 3, 4), (np.float64(0.0), np.float64(0.0), np.float64(0.0), np.float64(0.0), np.float64(0.166666666667), np.float64(1.0), np.float64(1.0)), (1, 1, 1, 1, 2, 2, 2), 4, 1)"
325,7,7,"(7, (1, 1, 1, 2, 2, 3, 4))","(7, (1, 1, 1, 2, 2, 3, 4), (np.int64(0), np.int64(0), np.int64(0), np.int64(0), np.int64(0), np.int64(0), np.int64(0)))","(7, (1, 1, 1, 2, 2, 3, 4), (np.int64(0), np.int64(0), np.int64(0), np.int64(0), np.int64(0), np.int64(0), np.int64(0)), (1, 1, 1, 2, 2, 2, 2), 3, 1)"
326,7,7,"(7, (1, 1, 1, 2, 2, 3, 4))","(7, (1, 1, 1, 2, 2, 3, 4), (np.float64(0.0), np.float64(0.0), np.float64(0.0), np.float64(0.0), np.float64(0.333333333333), np.float64(1.0), np.float64(1.0)))","(7, (1, 1, 1, 2, 2, 3, 4), (np.float64(0.0), np.float64(0.0), np.float64(0.0), np.float64(0.0), np.float64(0.333333333333), np.float64(1.0), np.float64(1.0)), (1, 1, 1, 1, 2, 2, 2), 4, 1)"
327,7,7,"(7, (1, 1, 1, 2, 3, 3, 3))","(7, (1, 1, 1, 2, 3, 3, 3), (np.int64(0), np.int64(0), np.int64(0), np.int64(0), np.int64(0), np.int64(0), np.int64(0)))","(7, (1, 1, 1, 2, 3, 3, 3), (np.int64(0), np.int64(0), np.int64(0), np.int64(0), np.int64(0), np.int64(0), np.int64(0)), (1, 1, 1, 2, 2, 2, 2), 3, 1)"
328,7,7,"(7, (1, 1, 1, 2, 3, 3, 3))","(7, (1, 1, 1, 2, 3, 3, 3), (np.float64(0.0), np.float64(0.0), np.float64(0.0), np.float64(0.0), np.float64(0.333333333333), np.float64(0.333333333333), np.float64(0.333333333333)))","(7, (1, 1, 1, 2, 3, 3, 3), (np.float64(0.0), np.float64(0.0), np.float64(0.0), np.float64(0.0), np.float64(0.333333333333), np.float64(0.333333333333), np.float64(0.333333333333)), (1, 1, 1, 1, 2, 2, 2), 4, 1)"
329,7,7,"(7, (1, 1, 1, 2, 3, 3, 3))","(7, (1, 1, 1, 2, 3, 3, 3), (np.float64(0.0), np.float64(0.0), np.float64(0.0), np.float64(0.0), np.float64(0.333333333333), np.float64(0.333333333333), np.float64(1.0)))","(7, (1, 1, 1, 2, 3, 3, 3), (np.float64(0.0), np.float64(0.0), np.float64(0.0), np.float64(0.0), np.float64(0.333333333333), np.float64(0.333333333333), np.float64(1.0)), (1, 1, 1, 1, 2, 2, 2), 4, 1)"
330,7,7,"(7, (1, 1, 1, 2, 3, 3, 3))","(7, (1, 1, 1, 2, 3, 3, 3), (np.float64(0.0), np.float64(0.0), np.float64(0.0), np.float64(0.333333333333), np.float64(0.666666666667), np.float64(0.666666666667), np.float64(1.0)))","(7, (1, 1, 1, 2, 3, 3, 3), (np.float64(0.0), np.float64(0.0), np.float64(0.0), np.float64(0.333333333333), np.float64(0.666666666667), np.float64(0.666666666667), np.float64(1.0)), (1, 1, 1, 2, 2, 2, 2), 2, 2)"
331,7,7,"(7, (1, 1, 2, 2, 2, 2, 4))","(7, (1, 1, 2, 2, 2, 2, 4), (np.float64(0.0), np.float64(0.0), np.float64(0.0), np.float64(0.0), np.float64(0.166666666667), np.float64(1.0), np.float64(1.0)))","(7, (1, 1, 2, 2, 2, 2, 4), (np.float64(0.0), np.float64(0.0), np.float64(0.0), np.float64(0.0), np.float64(0.166666666667), np.float64(1.0), np.float64(1.0)), (1, 1, 1, 1, 2, 2, 2), 4, 1)"
332,7,7,"(7, (1, 1, 2, 2, 2, 2, 4))","(7, (1, 1, 2, 2, 2, 2, 4), (np.int64(0), np.int64(0), np.int64(0), np.int64(0), np.int64(0), np.int64(0), np.int64(0)))","(7, (1, 1, 2, 2, 2, 2, 4), (np.int64(0), np.int64(0), np.int64(0), np.int64(0), np.int64(0), np.int64(0), np.int64(0)), (1, 1, 1, 2, 2, 2, 2), 3, 1)"
333,7,7,"(7, (1, 1, 2, 2, 2, 2, 4))","(7, (1, 1, 2, 2, 2, 2, 4), (np.float64(0.0), np.float64(0.0), np.float64(0.0), np.float64(0.0), np.float64(0.166666666667), np.float64(1.0), np.float64(1.0)))","(7, (1, 1, 2, 2, 2, 2, 4), (np.float64(0.0), np.float64(0.0), np.float64(0.0), np.float64(0.0), np.float64(0.166666666667), np.float64(1.0), np.float64(1.0)), (1, 1, 1, 1, 2, 2, 2), 4, 1)"
334,7,7,"(7, (1, 1, 2, 2, 2, 2, 4))","(7, (1, 1, 2, 2, 2, 2, 4), (np.int64(0), np.int64(0), np.int64(0), np.int64(0), np.int64(0), np.int64(0), np.int64(0)))","(7, (1, 1, 2, 2, 2, 2, 4), (np.int64(0), np.int64(0), np.int64(0), np.int64(0), np.int64(0), np.int64(0), np.int64(0)), (1, 1, 2, 2, 2, 2, 2), 2, 1)"
335,7,7,"(7, (1, 1, 2, 2, 2, 2, 4))","(7, (1, 1, 2, 2, 2, 2, 4), (np.float64(0.0), np.float64(0.0), np.float64(0.333333333333), np.float64(1.0), np.float64(1.0), np.float64(1.0), np.float64(1.0)))","(7, (1, 1, 2, 2, 2, 2, 4), (np.float64(0.0), np.float64(0.0), np.float64(0.333333333333), np.float64(1.0), np.float64(1.0), np.float64(1.0), np.float64(1.0)), (1, 1, 2, 2, 2, 2, 2), 1, 2)"
336,7,7,"(7, (1, 1, 2, 2, 2, 3, 3))","(7, (1, 1, 2, 2, 2, 3, 3), (np.float64(0.0), np.float64(0.0), np.float64(0.0), np.float64(0.0), np.float64(0.333333333333), np.float64(0.333333333333), np.float64(1.0)))","(7, (1, 1, 2, 2, 2, 3, 3), (np.float64(0.0), np.float64(0.0), np.float64(0.0), np.float64(0.0), np.float64(0.333333333333), np.float64(0.333333333333), np.float64(1.0)), (1, 1, 1, 1, 2, 2, 2), 4, 1)"
337,7,7,"(7, (1, 1, 2, 2, 2, 3, 3))","(7, (1, 1, 2, 2, 2, 3, 3), (np.int64(0), np.int64(0), np.int64(0), np.int64(0), np.int64(0), np.int64(0), np.int64(0)))","(7, (1, 1, 2, 2, 2, 3, 3), (np.int64(0), np.int64(0), np.int64(0), np.int64(0), np.int64(0), np.int64(0), np.int64(0)), (1, 1, 1, 2, 2, 2, 2), 3, 1)"
338,7,7,"(7, (1, 1, 2, 2, 2, 3, 3))","(7, (1, 1, 2, 2, 2, 3, 3), (np.float64(0.0), np.float64(0.0), np.float64(0.0), np.float64(0.0), np.float64(0.333333333333), np.float64(0.333333333333), np.float64(1.0)))","(7, (1, 1, 2, 2, 2, 3, 3), (np.float64(0.0), np.float64(0.0), np.float64(0.0), np.float64(0.0), np.float64(0.333333333333), np.float64(0.333333333333), np.float64(1.0)), (1, 1, 1, 1, 2, 2, 2), 4, 1)"
339,7,7,"(7, (1, 1, 2, 2, 2, 3, 3))","(7, (1, 1, 2, 2, 2, 3, 3), (np.float64(0.0), np.float64(0.0), np.float64(0.0), np.float64(0.0), np.float64(0.333333333333), np.float64(1.0), np.float64(1.0)))","(7, (1, 1, 2, 2, 2, 3, 3), (np.float64(0.0), np.float64(0.0), np.float64(0.0), np.float64(0.0), np.float64(0.333333333333), np.float64(1.0), np.float64(1.0)), (1, 1, 1, 1, 2, 2, 2), 4, 1)"
340,7,7,"(7, (1, 1, 2, 2, 2, 3, 3))","(7, (1, 1, 2, 2, 2, 3, 3), (np.int64(0), np.int64(0), np.int64(0), np.int64(0), np.int64(0), np.int64(0), np.int64(0)))","(7, (1, 1, 2, 2, 2, 3, 3), (np.int64(0), np.int64(0), np.int64(0), np.int64(0), np.int64(0), np.int64(0), np.int64(0)), (1, 1, 2, 2, 2, 2, 2), 2, 1)"
341,7,7,"(7, (1, 1, 2, 2, 2, 3, 3))","(7, (1, 1, 2, 2, 2, 3, 3), (np.int64(0), np.int64(0), np.int64(0), np.int64(0), np.int64(0), np.int64(0), np.int64(0)))","(7, (1, 1, 2, 2, 2, 3, 3), (np.int64(0), np.int64(0), np.int64(0), np.int64(0), np.int64(0), np.int64(0), np.int64(0)), (1, 1, 1, 2, 2, 2, 2), 3, 1)"
342,7,7,"(7, (1, 1, 2, 2, 2, 3, 3))","(7, (1, 1, 2, 2, 2, 3, 3), (np.int64(0), np.int64(0), np.int64(0), np.int64(0), np.int64(0), np.int64(0), np.int64(0)))","(7, (1, 1, 2, 2, 2, 3, 3), (np.int64(0), np.int64(0), np.int64(0), np.int64(0), np.int64(0), np.int64(0), np.int64(0)), (1, 1, 2, 2, 2, 2, 2), 2, 1)"
343,7,7,"(7, (1, 1, 2, 2, 2, 3, 3))","(7, (1, 1, 2, 2, 2, 3, 3), (np.float64(0.0), np.float64(0.0), np.float64(0.0), np.float64(0.0), np.float64(0.333333333333), np.float64(1.0), np.float64(1.0)))","(7, (1, 1, 2, 2, 2, 3, 3), (np.float64(0.0), np.float64(0.0), np.float64(0.0), np.float64(0.0), np.float64(0.333333333333), np.float64(1.0), np.float64(1.0)), (1, 1, 1, 1, 2, 2, 2), 4, 1)"
344,7,7,"(7, (1, 1, 2, 2, 2, 3, 3))","(7, (1, 1, 2, 2, 2, 3, 3), (np.int64(0), np.int64(0), np.int64(0), np.int64(0), np.int64(0), np.int64(0), np.int64(0)))","(7, (1, 1, 2, 2, 2, 3, 3), (np.int64(0), np.int64(0), np.int64(0), np.int64(0), np.int64(0), np.int64(0), np.int64(0)), (1, 1, 1, 2, 2, 2, 2), 3, 1)"
345,7,7,"(7, (1, 1, 2, 2, 2, 3, 3))","(7, (1, 1, 2, 2, 2, 3, 3), (np.float64(0.0), np.float64(0.0), np.float64(0.0), np.float64(0.0), np.float64(0.333333333333), np.float64(0.333333333333), np.float64(1.0)))","(7, (1, 1, 2, 2, 2, 3, 3), (np.float64(0.0), np.float64(0.0), np.float64(0.0), np.float64(0.0), np.float64(0.333333333333), np.float64(0.333333333333), np.float64(1.0)), (1, 1, 2, 2, 2, 2, 2), 1, 2)"
346,7,7,"(7, (1, 1, 2, 2, 2, 3, 3))","(7, (1, 1, 2, 2, 2, 3, 3), (np.float64(0.0), np.float64(0.0), np.float64(0.0), np.float64(0.666666666667), np.float64(0.666666666667), np.float64(1.0), np.float64(1.0)))","(7, (1, 1, 2, 2, 2, 3, 3), (np.float64(0.0), np.float64(0.0), np.float64(0.0), np.float64(0.666666666667), np.float64(0.666666666667), np.float64(1.0), np.float64(1.0)), (1, 1, 1, 2, 2, 2, 2), 2, 2)"
347,7,7,"(7, (1, 1, 2, 2, 2, 3, 3))","(7, (1, 1, 2, 2, 2, 3, 3), (np.int64(0), np.int64(0), np.int64(0), np.int64(0), np.int64(0), np.int64(0), np.int64(0)))","(7, (1, 1, 2, 2, 2, 3, 3), (np.int64(0), np.int64(0), np.int64(0), np.int64(0), np.int64(0), np.int64(0), np.int64(0)), (1, 1, 2, 2, 2, 2, 2), 1, 2)"
348,7,7,"(7, (1, 2, 2, 2, 2, 2, 3))","(7, (1, 2, 2, 2, 2, 2, 3), (np.int64(0), np.int64(0), np.int64(0), np.int64(0), np.int64(0), np.int64(0), np.int64(0)))","(7, (1, 2, 2, 2, 2, 2, 3), (np.int64(0), np.int64(0), np.int64(0), np.int64(0), np.int64(0), np.int64(0), np.int64(0)), (1, 2, 2, 2, 2, 2, 2), 1, 1)"
349,7,7,"(7, (1, 2, 2, 2, 2, 2, 3))","(7, (1, 2, 2, 2, 2, 2, 3), (np.float64(0.0), np.float64(0.0), np.float64(0.0), np.float64(0.0), np.float64(0.333333333333), np.float64(1.0), np.float64(1.0)))","(7, (1, 2, 2, 2, 2, 2, 3), (np.float64(0.0), np.float64(0.0), np.float64(0.0), np.float64(0.0), np.float64(0.333333333333), np.float64(1.0), np.float64(1.0)), (1, 1, 1, 1, 2, 2, 2), 4, 1)"
350,7,7,"(7, (1, 2, 2, 2, 2, 2, 3))","(7, (1, 2, 2, 2, 2, 2, 3), (np.int64(0), np.int64(0), np.int64(0), np.int64(0), np.int64(0), np.int64(0), np.int64(0)))","(7, (1, 2, 2, 2, 2, 2, 3), (np.int64(0), np.int64(0), np.int64(0), np.int64(0), np.int64(0), np.int64(0), np.int64(0)), (1, 1, 1, 2, 2, 2, 2), 3, 1)"
351,7,7,"(7, (1, 2, 2, 2, 2, 2, 3))","(7, (1, 2, 2, 2, 2, 2, 3), (np.int64(0), np.int64(0), np.int64(0), np.int64(0), np.int64(0), np.int64(0), np.int64(0)))","(7, (1, 2, 2, 2, 2, 2, 3), (np.int64(0), np.int64(0), np.int64(0), np.int64(0), np.int64(0), np.int64(0), np.int64(0)), (1, 1, 2, 2, 2, 2, 2), 2, 1)"
352,7,7,"(7, (1, 2, 2, 2, 2, 2, 3))","(7, (1, 2, 2, 2, 2, 2, 3), (np.float64(0.0), np.float64(0.333333333333), np.float64(1.0), np.float64(1.0), np.float64(1.0), np.float64(1.0), np.float64(1.0)))","(7, (1, 2, 2, 2, 2, 2, 3), (np.float64(0.0), np.float64(0.333333333333), np.float64(1.0), np.float64(1.0), np.float64(1.0), np.float64(1.0), np.float64(1.0)), (1, 2, 2, 2, 2, 2, 2), 1, 2)"
353,7,7,"(7, (2, 2, 2, 2, 2, 2, 2))","(7, (2, 2, 2, 2, 2, 2, 2), (np.int64(0), np.int64(0), np.int64(0), np.int64(0), np.int64(0), np.int64(0), np.int64(0)))","(7, (2, 2, 2, 2, 2, 2, 2), (np.int64(0), np.int64(0), np.int64(0), np.int64(0), np.int64(0), np.int64(0), np.int64(0)), (2, 2, 2, 2, 2, 2, 2), 0, 1)"
354,7,7,"(7, (2, 2, 2, 2, 2, 2, 2))","(7, (2, 2, 2, 2, 2, 2, 2), (np.float64(0.0), np.float64(0.0), np.float64(0.0), np.float64(0.0), np.float64(1.0), np.float64(1.0), np.float64(1.0)))","(7, (2, 2, 2, 2, 2, 2, 2), (np.float64(0.0), np.float64(0.0), np.float64(0.0), np.float64(0.0), np.float64(1.0), np.float64(1.0), np.float64(1.0)), (2, 2, 2, 2, 2, 2, 2), 0, 2)"
355,7,8,"(7, (0, 0, 2, 3, 3, 4, 4))","(7, (0, 0, 2, 3, 3, 4, 4), (np.float64(0.0), np.float64(0.0), np.float64(0.666666666667), np.float64(0.666666666667), np.float64(1.0), np.float64(1.0), np.float64(1.0)))","(7, (0, 0, 2, 3, 3, 4, 4), (np.float64(0.0), np.float64(0.0), np.float64(0.666666666667), np.float64(0.666666666667), np.float64(1.0), np.float64(1.0), np.float64(1.0)), (0, 0, 2, 3, 3, 3, 3), 0, 3)"
356,7,8,"(7, (0, 0, 3, 3, 3, 3, 4))","(7, (0, 0, 3, 3, 3, 3, 4), (np.float64(0.0), np.float64(0.0), np.float64(0.666666666667), np.float64(0.666666666667), np.float64(0.666666666667), np.float64(0.666666666667), np.float64(0.666666666667)))","(7, (0, 0, 3, 3, 3, 3, 4), (np.float64(0.0), np.float64(0.0), np.float64(0.666666666667), np.float64(0.666666666667), np.float64(0.666666666667), np.float64(0.666666666667), np.float64(0.666666666667)), (0, 0, 3, 3, 3, 3, 3), 0, 3)"
357,7,8,"(7, (0, 1, 1, 3, 3, 3, 5))","(7, (0, 1, 1, 3, 3, 3, 5), (np.float64(0.0), np.float64(0.0), np.float64(0.0), np.float64(0.3), np.float64(1.0), np.float64(1.0), np.float64(1.0)))","(7, (0, 1, 1, 3, 3, 3, 5), (np.float64(0.0), np.float64(0.0), np.float64(0.0), np.float64(0.3), np.float64(1.0), np.float64(1.0), np.float64(1.0)), (0, 1, 1, 3, 3, 3, 3), 2, 2)"
358,7,8,"(7, (0, 1, 1, 3, 3, 4, 4))","(7, (0, 1, 1, 3, 3, 4, 4), (np.float64(0.0), np.float64(0.0), np.float64(0.0), np.float64(0.5), np.float64(0.5), np.float64(1.0), np.float64(1.0)))","(7, (0, 1, 1, 3, 3, 4, 4), (np.float64(0.0), np.float64(0.0), np.float64(0.0), np.float64(0.5), np.float64(0.5), np.float64(1.0), np.float64(1.0)), (0, 1, 1, 3, 3, 3, 3), 2, 2)"
359,7,8,"(7, (0, 1, 2, 2, 2, 4, 5))","(7, (0, 1, 2, 2, 2, 4, 5), (np.float64(0.0), np.float64(0.0), np.float64(0.3), np.float64(0.5), np.float64(1.0), np.float64(1.0), np.float64(1.0)))","(7, (0, 1, 2, 2, 2, 4, 5), (np.float64(0.0), np.float64(0.0), np.float64(0.3), np.float64(0.5), np.float64(1.0), np.float64(1.0), np.float64(1.0)), (0, 1, 2, 2, 2, 2, 2), 1, 2)"
360,7,8,"(7, (0, 1, 2, 2, 3, 3, 5))","(7, (0, 1, 2, 2, 3, 3, 5), (np.float64(0.0), np.float64(0.0), np.float64(0.3), np.float64(0.666666666667), np.float64(0.666666666667), np.float64(1.0), np.float64(1.0)))","(7, (0, 1, 2, 2, 3, 3, 5), (np.float64(0.0), np.float64(0.0), np.float64(0.3), np.float64(0.666666666667), np.float64(0.666666666667), np.float64(1.0), np.float64(1.0)), (0, 1, 2, 2, 2, 2, 2), 1, 2)"
361,7,8,"(7, (0, 1, 2, 2, 3, 4, 4))","(7, (0, 1, 2, 2, 3, 4, 4), (np.float64(0.0), np.float64(0.0), np.float64(0.333333333333), np.float64(0.5), np.float64(0.666666666667), np.float64(1.0), np.float64(1.0)))","(7, (0, 1, 2, 2, 3, 4, 4), (np.float64(0.0), np.float64(0.0), np.float64(0.333333333333), np.float64(0.5), np.float64(0.666666666667), np.float64(1.0), np.float64(1.0)), (0, 1, 2, 2, 2, 2, 2), 1, 2)"
362,7,8,"(7, (0, 1, 2, 2, 3, 4, 4))","(7, (0, 1, 2, 2, 3, 4, 4), (np.float64(0.0), np.float64(0.0), np.float64(0.333333333333), np.float64(0.5), np.float64(0.5), np.float64(1.0), np.float64(1.0)))","(7, (0, 1, 2, 2, 3, 4, 4), (np.float64(0.0), np.float64(0.0), np.float64(0.333333333333), np.float64(0.5), np.float64(0.5), np.float64(1.0), np.float64(1.0)), (0, 1, 2, 2, 2, 2, 2), 1, 2)"
363,7,8,"(7, (0, 1, 2, 3, 3, 3, 4))","(7, (0, 1, 2, 3, 3, 3, 4), (np.float64(0.0), np.float64(0.0), np.float64(0.333333333333), np.float64(0.5), np.float64(0.666666666667), np.float64(0.666666666667), np.float64(1.0)))","(7, (0, 1, 2, 3, 3, 3, 4), (np.float64(0.0), np.float64(0.0), np.float64(0.333333333333), np.float64(0.5), np.float64(0.666666666667), np.float64(0.666666666667), np.float64(1.0)), (0, 1, 2, 2, 2, 2, 2), 1, 2)"
364,7,8,"(7, (0, 1, 2, 3, 3, 3, 4))","(7, (0, 1, 2, 3, 3, 3, 4), (np.float64(0.0), np.float64(0.0), np.float64(0.0), np.float64(0.333333333333), np.float64(0.333333333333), np.float64(0.333333333333), np.float64(0.666666666667)))","(7, (0, 1, 2, 3, 3, 3, 4), (np.float64(0.0), np.float64(0.0), np.float64(0.0), np.float64(0.333333333333), np.float64(0.333333333333), np.float64(0.333333333333), np.float64(0.666666666667)), (0, 1, 2, 2, 2, 2, 2), 1, 2)"
365,7,8,"(7, (0, 1, 2, 3, 3, 3, 4))","(7, (0, 1, 2, 3, 3, 3, 4), (np.float64(0.0), np.float64(0.0), np.float64(0.0), np.float64(0.166666666667), np.float64(0.333333333333), np.float64(0.666666666667), np.float64(0.666666666667)))","(7, (0, 1, 2, 3, 3, 3, 4), (np.float64(0.0), np.float64(0.0), np.float64(0.0), np.float64(0.166666666667), np.float64(0.333333333333), np.float64(0.666666666667), np.float64(0.666666666667)), (0, 1, 2, 2, 2, 2, 2), 1, 2)"
366,7,8,"(7, (0, 1, 2, 3, 3, 3, 4))","(7, (0, 1, 2, 3, 3, 3, 4), (np.float64(0.0), np.float64(0.0), np.float64(0.0), np.float64(0.5), np.float64(1.0), np.float64(1.0), np.float64(1.0)))","(7, (0, 1, 2, 3, 3, 3, 4), (np.float64(0.0), np.float64(0.0), np.float64(0.0), np.float64(0.5), np.float64(1.0), np.float64(1.0), np.float64(1.0)), (0, 1, 1, 3, 3, 3, 3), 2, 2)"
367,7,8,"(7, (0, 1, 3, 3, 3, 3, 3))","(7, (0, 1, 3, 3, 3, 3, 3), (np.float64(0.0), np.float64(0.0), np.float64(0.0), np.float64(0.333333333333), np.float64(0.333333333333), np.float64(0.666666666667), np.float64(0.666666666667)))","(7, (0, 1, 3, 3, 3, 3, 3), (np.float64(0.0), np.float64(0.0), np.float64(0.0), np.float64(0.333333333333), np.float64(0.333333333333), np.float64(0.666666666667), np.float64(0.666666666667)), (0, 1, 2, 2, 2, 2, 2), 1, 2)"
368,7,8,"(7, (0, 2, 2, 2, 2, 3, 5))","(7, (0, 2, 2, 2, 2, 3, 5), (np.float64(0.0), np.float64(0.3), np.float64(0.666666666667), np.float64(1.0), np.float64(1.0), np.float64(1.0), np.float64(1.0)))","(7, (0, 2, 2, 2, 2, 3, 5), (np.float64(0.0), np.float64(0.3), np.float64(0.666666666667), np.float64(1.0), np.float64(1.0), np.float64(1.0), np.float64(1.0)), (0, 2, 2, 2, 2, 2, 2), 0, 2)"
369,7,8,"(7, (0, 2, 2, 2, 2, 4, 4))","(7, (0, 2, 2, 2, 2, 4, 4), (np.float64(0.0), np.float64(0.0), np.float64(0.0), np.float64(0.333333333333), np.float64(0.333333333333), np.float64(1.0), np.float64(1.0)))","(7, (0, 2, 2, 2, 2, 4, 4), (np.float64(0.0), np.float64(0.0), np.float64(0.0), np.float64(0.333333333333), np.float64(0.333333333333), np.float64(1.0), np.float64(1.0)), (0, 2, 2, 2, 2, 2, 2), 0, 2)"
370,7,8,"(7, (0, 2, 2, 2, 2, 4, 4))","(7, (0, 2, 2, 2, 2, 4, 4), (np.int64(0), np.int64(0), np.int64(0), np.int64(0), np.int64(0), np.int64(0), np.int64(0)))","(7, (0, 2, 2, 2, 2, 4, 4), (np.int64(0), np.int64(0), np.int64(0), np.int64(0), np.int64(0), np.int64(0), np.int64(0)), (0, 2, 2, 2, 2, 2, 2), 0, 2)"
371,7,8,"(7, (0, 2, 2, 2, 3, 3, 4))","(7, (0, 2, 2, 2, 3, 3, 4), (np.float64(0.0), np.float64(0.0), np.float64(0.0), np.float64(0.333333333333), np.float64(0.333333333333), np.float64(0.666666666667), np.float64(1.0)))","(7, (0, 2, 2, 2, 3, 3, 4), (np.float64(0.0), np.float64(0.0), np.float64(0.0), np.float64(0.333333333333), np.float64(0.333333333333), np.float64(0.666666666667), np.float64(1.0)), (0, 2, 2, 2, 2, 2, 2), 0, 2)"
372,7,8,"(7, (0, 2, 2, 2, 3, 3, 4))","(7, (0, 2, 2, 2, 3, 3, 4), (np.float64(0.0), np.float64(0.0), np.float64(0.333333333333), np.float64(0.333333333333), np.float64(0.333333333333), np.float64(1.0), np.float64(1.0)))","(7, (0, 2, 2, 2, 3, 3, 4), (np.float64(0.0), np.float64(0.0), np.float64(0.333333333333), np.float64(0.333333333333), np.float64(0.333333333333), np.float64(1.0), np.float64(1.0)), (0, 2, 2, 2, 2, 2, 2), 0, 2)"
373,7,8,"(7, (0, 2, 2, 2, 3, 3, 4))","(7, (0, 2, 2, 2, 3, 3, 4), (np.float64(0.0), np.float64(0.0), np.float64(0.0), np.float64(0.0), np.float64(0.166666666667), np.float64(0.333333333333), np.float64(1.0)))","(7, (0, 2, 2, 2, 3, 3, 4), (np.float64(0.0), np.float64(0.0), np.float64(0.0), np.float64(0.0), np.float64(0.166666666667), np.float64(0.333333333333), np.float64(1.0)), (0, 2, 2, 2, 2, 2, 2), 0, 2)"
374,7,8,"(7, (0, 2, 2, 2, 3, 3, 4))","(7, (0, 2, 2, 2, 3, 3, 4), (np.float64(0.0), np.float64(0.333333333333), np.float64(0.666666666667), np.float64(0.666666666667), np.float64(1.0), np.float64(1.0), np.float64(1.0)))","(7, (0, 2, 2, 2, 3, 3, 4), (np.float64(0.0), np.float64(0.333333333333), np.float64(0.666666666667), np.float64(0.666666666667), np.float64(1.0), np.float64(1.0), np.float64(1.0)), (0, 2, 2, 2, 2, 2, 2), 0, 2)"
375,7,8,"(7, (0, 2, 2, 3, 3, 3, 3))","(7, (0, 2, 2, 3, 3, 3, 3), (np.float64(0.0), np.float64(0.0), np.float64(0.0), np.float64(0.0), np.float64(0.333333333333), np.float64(0.333333333333), np.float64(0.333333333333)))","(7, (0, 2, 2, 3, 3, 3, 3), (np.float64(0.0), np.float64(0.0), np.float64(0.0), np.float64(0.0), np.float64(0.333333333333), np.float64(0.333333333333), np.float64(0.333333333333)), (0, 2, 2, 2, 2, 2, 2), 0, 2)"
376,7,8,"(7, (0, 2, 2, 3, 3, 3, 3))","(7, (0, 2, 2, 3, 3, 3, 3), (np.float64(0.0), np.float64(0.0), np.float64(0.0), np.float64(0.333333333333), np.float64(0.333333333333), np.float64(0.666666666667), np.float64(0.666666666667)))","(7, (0, 2, 2, 3, 3, 3, 3), (np.float64(0.0), np.float64(0.0), np.float64(0.0), np.float64(0.333333333333), np.float64(0.333333333333), np.float64(0.666666666667), np.float64(0.666666666667)), (0, 2, 2, 2, 2, 2, 2), 0, 2)"
377,7,8,"(7, (0, 2, 2, 3, 3, 3, 3))","(7, (0, 2, 2, 3, 3, 3, 3), (np.float64(0.0), np.float64(0.333333333333), np.float64(0.333333333333), np.float64(0.333333333333), np.float64(0.333333333333), np.float64(1.0), np.float64(1.0)))","(7, (0, 2, 2, 3, 3, 3, 3), (np.float64(0.0), np.float64(0.333333333333), np.float64(0.333333333333), np.float64(0.333333333333), np.float64(0.333333333333), np.float64(1.0), np.float64(1.0)), (0, 2, 2, 2, 2, 2, 2), 0, 2)"
378,7,8,"(7, (0, 2, 2, 3, 3, 3, 3))","(7, (0, 2, 2, 3, 3, 3, 3), (np.int64(0), np.int64(0), np.int64(0), np.int64(0), np.int64(0), np.int64(0), np.int64(0)))","(7, (0, 2, 2, 3, 3, 3, 3), (np.int64(0), np.int64(0), np.int64(0), np.int64(0), np.int64(0), np.int64(0), np.int64(0)), (0, 2, 2, 2, 2, 2, 2), 0, 2)"
379,7,8,"(7, (1, 1, 1, 2, 2, 3, 6))","(7, (1, 1, 1, 2, 2, 3, 6), (np.float64(0.0), np.float64(0.0), np.float64(0.0), np.float64(0.133333333333), np.float64(0.666666666667), np.float64(1.0), np.float64(1.0)))","(7, (1, 1, 1, 2, 2, 3, 6), (np.float64(0.0), np.float64(0.0), np.float64(0.0), np.float64(0.133333333333), np.float64(0.666666666667), np.float64(1.0), np.float64(1.0)), (1, 1, 1, 2, 2, 2, 2), 3, 1)"
380,7,8,"(7, (1, 1, 1, 2, 2, 4, 5))","(7, (1, 1, 1, 2, 2, 4, 5), (np.float64(0.0), np.float64(0.0), np.float64(0.0), np.float64(0.2), np.float64(0.333333333333), np.float64(1.0), np.float64(1.0)))","(7, (1, 1, 1, 2, 2, 4, 5), (np.float64(0.0), np.float64(0.0), np.float64(0.0), np.float64(0.2), np.float64(0.333333333333), np.float64(1.0), np.float64(1.0)), (1, 1, 1, 2, 2, 2, 2), 3, 1)"
381,7,8,"(7, (1, 1, 1, 2, 3, 3, 5))","(7, (1, 1, 1, 2, 3, 3, 5), (np.float64(0.0), np.float64(0.0), np.float64(0.0), np.float64(0.2), np.float64(0.333333333333), np.float64(0.666666666667), np.float64(1.0)))","(7, (1, 1, 1, 2, 3, 3, 5), (np.float64(0.0), np.float64(0.0), np.float64(0.0), np.float64(0.2), np.float64(0.333333333333), np.float64(0.666666666667), np.float64(1.0)), (1, 1, 1, 2, 2, 2, 2), 3, 1)"
382,7,8,"(7, (1, 1, 1, 2, 3, 3, 5))","(7, (1, 1, 1, 2, 3, 3, 5), (np.float64(0.0), np.float64(0.0), np.float64(0.0), np.float64(0.1), np.float64(0.666666666667), np.float64(0.666666666667), np.float64(1.0)))","(7, (1, 1, 1, 2, 3, 3, 5), (np.float64(0.0), np.float64(0.0), np.float64(0.0), np.float64(0.1), np.float64(0.666666666667), np.float64(0.666666666667), np.float64(1.0)), (1, 1, 1, 2, 2, 2, 2), 3, 1)"
383,7,8,"(7, (1, 1, 1, 2, 3, 4, 4))","(7, (1, 1, 1, 2, 3, 4, 4), (np.float64(0.0), np.float64(0.0), np.float64(0.0), np.float64(0.333333333333), np.float64(0.333333333333), np.float64(0.333333333333), np.float64(1.0)))","(7, (1, 1, 1, 2, 3, 4, 4), (np.float64(0.0), np.float64(0.0), np.float64(0.0), np.float64(0.333333333333), np.float64(0.333333333333), np.float64(0.333333333333), np.float64(1.0)), (1, 1, 1, 2, 2, 2, 2), 3, 1)"
384,7,8,"(7, (1, 1, 1, 2, 3, 4, 4))","(7, (1, 1, 1, 2, 3, 4, 4), (np.float64(0.0), np.float64(0.0), np.float64(0.0), np.float64(0.166666666667), np.float64(0.333333333333), np.float64(0.666666666667), np.float64(1.0)))","(7, (1, 1, 1, 2, 3, 4, 4), (np.float64(0.0), np.float64(0.0), np.float64(0.0), np.float64(0.166666666667), np.float64(0.333333333333), np.float64(0.666666666667), np.float64(1.0)), (1, 1, 1, 2, 2, 2, 2), 3, 1)"
385,7,8,"(7, (1, 1, 1, 3, 3, 3, 4))","(7, (1, 1, 1, 3, 3, 3, 4), (np.float64(0.0), np.float64(0.0), np.float64(0.0), np.float64(0.333333333333), np.float64(0.333333333333), np.float64(0.333333333333), np.float64(0.666666666667)))","(7, (1, 1, 1, 3, 3, 3, 4), (np.float64(0.0), np.float64(0.0), np.float64(0.0), np.float64(0.333333333333), np.float64(0.333333333333), np.float64(0.333333333333), np.float64(0.666666666667)), (1, 1, 1, 2, 2, 2, 2), 3, 1)"
386,7,8,"(7, (1, 1, 1, 3, 3, 3, 4))","(7, (1, 1, 1, 3, 3, 3, 4), (np.float64(0.0), np.float64(0.0), np.float64(0.0), np.float64(0.166666666667), np.float64(0.333333333333), np.float64(0.666666666667), np.float64(0.666666666667)))","(7, (1, 1, 1, 3, 3, 3, 4), (np.float64(0.0), np.float64(0.0), np.float64(0.0), np.float64(0.166666666667), np.float64(0.333333333333), np.float64(0.666666666667), np.float64(0.666666666667)), (1, 1, 1, 2, 2, 2, 2), 3, 1)"
387,7,8,"(7, (1, 1, 1, 3, 3, 3, 4))","(7, (1, 1, 1, 3, 3, 3, 4), (np.float64(0.0), np.float64(0.0), np.float64(0.0), np.float64(0.5), np.float64(1.0), np.float64(1.0), np.float64(1.0)))","(7, (1, 1, 1, 3, 3, 3, 4), (np.float64(0.0), np.float64(0.0), np.float64(0.0), np.float64(0.5), np.float64(1.0), np.float64(1.0), np.float64(1.0)), (1, 1, 1, 3, 3, 3, 3), 2, 2)"
388,7,8,"(7, (1, 1, 2, 2, 2, 2, 6))","(7, (1, 1, 2, 2, 2, 2, 6), (np.float64(0.0), np.float64(0.0), np.float64(0.133333333333), np.float64(1.0), np.float64(1.0), np.float64(1.0), np.float64(1.0)))","(7, (1, 1, 2, 2, 2, 2, 6), (np.float64(0.0), np.float64(0.0), np.float64(0.133333333333), np.float64(1.0), np.float64(1.0), np.float64(1.0), np.float64(1.0)), (1, 1, 2, 2, 2, 2, 2), 2, 1)"
389,7,8,"(7, (1, 1, 2, 2, 2, 3, 5))","(7, (1, 1, 2, 2, 2, 3, 5), (np.float64(0.0), np.float64(0.0), np.float64(0.2), np.float64(0.333333333333), np.float64(1.0), np.float64(1.0), np.float64(1.0)))","(7, (1, 1, 2, 2, 2, 3, 5), (np.float64(0.0), np.float64(0.0), np.float64(0.2), np.float64(0.333333333333), np.float64(1.0), np.float64(1.0), np.float64(1.0)), (1, 1, 2, 2, 2, 2, 2), 2, 1)"
390,7,8,"(7, (1, 1, 2, 2, 2, 3, 5))","(7, (1, 1, 2, 2, 2, 3, 5), (np.float64(0.0), np.float64(0.0), np.float64(0.0), np.float64(0.0), np.float64(0.1), np.float64(0.333333333333), np.float64(1.0)))","(7, (1, 1, 2, 2, 2, 3, 5), (np.float64(0.0), np.float64(0.0), np.float64(0.0), np.float64(0.0), np.float64(0.1), np.float64(0.333333333333), np.float64(1.0)), (1, 1, 2, 2, 2, 2, 2), 2, 1)"
391,7,8,"(7, (1, 1, 2, 2, 2, 3, 5))","(7, (1, 1, 2, 2, 2, 3, 5), (np.float64(0.0), np.float64(0.0), np.float64(0.0), np.float64(0.2), np.float64(0.666666666667), np.float64(1.0), np.float64(1.0)))","(7, (1, 1, 2, 2, 2, 3, 5), (np.float64(0.0), np.float64(0.0), np.float64(0.0), np.float64(0.2), np.float64(0.666666666667), np.float64(1.0), np.float64(1.0)), (1, 1, 1, 2, 2, 2, 2), 3, 1)"
392,7,8,"(7, (1, 1, 2, 2, 2, 3, 5))","(7, (1, 1, 2, 2, 2, 3, 5), (np.int64(0), np.int64(0), np.int64(0), np.int64(0), np.int64(0), np.int64(0), np.int64(0)))","(7, (1, 1, 2, 2, 2, 3, 5), (np.int64(0), np.int64(0), np.int64(0), np.int64(0), np.int64(0), np.int64(0), np.int64(0)), (1, 1, 2, 2, 2, 2, 2), 2, 1)"
393,7,8,"(7, (1, 1, 2, 2, 2, 4, 4))","(7, (1, 1, 2, 2, 2, 4, 4), (np.float64(0.0), np.float64(0.0), np.float64(0.0), np.float64(0.0), np.float64(0.166666666667), np.float64(0.166666666667), np.float64(1.0)))","(7, (1, 1, 2, 2, 2, 4, 4), (np.float64(0.0), np.float64(0.0), np.float64(0.0), np.float64(0.0), np.float64(0.166666666667), np.float64(0.166666666667), np.float64(1.0)), (1, 1, 2, 2, 2, 2, 2), 2, 1)"
394,7,8,"(7, (1, 1, 2, 2, 2, 4, 4))","(7, (1, 1, 2, 2, 2, 4, 4), (np.float64(0.0), np.float64(0.0), np.float64(0.0), np.float64(0.333333333333), np.float64(0.333333333333), np.float64(1.0), np.float64(1.0)))","(7, (1, 1, 2, 2, 2, 4, 4), (np.float64(0.0), np.float64(0.0), np.float64(0.0), np.float64(0.333333333333), np.float64(0.333333333333), np.float64(1.0), np.float64(1.0)), (1, 1, 1, 2, 2, 2, 2), 3, 1)"
395,7,8,"(7, (1, 1, 2, 2, 2, 4, 4))","(7, (1, 1, 2, 2, 2, 4, 4), (np.float64(0.0), np.float64(0.0), np.float64(0.166666666667), np.float64(0.333333333333), np.float64(1.0), np.float64(1.0), np.float64(1.0)))","(7, (1, 1, 2, 2, 2, 4, 4), (np.float64(0.0), np.float64(0.0), np.float64(0.166666666667), np.float64(0.333333333333), np.float64(1.0), np.float64(1.0), np.float64(1.0)), (1, 1, 2, 2, 2, 2, 2), 2, 1)"
396,7,8,"(7, (1, 1, 2, 2, 2, 4, 4))","(7, (1, 1, 2, 2, 2, 4, 4), (np.int64(0), np.int64(0), np.int64(0), np.int64(0), np.int64(0), np.int64(0), np.int64(0)))","(7, (1, 1, 2, 2, 2, 4, 4), (np.int64(0), np.int64(0), np.int64(0), np.int64(0), np.int64(0), np.int64(0), np.int64(0)), (1, 1, 2, 2, 2, 2, 2), 2, 1)"
397,7,8,"(7, (1, 1, 2, 2, 2, 4, 4))","(7, (1, 1, 2, 2, 2, 4, 4), (np.float64(0.0), np.float64(0.0), np.float64(0.5), np.float64(0.5), np.float64(1.0), np.float64(1.0), np.float64(1.0)))","(7, (1, 1, 2, 2, 2, 4, 4), (np.float64(0.0), np.float64(0.0), np.float64(0.5), np.float64(0.5), np.float64(1.0), np.float64(1.0), np.float64(1.0)), (1, 1, 2, 2, 2, 2, 2), 1, 2)"
398,7,8,"(7, (1, 1, 2, 2, 3, 3, 4))","(7, (1, 1, 2, 2, 3, 3, 4), (np.float64(0.0), np.float64(0.0), np.float64(0.0), np.float64(0.0), np.float64(0.166666666667), np.float64(0.333333333333), np.float64(0.333333333333)))","(7, (1, 1, 2, 2, 3, 3, 4), (np.float64(0.0), np.float64(0.0), np.float64(0.0), np.float64(0.0), np.float64(0.166666666667), np.float64(0.333333333333), np.float64(0.333333333333)), (1, 1, 2, 2, 2, 2, 2), 2, 1)"
399,7,8,"(7, (1, 1, 2, 2, 3, 3, 4))","(7, (1, 1, 2, 2, 3, 3, 4), (np.float64(0.0), np.float64(0.0), np.float64(0.0), np.float64(0.333333333333), np.float64(0.333333333333), np.float64(0.666666666667), np.float64(1.0)))","(7, (1, 1, 2, 2, 3, 3, 4), (np.float64(0.0), np.float64(0.0), np.float64(0.0), np.float64(0.333333333333), np.float64(0.333333333333), np.float64(0.666666666667), np.float64(1.0)), (1, 1, 1, 2, 2, 2, 2), 3, 1)"
400,7,8,"(7, (1, 1, 2, 2, 3, 3, 4))","(7, (1, 1, 2, 2, 3, 3, 4), (np.float64(0.0), np.float64(0.0), np.float64(0.0), np.float64(0.333333333333), np.float64(0.333333333333), np.float64(0.666666666667), np.float64(1.0)))","(7, (1, 1, 2, 2, 3, 3, 4), (np.float64(0.0), np.float64(0.0), np.float64(0.0), np.float64(0.333333333333), np.float64(0.333333333333), np.float64(0.666666666667), np.float64(1.0)), (1, 1, 1, 2, 2, 2, 2), 3, 1)"
401,7,8,"(7, (1, 1, 2, 2, 3, 3, 4))","(7, (1, 1, 2, 2, 3, 3, 4), (np.float64(0.0), np.float64(0.0), np.float64(0.0), np.float64(0.0), np.float64(0.166666666667), np.float64(0.333333333333), np.float64(1.0)))","(7, (1, 1, 2, 2, 3, 3, 4), (np.float64(0.0), np.float64(0.0), np.float64(0.0), np.float64(0.0), np.float64(0.166666666667), np.float64(0.333333333333), np.float64(1.0)), (1, 1, 2, 2, 2, 2, 2), 2, 1)"
402,7,8,"(7, (1, 1, 2, 2, 3, 3, 4))","(7, (1, 1, 2, 2, 3, 3, 4), (np.float64(0.0), np.float64(0.0), np.float64(0.0), np.float64(0.0), np.float64(0.166666666667), np.float64(0.333333333333), np.float64(1.0)))","(7, (1, 1, 2, 2, 3, 3, 4), (np.float64(0.0), np.float64(0.0), np.float64(0.0), np.float64(0.0), np.float64(0.166666666667), np.float64(0.333333333333), np.float64(1.0)), (1, 1, 2, 2, 2, 2, 2), 2, 1)"
403,7,8,"(7, (1, 1, 2, 2, 3, 3, 4))","(7, (1, 1, 2, 2, 3, 3, 4), (np.float64(0.0), np.float64(0.0), np.float64(0.0), np.float64(0.166666666667), np.float64(0.666666666667), np.float64(0.666666666667), np.float64(1.0)))","(7, (1, 1, 2, 2, 3, 3, 4), (np.float64(0.0), np.float64(0.0), np.float64(0.0), np.float64(0.166666666667), np.float64(0.666666666667), np.float64(0.666666666667), np.float64(1.0)), (1, 1, 1, 2, 2, 2, 2), 3, 1)"
404,7,8,"(7, (1, 1, 2, 2, 3, 3, 4))","(7, (1, 1, 2, 2, 3, 3, 4), (np.float64(0.0), np.float64(0.0), np.float64(0.333333333333), np.float64(0.333333333333), np.float64(0.333333333333), np.float64(1.0), np.float64(1.0)))","(7, (1, 1, 2, 2, 3, 3, 4), (np.float64(0.0), np.float64(0.0), np.float64(0.333333333333), np.float64(0.333333333333), np.float64(0.333333333333), np.float64(1.0), np.float64(1.0)), (1, 1, 2, 2, 2, 2, 2), 2, 1)"
405,7,8,"(7, (1, 1, 2, 2, 3, 3, 4))","(7, (1, 1, 2, 2, 3, 3, 4), (np.int64(0), np.int64(0), np.int64(0), np.int64(0), np.int64(0), np.int64(0), np.int64(0)))","(7, (1, 1, 2, 2, 3, 3, 4), (np.int64(0), np.int64(0), np.int64(0), np.int64(0), np.int64(0), np.int64(0), np.int64(0)), (1, 1, 2, 2, 2, 2, 2), 2, 1)"
406,7,8,"(7, (1, 1, 2, 2, 3, 3, 4))","(7, (1, 1, 2, 2, 3, 3, 4), (np.float64(0.0), np.float64(0.0), np.float64(0.0), np.float64(0.0), np.float64(0.333333333333), np.float64(0.333333333333), np.float64(1.0)))","(7, (1, 1, 2, 2, 3, 3, 4), (np.float64(0.0), np.float64(0.0), np.float64(0.0), np.float64(0.0), np.float64(0.333333333333), np.float64(0.333333333333), np.float64(1.0)), (1, 1, 2, 2, 2, 2, 2), 2, 1)"
407,7,8,"(7, (1, 1, 2, 2, 3, 3, 4))","(7, (1, 1, 2, 2, 3, 3, 4), (np.float64(0.0), np.float64(0.0), np.float64(0.5), np.float64(0.666666666667), np.float64(0.666666666667), np.float64(1.0), np.float64(1.0)))","(7, (1, 1, 2, 2, 3, 3, 4), (np.float64(0.0), np.float64(0.0), np.float64(0.5), np.float64(0.666666666667), np.float64(0.666666666667), np.float64(1.0), np.float64(1.0)), (1, 1, 2, 2, 2, 2, 2), 1, 2)"
408,7,8,"(7, (1, 1, 2, 2, 3, 3, 4))","(7, (1, 1, 2, 2, 3, 3, 4), (np.float64(0.0), np.float64(0.0), np.float64(0.0), np.float64(0.333333333333), np.float64(0.666666666667), np.float64(1.0), np.float64(1.0)))","(7, (1, 1, 2, 2, 3, 3, 4), (np.float64(0.0), np.float64(0.0), np.float64(0.0), np.float64(0.333333333333), np.float64(0.666666666667), np.float64(1.0), np.float64(1.0)), (1, 1, 1, 2, 2, 2, 2), 3, 1)"
409,7,8,"(7, (1, 1, 2, 2, 3, 3, 4))","(7, (1, 1, 2, 2, 3, 3, 4), (np.float64(0.0), np.float64(0.0), np.float64(0.333333333333), np.float64(0.333333333333), np.float64(0.333333333333), np.float64(1.0), np.float64(1.0)))","(7, (1, 1, 2, 2, 3, 3, 4), (np.float64(0.0), np.float64(0.0), np.float64(0.333333333333), np.float64(0.333333333333), np.float64(0.333333333333), np.float64(1.0), np.float64(1.0)), (1, 1, 2, 2, 2, 2, 2), 2, 1)"
410,7,8,"(7, (1, 1, 2, 2, 3, 3, 4))","(7, (1, 1, 2, 2, 3, 3, 4), (np.float64(0.0), np.float64(0.0), np.float64(0.0), np.float64(0.0), np.float64(0.166666666667), np.float64(0.333333333333), np.float64(0.333333333333)))","(7, (1, 1, 2, 2, 3, 3, 4), (np.float64(0.0), np.float64(0.0), np.float64(0.0), np.float64(0.0), np.float64(0.166666666667), np.float64(0.333333333333), np.float64(0.333333333333)), (1, 1, 2, 2, 2, 2, 2), 2, 1)"
411,7,8,"(7, (1, 1, 2, 2, 3, 3, 4))","(7, (1, 1, 2, 2, 3, 3, 4), (np.int64(0), np.int64(0), np.int64(0), np.int64(0), np.int64(0), np.int64(0), np.int64(0)))","(7, (1, 1, 2, 2, 3, 3, 4), (np.int64(0), np.int64(0), np.int64(0), np.int64(0), np.int64(0), np.int64(0), np.int64(0)), (1, 1, 2, 2, 2, 2, 2), 2, 1)"
412,7,8,"(7, (1, 1, 2, 3, 3, 3, 3))","(7, (1, 1, 2, 3, 3, 3, 3), (np.float64(0.0), np.float64(0.0), np.float64(0.0), np.float64(0.0), np.float64(0.333333333333), np.float64(0.333333333333), np.float64(0.333333333333)))","(7, (1, 1, 2, 3, 3, 3, 3), (np.float64(0.0), np.float64(0.0), np.float64(0.0), np.float64(0.0), np.float64(0.333333333333), np.float64(0.333333333333), np.float64(0.333333333333)), (1, 1, 2, 2, 2, 2, 2), 2, 1)"
413,7,8,"(7, (1, 1, 2, 3, 3, 3, 3))","(7, (1, 1, 2, 3, 3, 3, 3), (np.float64(0.0), np.float64(0.0), np.float64(0.0), np.float64(0.333333333333), np.float64(0.333333333333), np.float64(0.666666666667), np.float64(0.666666666667)))","(7, (1, 1, 2, 3, 3, 3, 3), (np.float64(0.0), np.float64(0.0), np.float64(0.0), np.float64(0.333333333333), np.float64(0.333333333333), np.float64(0.666666666667), np.float64(0.666666666667)), (1, 1, 1, 2, 2, 2, 2), 3, 1)"
414,7,8,"(7, (1, 1, 2, 3, 3, 3, 3))","(7, (1, 1, 2, 3, 3, 3, 3), (np.float64(0.0), np.float64(0.0), np.float64(0.0), np.float64(0.0), np.float64(0.333333333333), np.float64(0.333333333333), np.float64(1.0)))","(7, (1, 1, 2, 3, 3, 3, 3), (np.float64(0.0), np.float64(0.0), np.float64(0.0), np.float64(0.0), np.float64(0.333333333333), np.float64(0.333333333333), np.float64(1.0)), (1, 1, 2, 2, 2, 2, 2), 2, 1)"
415,7,8,"(7, (1, 1, 2, 3, 3, 3, 3))","(7, (1, 1, 2, 3, 3, 3, 3), (np.float64(0.0), np.float64(0.0), np.float64(0.0), np.float64(0.333333333333), np.float64(0.666666666667), np.float64(0.666666666667), np.float64(1.0)))","(7, (1, 1, 2, 3, 3, 3, 3), (np.float64(0.0), np.float64(0.0), np.float64(0.0), np.float64(0.333333333333), np.float64(0.666666666667), np.float64(0.666666666667), np.float64(1.0)), (1, 1, 1, 2, 2, 2, 2), 3, 1)"
416,7,8,"(7, (1, 1, 2, 3, 3, 3, 3))","(7, (1, 1, 2, 3, 3, 3, 3), (np.int64(0), np.int64(0), np.int64(0), np.int64(0), np.int64(0), np.int64(0), np.int64(0)))","(7, (1, 1, 2, 3, 3, 3, 3), (np.int64(0), np.int64(0), np.int64(0), np.int64(0), np.int64(0), np.int64(0), np.int64(0)), (1, 1, 2, 2, 2, 2, 2), 2, 1)"
417,7,8,"(7, (1, 1, 2, 3, 3, 3, 3))","(7, (1, 1, 2, 3, 3, 3, 3), (np.float64(0.0), np.float64(0.0), np.float64(0.0), np.float64(0.333333333333), np.float64(0.333333333333), np.float64(0.666666666667), np.float64(0.666666666667)))","(7, (1, 1, 2, 3, 3, 3, 3), (np.float64(0.0), np.float64(0.0), np.float64(0.0), np.float64(0.333333333333), np.float64(0.333333333333), np.float64(0.666666666667), np.float64(0.666666666667)), (1, 1, 2, 2, 2, 2, 2), 1, 2)"
418,7,8,"(7, (1, 1, 2, 3, 3, 3, 3))","(7, (1, 1, 2, 3, 3, 3, 3), (np.float64(0.0), np.float64(0.0), np.float64(0.0), np.float64(1.0), np.float64(1.0), np.float64(1.0), np.float64(1.0)))","(7, (1, 1, 2, 3, 3, 3, 3), (np.float64(0.0), np.float64(0.0), np.float64(0.0), np.float64(1.0), np.float64(1.0), np.float64(1.0), np.float64(1.0)), (1, 1, 1, 3, 3, 3, 3), 2, 2)"
419,7,8,"(7, (1, 2, 2, 2, 2, 2, 5))","(7, (1, 2, 2, 2, 2, 2, 5), (np.float64(0.0), np.float64(0.0), np.float64(0.0), np.float64(0.0), np.float64(0.1), np.float64(1.0), np.float64(1.0)))","(7, (1, 2, 2, 2, 2, 2, 5), (np.float64(0.0), np.float64(0.0), np.float64(0.0), np.float64(0.0), np.float64(0.1), np.float64(1.0), np.float64(1.0)), (1, 2, 2, 2, 2, 2, 2), 1, 1)"
420,7,8,"(7, (1, 2, 2, 2, 2, 2, 5))","(7, (1, 2, 2, 2, 2, 2, 5), (np.float64(0.0), np.float64(0.0), np.float64(0.2), np.float64(1.0), np.float64(1.0), np.float64(1.0), np.float64(1.0)))","(7, (1, 2, 2, 2, 2, 2, 5), (np.float64(0.0), np.float64(0.0), np.float64(0.2), np.float64(1.0), np.float64(1.0), np.float64(1.0), np.float64(1.0)), (1, 1, 2, 2, 2, 2, 2), 2, 1)"
421,7,8,"(7, (1, 2, 2, 2, 2, 3, 4))","(7, (1, 2, 2, 2, 2, 3, 4), (np.float64(0.0), np.float64(0.0), np.float64(0.0), np.float64(0.0), np.float64(0.166666666667), np.float64(0.333333333333), np.float64(1.0)))","(7, (1, 2, 2, 2, 2, 3, 4), (np.float64(0.0), np.float64(0.0), np.float64(0.0), np.float64(0.0), np.float64(0.166666666667), np.float64(0.333333333333), np.float64(1.0)), (1, 2, 2, 2, 2, 2, 2), 1, 1)"
422,7,8,"(7, (1, 2, 2, 2, 2, 3, 4))","(7, (1, 2, 2, 2, 2, 3, 4), (np.float64(0.0), np.float64(0.0), np.float64(0.0), np.float64(0.0), np.float64(0.166666666667), np.float64(0.333333333333), np.float64(1.0)))","(7, (1, 2, 2, 2, 2, 3, 4), (np.float64(0.0), np.float64(0.0), np.float64(0.0), np.float64(0.0), np.float64(0.166666666667), np.float64(0.333333333333), np.float64(1.0)), (1, 1, 2, 2, 2, 2, 2), 2, 1)"
423,7,8,"(7, (1, 2, 2, 2, 2, 3, 4))","(7, (1, 2, 2, 2, 2, 3, 4), (np.float64(0.0), np.float64(0.0), np.float64(0.0), np.float64(0.333333333333), np.float64(0.666666666667), np.float64(1.0), np.float64(1.0)))","(7, (1, 2, 2, 2, 2, 3, 4), (np.float64(0.0), np.float64(0.0), np.float64(0.0), np.float64(0.333333333333), np.float64(0.666666666667), np.float64(1.0), np.float64(1.0)), (1, 1, 1, 2, 2, 2, 2), 3, 1)"
424,7,8,"(7, (1, 2, 2, 2, 2, 3, 4))","(7, (1, 2, 2, 2, 2, 3, 4), (np.float64(0.0), np.float64(0.0), np.float64(0.333333333333), np.float64(0.333333333333), np.float64(1.0), np.float64(1.0), np.float64(1.0)))","(7, (1, 2, 2, 2, 2, 3, 4), (np.float64(0.0), np.float64(0.0), np.float64(0.333333333333), np.float64(0.333333333333), np.float64(1.0), np.float64(1.0), np.float64(1.0)), (1, 1, 2, 2, 2, 2, 2), 2, 1)"
425,7,8,"(7, (1, 2, 2, 2, 2, 3, 4))","(7, (1, 2, 2, 2, 2, 3, 4), (np.float64(0.0), np.float64(0.0), np.float64(0.0), np.float64(0.0), np.float64(0.166666666667), np.float64(0.333333333333), np.float64(1.0)))","(7, (1, 2, 2, 2, 2, 3, 4), (np.float64(0.0), np.float64(0.0), np.float64(0.0), np.float64(0.0), np.float64(0.166666666667), np.float64(0.333333333333), np.float64(1.0)), (1, 2, 2, 2, 2, 2, 2), 1, 1)"
426,7,8,"(7, (1, 2, 2, 2, 2, 3, 4))","(7, (1, 2, 2, 2, 2, 3, 4), (np.float64(0.0), np.float64(0.0), np.float64(0.0), np.float64(0.0), np.float64(0.166666666667), np.float64(1.0), np.float64(1.0)))","(7, (1, 2, 2, 2, 2, 3, 4), (np.float64(0.0), np.float64(0.0), np.float64(0.0), np.float64(0.0), np.float64(0.166666666667), np.float64(1.0), np.float64(1.0)), (1, 2, 2, 2, 2, 2, 2), 1, 1)"
427,7,8,"(7, (1, 2, 2, 2, 2, 3, 4))","(7, (1, 2, 2, 2, 2, 3, 4), (np.int64(0), np.int64(0), np.int64(0), np.int64(0), np.int64(0), np.int64(0), np.int64(0)))","(7, (1, 2, 2, 2, 2, 3, 4), (np.int64(0), np.int64(0), np.int64(0), np.int64(0), np.int64(0), np.int64(0), np.int64(0)), (1, 2, 2, 2, 2, 2, 2), 1, 1)"
428,7,8,"(7, (1, 2, 2, 2, 2, 3, 4))","(7, (1, 2, 2, 2, 2, 3, 4), (np.int64(0), np.int64(0), np.int64(0), np.int64(0), np.int64(0), np.int64(0), np.int64(0)))","(7, (1, 2, 2, 2, 2, 3, 4), (np.int64(0), np.int64(0), np.int64(0), np.int64(0), np.int64(0), np.int64(0), np.int64(0)), (1, 2, 2, 2, 2, 2, 2), 1, 1)"
429,7,8,"(7, (1, 2, 2, 2, 2, 3, 4))","(7, (1, 2, 2, 2, 2, 3, 4), (np.float64(0.0), np.float64(0.166666666667), np.float64(0.333333333333), np.float64(1.0), np.float64(1.0), np.float64(1.0), np.float64(1.0)))","(7, (1, 2, 2, 2, 2, 3, 4), (np.float64(0.0), np.float64(0.166666666667), np.float64(0.333333333333), np.float64(1.0), np.float64(1.0), np.float64(1.0), np.float64(1.0)), (1, 2, 2, 2, 2, 2, 2), 2, 1)"
430,7,8,"(7, (1, 2, 2, 2, 2, 3, 4))","(7, (1, 2, 2, 2, 2, 3, 4), (np.float64(0.0), np.float64(0.0), np.float64(0.0), np.float64(0.0), np.float64(0.166666666667), np.float64(1.0), np.float64(1.0)))","(7, (1, 2, 2, 2, 2, 3, 4), (np.float64(0.0), np.float64(0.0), np.float64(0.0), np.float64(0.0), np.float64(0.166666666667), np.float64(1.0), np.float64(1.0)), (1, 2, 2, 2, 2, 2, 2), 1, 1)"
431,7,8,"(7, (1, 2, 2, 2, 2, 3, 4))","(7, (1, 2, 2, 2, 2, 3, 4), (np.int64(0), np.int64(0), np.int64(0), np.int64(0), np.int64(0), np.int64(0), np.int64(0)))","(7, (1, 2, 2, 2, 2, 3, 4), (np.int64(0), np.int64(0), np.int64(0), np.int64(0), np.int64(0), np.int64(0), np.int64(0)), (1, 1, 2, 2, 2, 2, 2), 2, 1)"
432,7,8,"(7, (1, 2, 2, 2, 3, 3, 3))","(7, (1, 2, 2, 2, 3, 3, 3), (np.float64(0.0), np.float64(0.0), np.float64(0.0), np.float64(0.0), np.float64(0.333333333333), np.float64(0.333333333333), np.float64(1.0)))","(7, (1, 2, 2, 2, 3, 3, 3), (np.float64(0.0), np.float64(0.0), np.float64(0.0), np.float64(0.0), np.float64(0.333333333333), np.float64(0.333333333333), np.float64(1.0)), (1, 1, 2, 2, 2, 2, 2), 2, 1)"
433,7,8,"(7, (1, 2, 2, 2, 3, 3, 3))","(7, (1, 2, 2, 2, 3, 3, 3), (np.float64(0.0), np.float64(0.0), np.float64(0.0), np.float64(0.0), np.float64(0.333333333333), np.float64(0.333333333333), np.float64(1.0)))","(7, (1, 2, 2, 2, 3, 3, 3), (np.float64(0.0), np.float64(0.0), np.float64(0.0), np.float64(0.0), np.float64(0.333333333333), np.float64(0.333333333333), np.float64(1.0)), (1, 2, 2, 2, 2, 2, 2), 1, 1)"
434,7,8,"(7, (1, 2, 2, 2, 3, 3, 3))","(7, (1, 2, 2, 2, 3, 3, 3), (np.int64(0), np.int64(0), np.int64(0), np.int64(0), np.int64(0), np.int64(0), np.int64(0)))","(7, (1, 2, 2, 2, 3, 3, 3), (np.int64(0), np.int64(0), np.int64(0), np.int64(0), np.int64(0), np.int64(0), np.int64(0)), (1, 2, 2, 2, 2, 2, 2), 1, 1)"
435,7,8,"(7, (1, 2, 2, 2, 3, 3, 3))","(7, (1, 2, 2, 2, 3, 3, 3), (np.float64(0.0), np.float64(0.0), np.float64(0.0), np.float64(0.333333333333), np.float64(0.666666666667), np.float64(0.666666666667), np.float64(1.0)))","(7, (1, 2, 2, 2, 3, 3, 3), (np.float64(0.0), np.float64(0.0), np.float64(0.0), np.float64(0.333333333333), np.float64(0.666666666667), np.float64(0.666666666667), np.float64(1.0)), (1, 1, 1, 2, 2, 2, 2), 3, 1)"
436,7,8,"(7, (1, 2, 2, 2, 3, 3, 3))","(7, (1, 2, 2, 2, 3, 3, 3), (np.float64(0.0), np.float64(0.333333333333), np.float64(0.333333333333), np.float64(0.333333333333), np.float64(1.0), np.float64(1.0), np.float64(1.0)))","(7, (1, 2, 2, 2, 3, 3, 3), (np.float64(0.0), np.float64(0.333333333333), np.float64(0.333333333333), np.float64(0.333333333333), np.float64(1.0), np.float64(1.0), np.float64(1.0)), (1, 2, 2, 2, 2, 2, 2), 2, 1)"
437,7,8,"(7, (1, 2, 2, 2, 3, 3, 3))","(7, (1, 2, 2, 2, 3, 3, 3), (np.float64(0.0), np.float64(0.0), np.float64(0.0), np.float64(0.0), np.float64(0.333333333333), np.float64(0.333333333333), np.float64(0.333333333333)))","(7, (1, 2, 2, 2, 3, 3, 3), (np.float64(0.0), np.float64(0.0), np.float64(0.0), np.float64(0.0), np.float64(0.333333333333), np.float64(0.333333333333), np.float64(0.333333333333)), (1, 2, 2, 2, 2, 2, 2), 1, 1)"
438,7,8,"(7, (1, 2, 2, 2, 3, 3, 3))","(7, (1, 2, 2, 2, 3, 3, 3), (np.float64(0.0), np.float64(0.0), np.float64(0.0), np.float64(0.0), np.float64(0.333333333333), np.float64(0.333333333333), np.float64(1.0)))","(7, (1, 2, 2, 2, 3, 3, 3), (np.float64(0.0), np.float64(0.0), np.float64(0.0), np.float64(0.0), np.float64(0.333333333333), np.float64(0.333333333333), np.float64(1.0)), (1, 2, 2, 2, 2, 2, 2), 1, 1)"
439,7,8,"(7, (1, 2, 2, 2, 3, 3, 3))","(7, (1, 2, 2, 2, 3, 3, 3), (np.float64(0.0), np.float64(0.0), np.float64(0.0), np.float64(0.0), np.float64(0.333333333333), np.float64(0.333333333333), np.float64(0.333333333333)))","(7, (1, 2, 2, 2, 3, 3, 3), (np.float64(0.0), np.float64(0.0), np.float64(0.0), np.float64(0.0), np.float64(0.333333333333), np.float64(0.333333333333), np.float64(0.333333333333)), (1, 1, 2, 2, 2, 2, 2), 2, 1)"
440,7,8,"(7, (1, 2, 2, 2, 3, 3, 3))","(7, (1, 2, 2, 2, 3, 3, 3), (np.int64(0), np.int64(0), np.int64(0), np.int64(0), np.int64(0), np.int64(0), np.int64(0)))","(7, (1, 2, 2, 2, 3, 3, 3), (np.int64(0), np.int64(0), np.int64(0), np.int64(0), np.int64(0), np.int64(0), np.int64(0)), (1, 2, 2, 2, 2, 2, 2), 1, 1)"
441,7,8,"(7, (1, 2, 2, 2, 3, 3, 3))","(7, (1, 2, 2, 2, 3, 3, 3), (np.int64(0), np.int64(0), np.int64(0), np.int64(0), np.int64(0), np.int64(0), np.int64(0)))","(7, (1, 2, 2, 2, 3, 3, 3), (np.int64(0), np.int64(0), np.int64(0), np.int64(0), np.int64(0), np.int64(0), np.int64(0)), (1, 2, 2, 2, 2, 2, 2), 1, 1)"
442,7,8,"(7, (1, 2, 2, 2, 3, 3, 3))","(7, (1, 2, 2, 2, 3, 3, 3), (np.int64(0), np.int64(0), np.int64(0), np.int64(0), np.int64(0), np.int64(0), np.int64(0)))","(7, (1, 2, 2, 2, 3, 3, 3), (np.int64(0), np.int64(0), np.int64(0), np.int64(0), np.int64(0), np.int64(0), np.int64(0)), (1, 1, 2, 2, 2, 2, 2), 2, 1)"
443,7,8,"(7, (2, 2, 2, 2, 2, 2, 4))","(7, (2, 2, 2, 2, 2, 2, 4), (np.float64(0.0), np.float64(0.0), np.float64(0.0), np.float64(0.0), np.float64(0.166666666667), np.float64(1.0), np.float64(1.0)))","(7, (2, 2, 2, 2, 2, 2, 4), (np.float64(0.0), np.float64(0.0), np.float64(0.0), np.float64(0.0), np.float64(0.166666666667), np.float64(1.0), np.float64(1.0)), (2, 2, 2, 2, 2, 2, 2), 0, 1)"
444,7,8,"(7, (2, 2, 2, 2, 2, 2, 4))","(7, (2, 2, 2, 2, 2, 2, 4), (np.int64(0), np.int64(0), np.int64(0), np.int64(0), np.int64(0), np.int64(0), np.int64(0)))","(7, (2, 2, 2, 2, 2, 2, 4), (np.int64(0), np.int64(0), np.int64(0), np.int64(0), np.int64(0), np.int64(0), np.int64(0)), (2, 2, 2, 2, 2, 2, 2), 0, 1)"
445,7,8,"(7, (2, 2, 2, 2, 2, 3, 3))","(7, (2, 2, 2, 2, 2, 3, 3), (np.int64(0), np.int64(0), np.int64(0), np.int64(0), np.int64(0), np.int64(0), np.int64(0)))","(7, (2, 2, 2, 2, 2, 3, 3), (np.int64(0), np.int64(0), np.int64(0), np.int64(0), np.int64(0), np.int64(0), np.int64(0)), (2, 2, 2, 2, 2, 2, 2), 0, 1)"
446,7,8,"(7, (2, 2, 2, 2, 2, 3, 3))","(7, (2, 2, 2, 2, 2, 3, 3), (np.float64(0.0), np.float64(0.0), np.float64(0.0), np.float64(0.0), np.float64(0.333333333333), np.float64(0.333333333333), np.float64(1.0)))","(7, (2, 2, 2, 2, 2, 3, 3), (np.float64(0.0), np.float64(0.0), np.float64(0.0), np.float64(0.0), np.float64(0.333333333333), np.float64(0.333333333333), np.float64(1.0)), (2, 2, 2, 2, 2, 2, 2), 0, 1)"
447,7,8,"(7, (2, 2, 2, 2, 2, 3, 3))","(7, (2, 2, 2, 2, 2, 3, 3), (np.float64(0.0), np.float64(0.0), np.float64(0.0), np.float64(0.0), np.float64(0.333333333333), np.float64(1.0), np.float64(1.0)))","(7, (2, 2, 2, 2, 2, 3, 3), (np.float64(0.0), np.float64(0.0), np.float64(0.0), np.float64(0.0), np.float64(0.333333333333), np.float64(1.0), np.float64(1.0)), (2, 2, 2, 2, 2, 2, 2), 1, 1)"
448,7,8,"(7, (2, 2, 2, 2, 2, 3, 3))","(7, (2, 2, 2, 2, 2, 3, 3), (np.int64(0), np.int64(0), np.int64(0), np.int64(0), np.int64(0), np.int64(0), np.int64(0)))","(7, (2, 2, 2, 2, 2, 3, 3), (np.int64(0), np.int64(0), np.int64(0), np.int64(0), np.int64(0), np.int64(0), np.int64(0)), (2, 2, 2, 2, 2, 2, 2), 0, 1)"
449,7,8,"(7, (2, 2, 2, 2, 2, 3, 3))","(7, (2, 2, 2, 2, 2, 3, 3), (np.int64(0), np.int64(0), np.int64(0), np.int64(0), np.int64(0), np.int64(0), np.int64(0)))","(7, (2, 2, 2, 2, 2, 3, 3), (np.int64(0), np.int64(0), np.int64(0), np.int64(0), np.int64(0), np.int64(0), np.int64(0)), (2, 2, 2, 2, 2, 2, 2), 0, 1)"
450,7,8,"(7, (2, 2, 2, 2, 2, 3, 3))","(7, (2, 2, 2, 2, 2, 3, 3), (np.float64(0.0), np.float64(0.333333333333), np.float64(0.333333333333), np.float64(1.0), np.float64(1.0), np.float64(1.0), np.float64(1.0)))","(7, (2, 2, 2, 2, 2, 3, 3), (np.float64(0.0), np.float64(0.333333333333), np.float64(0.333333333333), np.float64(1.0), np.float64(1.0), np.float64(1.0), np.float64(1.0)), (2, 2, 2, 2, 2, 2, 2), 2, 1)"
451,7,8,"(7, (2, 2, 2, 2, 2, 3, 3))","(7, (2, 2, 2, 2, 2, 3, 3), (np.float64(0.666666666667), np.float64(0.666666666667), np.float64(1.0), np.float64(1.0), np.float64(1.0), np.float64(1.0), np.float64(1.0)))","(7, (2, 2, 2, 2, 2, 3, 3), (np.float64(0.666666666667), np.float64(0.666666666667), np.float64(1.0), np.float64(1.0), np.float64(1.0), np.float64(1.0), np.float64(1.0)), (2, 2, 2, 2, 2, 2, 2), 0, 2)"
452,7,9,"(7, (0, 0, 3, 3, 4, 4, 4))","(7, (0, 0, 3, 3, 4, 4, 4), (np.float64(0.0), np.float64(0.0), np.float64(0.833333333333), np.float64(0.833333333333), np.float64(0.833333333333), np.float64(1.0), np.float64(1.0)))","(7, (0, 0, 3, 3, 4, 4, 4), (np.float64(0.0), np.float64(0.0), np.float64(0.833333333333), np.float64(0.833333333333), np.float64(0.833333333333), np.float64(1.0), np.float64(1.0)), (0, 0, 3, 3, 3, 3, 3), 0, 3)"
453,7,9,"(7, (0, 1, 2, 3, 3, 4, 5))","(7, (0, 1, 2, 3, 3, 4, 5), (np.float64(0.0), np.float64(0.0), np.float64(0.4), np.float64(0.666666666667), np.float64(1.0), np.float64(1.0), np.float64(1.0)))","(7, (0, 1, 2, 3, 3, 4, 5), (np.float64(0.0), np.float64(0.0), np.float64(0.4), np.float64(0.666666666667), np.float64(1.0), np.float64(1.0), np.float64(1.0)), (0, 1, 2, 3, 3, 3, 3), 1, 2)"
454,7,9,"(7, (0, 1, 2, 3, 4, 4, 4))","(7, (0, 1, 2, 3, 4, 4, 4), (np.float64(0.0), np.float64(0.0), np.float64(0.5), np.float64(0.666666666667), np.float64(0.666666666667), np.float64(1.0), np.float64(1.0)))","(7, (0, 1, 2, 3, 4, 4, 4), (np.float64(0.0), np.float64(0.0), np.float64(0.5), np.float64(0.666666666667), np.float64(0.666666666667), np.float64(1.0), np.float64(1.0)), (0, 1, 2, 3, 3, 3, 3), 1, 2)"
455,7,9,"(7, (0, 1, 3, 3, 3, 3, 5))","(7, (0, 1, 3, 3, 3, 3, 5), (np.float64(0.0), np.float64(0.0), np.float64(0.4), np.float64(0.666666666667), np.float64(0.666666666667), np.float64(0.666666666667), np.float64(0.666666666667)))","(7, (0, 1, 3, 3, 3, 3, 5), (np.float64(0.0), np.float64(0.0), np.float64(0.4), np.float64(0.666666666667), np.float64(0.666666666667), np.float64(0.666666666667), np.float64(0.666666666667)), (0, 1, 3, 3, 3, 3, 3), 1, 2)"
456,7,9,"(7, (0, 1, 3, 3, 3, 4, 4))","(7, (0, 1, 3, 3, 3, 4, 4), (np.float64(0.0), np.float64(0.0), np.float64(0.333333333333), np.float64(0.666666666667), np.float64(0.666666666667), np.float64(0.666666666667), np.float64(0.666666666667)))","(7, (0, 1, 3, 3, 3, 4, 4), (np.float64(0.0), np.float64(0.0), np.float64(0.333333333333), np.float64(0.666666666667), np.float64(0.666666666667), np.float64(0.666666666667), np.float64(0.666666666667)), (0, 1, 3, 3, 3, 3, 3), 1, 2)"
457,7,9,"(7, (0, 1, 3, 3, 3, 4, 4))","(7, (0, 1, 3, 3, 3, 4, 4), (np.float64(0.0), np.float64(0.0), np.float64(0.333333333333), np.float64(0.666666666667), np.float64(0.666666666667), np.float64(1.0), np.float64(1.0)))","(7, (0, 1, 3, 3, 3, 4, 4), (np.float64(0.0), np.float64(0.0), np.float64(0.333333333333), np.float64(0.666666666667), np.float64(0.666666666667), np.float64(1.0), np.float64(1.0)), (0, 1, 2, 3, 3, 3, 3), 1, 2)"
458,7,9,"(7, (0, 2, 2, 2, 2, 5, 5))","(7, (0, 2, 2, 2, 2, 5, 5), (np.float64(0.0), np.float64(0.4), np.float64(0.4), np.float64(1.0), np.float64(1.0), np.float64(1.0), np.float64(1.0)))","(7, (0, 2, 2, 2, 2, 5, 5), (np.float64(0.0), np.float64(0.4), np.float64(0.4), np.float64(1.0), np.float64(1.0), np.float64(1.0), np.float64(1.0)), (0, 2, 2, 2, 2, 2, 2), 0, 2)"
459,7,9,"(7, (0, 2, 2, 2, 3, 4, 5))","(7, (0, 2, 2, 2, 3, 4, 5), (np.float64(0.0), np.float64(0.4), np.float64(0.5), np.float64(0.666666666667), np.float64(1.0), np.float64(1.0), np.float64(1.0)))","(7, (0, 2, 2, 2, 3, 4, 5), (np.float64(0.0), np.float64(0.4), np.float64(0.5), np.float64(0.666666666667), np.float64(1.0), np.float64(1.0), np.float64(1.0)), (0, 2, 2, 2, 2, 2, 2), 0, 2)"
460,7,9,"(7, (0, 2, 2, 2, 4, 4, 4))","(7, (0, 2, 2, 2, 4, 4, 4), (np.float64(0.0), np.float64(0.5), np.float64(0.5), np.float64(0.5), np.float64(1.0), np.float64(1.0), np.float64(1.0)))","(7, (0, 2, 2, 2, 4, 4, 4), (np.float64(0.0), np.float64(0.5), np.float64(0.5), np.float64(0.5), np.float64(1.0), np.float64(1.0), np.float64(1.0)), (0, 2, 2, 2, 2, 2, 2), 0, 2)"
461,7,9,"(7, (0, 2, 2, 3, 3, 3, 5))","(7, (0, 2, 2, 3, 3, 3, 5), (np.float64(0.0), np.float64(0.4), np.float64(0.666666666667), np.float64(0.666666666667), np.float64(0.666666666667), np.float64(1.0), np.float64(1.0)))","(7, (0, 2, 2, 3, 3, 3, 5), (np.float64(0.0), np.float64(0.4), np.float64(0.666666666667), np.float64(0.666666666667), np.float64(0.666666666667), np.float64(1.0), np.float64(1.0)), (0, 2, 2, 2, 2, 2, 2), 0, 2)"
462,7,9,"(7, (0, 2, 2, 3, 3, 3, 5))","(7, (0, 2, 2, 3, 3, 3, 5), (np.float64(0.0), np.float64(0.4), np.float64(1.0), np.float64(1.0), np.float64(1.0), np.float64(1.0), np.float64(1.0)))","(7, (0, 2, 2, 3, 3, 3, 5), (np.float64(0.0), np.float64(0.4), np.float64(1.0), np.float64(1.0), np.float64(1.0), np.float64(1.0), np.float64(1.0)), (0, 2, 2, 3, 3, 3, 3), 0, 2)"
463,7,9,"(7, (0, 2, 2, 3, 3, 4, 4))","(7, (0, 2, 2, 3, 3, 4, 4), (np.float64(0.0), np.float64(0.0), np.float64(0.333333333333), np.float64(0.333333333333), np.float64(0.5), np.float64(0.666666666667), np.float64(1.0)))","(7, (0, 2, 2, 3, 3, 4, 4), (np.float64(0.0), np.float64(0.0), np.float64(0.333333333333), np.float64(0.333333333333), np.float64(0.5), np.float64(0.666666666667), np.float64(1.0)), (0, 2, 2, 2, 2, 2, 2), 0, 2)"
464,7,9,"(7, (0, 2, 2, 3, 3, 4, 4))","(7, (0, 2, 2, 3, 3, 4, 4), (np.float64(0.0), np.float64(0.5), np.float64(0.5), np.float64(0.666666666667), np.float64(0.666666666667), np.float64(1.0), np.float64(1.0)))","(7, (0, 2, 2, 3, 3, 4, 4), (np.float64(0.0), np.float64(0.5), np.float64(0.5), np.float64(0.666666666667), np.float64(0.666666666667), np.float64(1.0), np.float64(1.0)), (0, 2, 2, 2, 2, 2, 2), 0, 2)"
465,7,9,"(7, (0, 2, 2, 3, 3, 4, 4))","(7, (0, 2, 2, 3, 3, 4, 4), (np.float64(0.0), np.float64(0.0), np.float64(0.333333333333), np.float64(0.333333333333), np.float64(0.5), np.float64(0.5), np.float64(1.0)))","(7, (0, 2, 2, 3, 3, 4, 4), (np.float64(0.0), np.float64(0.0), np.float64(0.333333333333), np.float64(0.333333333333), np.float64(0.5), np.float64(0.5), np.float64(1.0)), (0, 2, 2, 2, 2, 2, 2), 0, 2)"
466,7,9,"(7, (0, 2, 2, 3, 3, 4, 4))","(7, (0, 2, 2, 3, 3, 4, 4), (np.float64(0.0), np.float64(0.0), np.float64(0.0), np.float64(0.5), np.float64(0.5), np.float64(1.0), np.float64(1.0)))","(7, (0, 2, 2, 3, 3, 4, 4), (np.float64(0.0), np.float64(0.0), np.float64(0.0), np.float64(0.5), np.float64(0.5), np.float64(1.0), np.float64(1.0)), (0, 2, 2, 3, 3, 3, 3), 0, 2)"
467,7,9,"(7, (0, 2, 2, 3, 3, 4, 4))","(7, (0, 2, 2, 3, 3, 4, 4), (np.float64(0.0), np.float64(0.0), np.float64(0.0), np.float64(0.166666666667), np.float64(0.166666666667), np.float64(0.666666666667), np.float64(0.666666666667)))","(7, (0, 2, 2, 3, 3, 4, 4), (np.float64(0.0), np.float64(0.0), np.float64(0.0), np.float64(0.166666666667), np.float64(0.166666666667), np.float64(0.666666666667), np.float64(0.666666666667)), (0, 2, 2, 2, 2, 2, 2), 0, 2)"
468,7,9,"(7, (0, 2, 3, 3, 3, 3, 4))","(7, (0, 2, 3, 3, 3, 3, 4), (np.float64(0.0), np.float64(0.0), np.float64(0.333333333333), np.float64(0.333333333333), np.float64(0.5), np.float64(0.666666666667), np.float64(0.666666666667)))","(7, (0, 2, 3, 3, 3, 3, 4), (np.float64(0.0), np.float64(0.0), np.float64(0.333333333333), np.float64(0.333333333333), np.float64(0.5), np.float64(0.666666666667), np.float64(0.666666666667)), (0, 2, 2, 2, 2, 2, 2), 0, 2)"
469,7,9,"(7, (0, 2, 3, 3, 3, 3, 4))","(7, (0, 2, 3, 3, 3, 3, 4), (np.float64(0.0), np.float64(0.333333333333), np.float64(0.333333333333), np.float64(0.333333333333), np.float64(0.666666666667), np.float64(0.666666666667), np.float64(1.0)))","(7, (0, 2, 3, 3, 3, 3, 4), (np.float64(0.0), np.float64(0.333333333333), np.float64(0.333333333333), np.float64(0.333333333333), np.float64(0.666666666667), np.float64(0.666666666667), np.float64(1.0)), (0, 2, 2, 2, 2, 2, 2), 0, 2)"
470,7,9,"(7, (0, 2, 3, 3, 3, 3, 4))","(7, (0, 2, 3, 3, 3, 3, 4), (np.float64(0.0), np.float64(0.0), np.float64(0.0), np.float64(0.333333333333), np.float64(0.333333333333), np.float64(0.333333333333), np.float64(0.666666666667)))","(7, (0, 2, 3, 3, 3, 3, 4), (np.float64(0.0), np.float64(0.0), np.float64(0.0), np.float64(0.333333333333), np.float64(0.333333333333), np.float64(0.333333333333), np.float64(0.666666666667)), (0, 2, 2, 2, 2, 2, 2), 0, 2)"
471,7,9,"(7, (0, 3, 3, 3, 3, 3, 3))","(7, (0, 3, 3, 3, 3, 3, 3), (np.float64(0.0), np.float64(0.333333333333), np.float64(0.333333333333), np.float64(0.333333333333), np.float64(0.333333333333), np.float64(0.333333333333), np.float64(0.333333333333)))","(7, (0, 3, 3, 3, 3, 3, 3), (np.float64(0.0), np.float64(0.333333333333), np.float64(0.333333333333), np.float64(0.333333333333), np.float64(0.333333333333), np.float64(0.333333333333), np.float64(0.333333333333)), (0, 3, 3, 3, 3, 3, 3), 0, 2)"
472,7,9,"(7, (0, 3, 3, 3, 3, 3, 3))","(7, (0, 3, 3, 3, 3, 3, 3), (np.int64(0), np.int64(0), np.int64(0), np.int64(0), np.int64(0), np.int64(0), np.int64(0)))","(7, (0, 3, 3, 3, 3, 3, 3), (np.int64(0), np.int64(0), np.int64(0), np.int64(0), np.int64(0), np.int64(0), np.int64(0)), (0, 3, 3, 3, 3, 3, 3), 0, 2)"
473,7,9,"(7, (1, 1, 1, 3, 3, 3, 6))","(7, (1, 1, 1, 3, 3, 3, 6), (np.float64(0.0), np.float64(0.0), np.float64(0.0), np.float64(0.2), np.float64(1.0), np.float64(1.0), np.float64(1.0)))","(7, (1, 1, 1, 3, 3, 3, 6), (np.float64(0.0), np.float64(0.0), np.float64(0.0), np.float64(0.2), np.float64(1.0), np.float64(1.0), np.float64(1.0)), (1, 1, 1, 3, 3, 3, 3), 3, 1)"
474,7,9,"(7, (1, 1, 1, 3, 3, 4, 5))","(7, (1, 1, 1, 3, 3, 4, 5), (np.float64(0.0), np.float64(0.0), np.float64(0.0), np.float64(0.3), np.float64(0.5), np.float64(1.0), np.float64(1.0)))","(7, (1, 1, 1, 3, 3, 4, 5), (np.float64(0.0), np.float64(0.0), np.float64(0.0), np.float64(0.3), np.float64(0.5), np.float64(1.0), np.float64(1.0)), (1, 1, 1, 3, 3, 3, 3), 3, 1)"
475,7,9,"(7, (1, 1, 1, 3, 4, 4, 4))","(7, (1, 1, 1, 3, 4, 4, 4), (np.float64(0.0), np.float64(0.0), np.float64(0.0), np.float64(0.5), np.float64(0.5), np.float64(0.5), np.float64(1.0)))","(7, (1, 1, 1, 3, 4, 4, 4), (np.float64(0.0), np.float64(0.0), np.float64(0.0), np.float64(0.5), np.float64(0.5), np.float64(0.5), np.float64(1.0)), (1, 1, 1, 3, 3, 3, 3), 3, 1)"
476,7,9,"(7, (1, 1, 2, 2, 2, 4, 6))","(7, (1, 1, 2, 2, 2, 4, 6), (np.float64(0.0), np.float64(0.0), np.float64(0.2), np.float64(0.5), np.float64(1.0), np.float64(1.0), np.float64(1.0)))","(7, (1, 1, 2, 2, 2, 4, 6), (np.float64(0.0), np.float64(0.0), np.float64(0.2), np.float64(0.5), np.float64(1.0), np.float64(1.0), np.float64(1.0)), (1, 1, 2, 2, 2, 2, 2), 2, 1)"
477,7,9,"(7, (1, 1, 2, 2, 2, 5, 5))","(7, (1, 1, 2, 2, 2, 5, 5), (np.float64(0.0), np.float64(0.0), np.float64(0.3), np.float64(0.3), np.float64(1.0), np.float64(1.0), np.float64(1.0)))","(7, (1, 1, 2, 2, 2, 5, 5), (np.float64(0.0), np.float64(0.0), np.float64(0.3), np.float64(0.3), np.float64(1.0), np.float64(1.0), np.float64(1.0)), (1, 1, 2, 2, 2, 2, 2), 2, 1)"
478,7,9,"(7, (1, 1, 2, 2, 3, 3, 6))","(7, (1, 1, 2, 2, 3, 3, 6), (np.float64(0.0), np.float64(0.0), np.float64(0.2), np.float64(0.666666666667), np.float64(0.666666666667), np.float64(1.0), np.float64(1.0)))","(7, (1, 1, 2, 2, 3, 3, 6), (np.float64(0.0), np.float64(0.0), np.float64(0.2), np.float64(0.666666666667), np.float64(0.666666666667), np.float64(1.0), np.float64(1.0)), (1, 1, 2, 2, 2, 2, 2), 2, 1)"
479,7,9,"(7, (1, 1, 2, 2, 3, 4, 5))","(7, (1, 1, 2, 2, 3, 4, 5), (np.float64(0.0), np.float64(0.0), np.float64(0.3), np.float64(0.333333333333), np.float64(0.666666666667), np.float64(1.0), np.float64(1.0)))","(7, (1, 1, 2, 2, 3, 4, 5), (np.float64(0.0), np.float64(0.0), np.float64(0.3), np.float64(0.333333333333), np.float64(0.666666666667), np.float64(1.0), np.float64(1.0)), (1, 1, 2, 2, 2, 2, 2), 2, 1)"
480,7,9,"(7, (1, 1, 2, 2, 3, 4, 5))","(7, (1, 1, 2, 2, 3, 4, 5), (np.float64(0.0), np.float64(0.0), np.float64(0.3), np.float64(0.333333333333), np.float64(0.5), np.float64(1.0), np.float64(1.0)))","(7, (1, 1, 2, 2, 3, 4, 5), (np.float64(0.0), np.float64(0.0), np.float64(0.3), np.float64(0.333333333333), np.float64(0.5), np.float64(1.0), np.float64(1.0)), (1, 1, 2, 2, 2, 2, 2), 2, 1)"
481,7,9,"(7, (1, 1, 2, 2, 3, 4, 5))","(7, (1, 1, 2, 2, 3, 4, 5), (np.float64(0.0), np.float64(0.0), np.float64(0.2), np.float64(0.5), np.float64(0.666666666667), np.float64(1.0), np.float64(1.0)))","(7, (1, 1, 2, 2, 3, 4, 5), (np.float64(0.0), np.float64(0.0), np.float64(0.2), np.float64(0.5), np.float64(0.666666666667), np.float64(1.0), np.float64(1.0)), (1, 1, 2, 2, 2, 2, 2), 2, 1)"
482,7,9,"(7, (1, 1, 2, 2, 4, 4, 4))","(7, (1, 1, 2, 2, 4, 4, 4), (np.float64(0.0), np.float64(0.0), np.float64(0.333333333333), np.float64(0.333333333333), np.float64(0.5), np.float64(1.0), np.float64(1.0)))","(7, (1, 1, 2, 2, 4, 4, 4), (np.float64(0.0), np.float64(0.0), np.float64(0.333333333333), np.float64(0.333333333333), np.float64(0.5), np.float64(1.0), np.float64(1.0)), (1, 1, 2, 2, 2, 2, 2), 2, 1)"
483,7,9,"(7, (1, 1, 2, 2, 4, 4, 4))","(7, (1, 1, 2, 2, 4, 4, 4), (np.float64(0.0), np.float64(0.0), np.float64(0.166666666667), np.float64(0.5), np.float64(0.5), np.float64(1.0), np.float64(1.0)))","(7, (1, 1, 2, 2, 4, 4, 4), (np.float64(0.0), np.float64(0.0), np.float64(0.166666666667), np.float64(0.5), np.float64(0.5), np.float64(1.0), np.float64(1.0)), (1, 1, 2, 2, 2, 2, 2), 2, 1)"
484,7,9,"(7, (1, 1, 2, 3, 3, 3, 5))","(7, (1, 1, 2, 3, 3, 3, 5), (np.float64(0.0), np.float64(0.0), np.float64(0.3), np.float64(0.333333333333), np.float64(0.666666666667), np.float64(0.666666666667), np.float64(1.0)))","(7, (1, 1, 2, 3, 3, 3, 5), (np.float64(0.0), np.float64(0.0), np.float64(0.3), np.float64(0.333333333333), np.float64(0.666666666667), np.float64(0.666666666667), np.float64(1.0)), (1, 1, 2, 2, 2, 2, 2), 2, 1)"
485,7,9,"(7, (1, 1, 2, 3, 3, 3, 5))","(7, (1, 1, 2, 3, 3, 3, 5), (np.float64(0.0), np.float64(0.0), np.float64(0.0), np.float64(0.1), np.float64(0.333333333333), np.float64(0.666666666667), np.float64(0.666666666667)))","(7, (1, 1, 2, 3, 3, 3, 5), (np.float64(0.0), np.float64(0.0), np.float64(0.0), np.float64(0.1), np.float64(0.333333333333), np.float64(0.666666666667), np.float64(0.666666666667)), (1, 1, 2, 2, 2, 2, 2), 2, 1)"
486,7,9,"(7, (1, 1, 2, 3, 3, 3, 5))","(7, (1, 1, 2, 3, 3, 3, 5), (np.float64(0.0), np.float64(0.0), np.float64(0.0), np.float64(0.2), np.float64(0.333333333333), np.float64(0.333333333333), np.float64(0.666666666667)))","(7, (1, 1, 2, 3, 3, 3, 5), (np.float64(0.0), np.float64(0.0), np.float64(0.0), np.float64(0.2), np.float64(0.333333333333), np.float64(0.333333333333), np.float64(0.666666666667)), (1, 1, 2, 2, 2, 2, 2), 2, 1)"
487,7,9,"(7, (1, 1, 2, 3, 3, 3, 5))","(7, (1, 1, 2, 3, 3, 3, 5), (np.float64(0.0), np.float64(0.0), np.float64(0.0), np.float64(0.3), np.float64(1.0), np.float64(1.0), np.float64(1.0)))","(7, (1, 1, 2, 3, 3, 3, 5), (np.float64(0.0), np.float64(0.0), np.float64(0.0), np.float64(0.3), np.float64(1.0), np.float64(1.0), np.float64(1.0)), (1, 1, 1, 3, 3, 3, 3), 3, 1)"
488,7,9,"(7, (1, 1, 2, 3, 3, 4, 4))","(7, (1, 1, 2, 3, 3, 4, 4), (np.float64(0.0), np.float64(0.0), np.float64(0.333333333333), np.float64(0.333333333333), np.float64(0.5), np.float64(0.666666666667), np.float64(1.0)))","(7, (1, 1, 2, 3, 3, 4, 4), (np.float64(0.0), np.float64(0.0), np.float64(0.333333333333), np.float64(0.333333333333), np.float64(0.5), np.float64(0.666666666667), np.float64(1.0)), (1, 1, 2, 2, 2, 2, 2), 2, 1)"
489,7,9,"(7, (1, 1, 2, 3, 3, 4, 4))","(7, (1, 1, 2, 3, 3, 4, 4), (np.float64(0.0), np.float64(0.0), np.float64(0.333333333333), np.float64(0.333333333333), np.float64(0.5), np.float64(0.666666666667), np.float64(1.0)))","(7, (1, 1, 2, 3, 3, 4, 4), (np.float64(0.0), np.float64(0.0), np.float64(0.333333333333), np.float64(0.333333333333), np.float64(0.5), np.float64(0.666666666667), np.float64(1.0)), (1, 1, 2, 2, 2, 2, 2), 2, 1)"
490,7,9,"(7, (1, 1, 2, 3, 3, 4, 4))","(7, (1, 1, 2, 3, 3, 4, 4), (np.float64(0.0), np.float64(0.0), np.float64(0.0), np.float64(0.166666666667), np.float64(0.333333333333), np.float64(0.333333333333), np.float64(0.666666666667)))","(7, (1, 1, 2, 3, 3, 4, 4), (np.float64(0.0), np.float64(0.0), np.float64(0.0), np.float64(0.166666666667), np.float64(0.333333333333), np.float64(0.333333333333), np.float64(0.666666666667)), (1, 1, 2, 2, 2, 2, 2), 2, 1)"
491,7,9,"(7, (1, 1, 2, 3, 3, 4, 4))","(7, (1, 1, 2, 3, 3, 4, 4), (np.float64(0.0), np.float64(0.0), np.float64(0.0), np.float64(0.5), np.float64(0.5), np.float64(1.0), np.float64(1.0)))","(7, (1, 1, 2, 3, 3, 4, 4), (np.float64(0.0), np.float64(0.0), np.float64(0.0), np.float64(0.5), np.float64(0.5), np.float64(1.0), np.float64(1.0)), (1, 1, 1, 3, 3, 3, 3), 3, 1)"
492,7,9,"(7, (1, 1, 2, 3, 3, 4, 4))","(7, (1, 1, 2, 3, 3, 4, 4), (np.float64(0.0), np.float64(0.0), np.float64(0.166666666667), np.float64(0.5), np.float64(0.666666666667), np.float64(0.666666666667), np.float64(1.0)))","(7, (1, 1, 2, 3, 3, 4, 4), (np.float64(0.0), np.float64(0.0), np.float64(0.166666666667), np.float64(0.5), np.float64(0.666666666667), np.float64(0.666666666667), np.float64(1.0)), (1, 1, 2, 2, 2, 2, 2), 2, 1)"
493,7,9,"(7, (1, 1, 2, 3, 3, 4, 4))","(7, (1, 1, 2, 3, 3, 4, 4), (np.float64(0.0), np.float64(0.0), np.float64(0.0), np.float64(0.333333333333), np.float64(0.333333333333), np.float64(0.333333333333), np.float64(0.333333333333)))","(7, (1, 1, 2, 3, 3, 4, 4), (np.float64(0.0), np.float64(0.0), np.float64(0.0), np.float64(0.333333333333), np.float64(0.333333333333), np.float64(0.333333333333), np.float64(0.333333333333)), (1, 1, 2, 2, 2, 2, 2), 2, 1)"
494,7,9,"(7, (1, 1, 2, 3, 3, 4, 4))","(7, (1, 1, 2, 3, 3, 4, 4), (np.float64(0.0), np.float64(0.0), np.float64(0.333333333333), np.float64(0.333333333333), np.float64(0.5), np.float64(0.5), np.float64(1.0)))","(7, (1, 1, 2, 3, 3, 4, 4), (np.float64(0.0), np.float64(0.0), np.float64(0.333333333333), np.float64(0.333333333333), np.float64(0.5), np.float64(0.5), np.float64(1.0)), (1, 1, 2, 2, 2, 2, 2), 2, 1)"
495,7,9,"(7, (1, 1, 2, 3, 3, 4, 4))","(7, (1, 1, 2, 3, 3, 4, 4), (np.float64(0.0), np.float64(0.0), np.float64(0.0), np.float64(0.166666666667), np.float64(0.166666666667), np.float64(0.666666666667), np.float64(0.666666666667)))","(7, (1, 1, 2, 3, 3, 4, 4), (np.float64(0.0), np.float64(0.0), np.float64(0.0), np.float64(0.166666666667), np.float64(0.166666666667), np.float64(0.666666666667), np.float64(0.666666666667)), (1, 1, 2, 2, 2, 2, 2), 2, 1)"
496,7,9,"(7, (1, 1, 2, 3, 3, 4, 4))","(7, (1, 1, 2, 3, 3, 4, 4), (np.float64(0.0), np.float64(0.0), np.float64(0.666666666667), np.float64(0.666666666667), np.float64(1.0), np.float64(1.0), np.float64(1.0)))","(7, (1, 1, 2, 3, 3, 4, 4), (np.float64(0.0), np.float64(0.0), np.float64(0.666666666667), np.float64(0.666666666667), np.float64(1.0), np.float64(1.0), np.float64(1.0)), (1, 1, 2, 3, 3, 3, 3), 1, 2)"
497,7,9,"(7, (1, 1, 3, 3, 3, 3, 4))","(7, (1, 1, 3, 3, 3, 3, 4), (np.float64(0.0), np.float64(0.0), np.float64(0.333333333333), np.float64(0.333333333333), np.float64(0.5), np.float64(0.666666666667), np.float64(0.666666666667)))","(7, (1, 1, 3, 3, 3, 3, 4), (np.float64(0.0), np.float64(0.0), np.float64(0.333333333333), np.float64(0.333333333333), np.float64(0.5), np.float64(0.666666666667), np.float64(0.666666666667)), (1, 1, 2, 2, 2, 2, 2), 2, 1)"
498,7,9,"(7, (1, 1, 3, 3, 3, 3, 4))","(7, (1, 1, 3, 3, 3, 3, 4), (np.float64(0.0), np.float64(0.0), np.float64(0.0), np.float64(0.333333333333), np.float64(0.333333333333), np.float64(0.333333333333), np.float64(0.666666666667)))","(7, (1, 1, 3, 3, 3, 3, 4), (np.float64(0.0), np.float64(0.0), np.float64(0.0), np.float64(0.333333333333), np.float64(0.333333333333), np.float64(0.333333333333), np.float64(0.666666666667)), (1, 1, 2, 2, 2, 2, 2), 2, 1)"
499,7,9,"(7, (1, 1, 3, 3, 3, 3, 4))","(7, (1, 1, 3, 3, 3, 3, 4), (np.float64(0.0), np.float64(0.0), np.float64(0.0), np.float64(0.166666666667), np.float64(0.333333333333), np.float64(0.666666666667), np.float64(0.666666666667)))","(7, (1, 1, 3, 3, 3, 3, 4), (np.float64(0.0), np.float64(0.0), np.float64(0.0), np.float64(0.166666666667), np.float64(0.333333333333), np.float64(0.666666666667), np.float64(0.666666666667)), (1, 1, 2, 2, 2, 2, 2), 2, 1)"
500,7,9,"(7, (1, 1, 3, 3, 3, 3, 4))","(7, (1, 1, 3, 3, 3, 3, 4), (np.float64(0.0), np.float64(0.0), np.float64(0.0), np.float64(0.333333333333), np.float64(0.333333333333), np.float64(0.666666666667), np.float64(0.666666666667)))","(7, (1, 1, 3, 3, 3, 3, 4), (np.float64(0.0), np.float64(0.0), np.float64(0.0), np.float64(0.333333333333), np.float64(0.333333333333), np.float64(0.666666666667), np.float64(0.666666666667)), (1, 1, 2, 2, 2, 2, 2), 2, 1)"
501,7,9,"(7, (1, 1, 3, 3, 3, 3, 4))","(7, (1, 1, 3, 3, 3, 3, 4), (np.float64(0.0), np.float64(0.0), np.float64(0.0), np.float64(0.5), np.float64(1.0), np.float64(1.0), np.float64(1.0)))","(7, (1, 1, 3, 3, 3, 3, 4), (np.float64(0.0), np.float64(0.0), np.float64(0.0), np.float64(0.5), np.float64(1.0), np.float64(1.0), np.float64(1.0)), (1, 1, 1, 3, 3, 3, 3), 3, 1)"
502,7,9,"(7, (1, 1, 3, 3, 3, 3, 4))","(7, (1, 1, 3, 3, 3, 3, 4), (np.float64(0.0), np.float64(0.0), np.float64(0.666666666667), np.float64(0.666666666667), np.float64(0.666666666667), np.float64(0.666666666667), np.float64(0.666666666667)))","(7, (1, 1, 3, 3, 3, 3, 4), (np.float64(0.0), np.float64(0.0), np.float64(0.666666666667), np.float64(0.666666666667), np.float64(0.666666666667), np.float64(0.666666666667), np.float64(0.666666666667)), (1, 1, 3, 3, 3, 3, 3), 1, 2)"
503,7,9,"(7, (1, 2, 2, 2, 2, 3, 6))","(7, (1, 2, 2, 2, 2, 3, 6), (np.float64(0.0), np.float64(0.2), np.float64(0.666666666667), np.float64(1.0), np.float64(1.0), np.float64(1.0), np.float64(1.0)))","(7, (1, 2, 2, 2, 2, 3, 6), (np.float64(0.0), np.float64(0.2), np.float64(0.666666666667), np.float64(1.0), np.float64(1.0), np.float64(1.0), np.float64(1.0)), (1, 2, 2, 2, 2, 2, 2), 1, 1)"
504,7,9,"(7, (1, 2, 2, 2, 2, 4, 5))","(7, (1, 2, 2, 2, 2, 4, 5), (np.float64(0.0), np.float64(0.0), np.float64(0.0), np.float64(0.2), np.float64(0.333333333333), np.float64(1.0), np.float64(1.0)))","(7, (1, 2, 2, 2, 2, 4, 5), (np.float64(0.0), np.float64(0.0), np.float64(0.0), np.float64(0.2), np.float64(0.333333333333), np.float64(1.0), np.float64(1.0)), (1, 2, 2, 2, 2, 2, 2), 1, 1)"
505,7,9,"(7, (1, 2, 2, 2, 2, 4, 5))","(7, (1, 2, 2, 2, 2, 4, 5), (np.float64(0.0), np.float64(0.3), np.float64(0.333333333333), np.float64(1.0), np.float64(1.0), np.float64(1.0), np.float64(1.0)))","(7, (1, 2, 2, 2, 2, 4, 5), (np.float64(0.0), np.float64(0.3), np.float64(0.333333333333), np.float64(1.0), np.float64(1.0), np.float64(1.0), np.float64(1.0)), (1, 2, 2, 2, 2, 2, 2), 1, 1)"
506,7,9,"(7, (1, 2, 2, 2, 2, 4, 5))","(7, (1, 2, 2, 2, 2, 4, 5), (np.float64(0.0), np.float64(0.0), np.float64(0.3), np.float64(0.5), np.float64(1.0), np.float64(1.0), np.float64(1.0)))","(7, (1, 2, 2, 2, 2, 4, 5), (np.float64(0.0), np.float64(0.0), np.float64(0.3), np.float64(0.5), np.float64(1.0), np.float64(1.0), np.float64(1.0)), (1, 1, 2, 2, 2, 2, 2), 2, 1)"
507,7,9,"(7, (1, 2, 2, 2, 2, 4, 5))","(7, (1, 2, 2, 2, 2, 4, 5), (np.int64(0), np.int64(0), np.int64(0), np.int64(0), np.int64(0), np.int64(0), np.int64(0)))","(7, (1, 2, 2, 2, 2, 4, 5), (np.int64(0), np.int64(0), np.int64(0), np.int64(0), np.int64(0), np.int64(0), np.int64(0)), (1, 2, 2, 2, 2, 2, 2), 1, 1)"
508,7,9,"(7, (1, 2, 2, 2, 3, 3, 5))","(7, (1, 2, 2, 2, 3, 3, 5), (np.float64(0.0), np.float64(0.0), np.float64(0.0), np.float64(0.2), np.float64(0.333333333333), np.float64(0.666666666667), np.float64(1.0)))","(7, (1, 2, 2, 2, 3, 3, 5), (np.float64(0.0), np.float64(0.0), np.float64(0.0), np.float64(0.2), np.float64(0.333333333333), np.float64(0.666666666667), np.float64(1.0)), (1, 2, 2, 2, 2, 2, 2), 1, 1)"
509,7,9,"(7, (1, 2, 2, 2, 3, 3, 5))","(7, (1, 2, 2, 2, 3, 3, 5), (np.float64(0.0), np.float64(0.0), np.float64(0.3), np.float64(0.666666666667), np.float64(0.666666666667), np.float64(1.0), np.float64(1.0)))","(7, (1, 2, 2, 2, 3, 3, 5), (np.float64(0.0), np.float64(0.0), np.float64(0.3), np.float64(0.666666666667), np.float64(0.666666666667), np.float64(1.0), np.float64(1.0)), (1, 1, 2, 2, 2, 2, 2), 2, 1)"
510,7,9,"(7, (1, 2, 2, 2, 3, 3, 5))","(7, (1, 2, 2, 2, 3, 3, 5), (np.float64(0.0), np.float64(0.3), np.float64(0.333333333333), np.float64(0.666666666667), np.float64(1.0), np.float64(1.0), np.float64(1.0)))","(7, (1, 2, 2, 2, 3, 3, 5), (np.float64(0.0), np.float64(0.3), np.float64(0.333333333333), np.float64(0.666666666667), np.float64(1.0), np.float64(1.0), np.float64(1.0)), (1, 2, 2, 2, 2, 2, 2), 1, 1)"
511,7,9,"(7, (1, 2, 2, 2, 3, 3, 5))","(7, (1, 2, 2, 2, 3, 3, 5), (np.float64(0.0), np.float64(0.3), np.float64(0.333333333333), np.float64(0.666666666667), np.float64(1.0), np.float64(1.0), np.float64(1.0)))","(7, (1, 2, 2, 2, 3, 3, 5), (np.float64(0.0), np.float64(0.3), np.float64(0.333333333333), np.float64(0.666666666667), np.float64(1.0), np.float64(1.0), np.float64(1.0)), (1, 2, 2, 2, 2, 2, 2), 1, 1)"
512,7,9,"(7, (1, 2, 2, 2, 3, 3, 5))","(7, (1, 2, 2, 2, 3, 3, 5), (np.float64(0.0), np.float64(0.0), np.float64(0.2), np.float64(0.333333333333), np.float64(0.333333333333), np.float64(1.0), np.float64(1.0)))","(7, (1, 2, 2, 2, 3, 3, 5), (np.float64(0.0), np.float64(0.0), np.float64(0.2), np.float64(0.333333333333), np.float64(0.333333333333), np.float64(1.0), np.float64(1.0)), (1, 2, 2, 2, 2, 2, 2), 1, 1)"
513,7,9,"(7, (1, 2, 2, 2, 3, 3, 5))","(7, (1, 2, 2, 2, 3, 3, 5), (np.float64(0.0), np.float64(0.0), np.float64(0.0), np.float64(0.0), np.float64(0.1), np.float64(0.333333333333), np.float64(1.0)))","(7, (1, 2, 2, 2, 3, 3, 5), (np.float64(0.0), np.float64(0.0), np.float64(0.0), np.float64(0.0), np.float64(0.1), np.float64(0.333333333333), np.float64(1.0)), (1, 2, 2, 2, 2, 2, 2), 1, 1)"
514,7,9,"(7, (1, 2, 2, 2, 3, 3, 5))","(7, (1, 2, 2, 2, 3, 3, 5), (np.float64(0.0), np.float64(0.2), np.float64(0.666666666667), np.float64(0.666666666667), np.float64(1.0), np.float64(1.0), np.float64(1.0)))","(7, (1, 2, 2, 2, 3, 3, 5), (np.float64(0.0), np.float64(0.2), np.float64(0.666666666667), np.float64(0.666666666667), np.float64(1.0), np.float64(1.0), np.float64(1.0)), (1, 2, 2, 2, 2, 2, 2), 1, 1)"
515,7,9,"(7, (1, 2, 2, 2, 3, 4, 4))","(7, (1, 2, 2, 2, 3, 4, 4), (np.float64(0.0), np.float64(0.0), np.float64(0.333333333333), np.float64(0.5), np.float64(0.666666666667), np.float64(1.0), np.float64(1.0)))","(7, (1, 2, 2, 2, 3, 4, 4), (np.float64(0.0), np.float64(0.0), np.float64(0.333333333333), np.float64(0.5), np.float64(0.666666666667), np.float64(1.0), np.float64(1.0)), (1, 1, 2, 2, 2, 2, 2), 2, 1)"
516,7,9,"(7, (1, 2, 2, 2, 3, 4, 4))","(7, (1, 2, 2, 2, 3, 4, 4), (np.float64(0.0), np.float64(0.0), np.float64(0.0), np.float64(0.333333333333), np.float64(0.333333333333), np.float64(0.333333333333), np.float64(1.0)))","(7, (1, 2, 2, 2, 3, 4, 4), (np.float64(0.0), np.float64(0.0), np.float64(0.0), np.float64(0.333333333333), np.float64(0.333333333333), np.float64(0.333333333333), np.float64(1.0)), (1, 2, 2, 2, 2, 2, 2), 1, 1)"
517,7,9,"(7, (1, 2, 2, 2, 3, 4, 4))","(7, (1, 2, 2, 2, 3, 4, 4), (np.float64(0.0), np.float64(0.0), np.float64(0.0), np.float64(0.166666666667), np.float64(0.333333333333), np.float64(0.666666666667), np.float64(1.0)))","(7, (1, 2, 2, 2, 3, 4, 4), (np.float64(0.0), np.float64(0.0), np.float64(0.0), np.float64(0.166666666667), np.float64(0.333333333333), np.float64(0.666666666667), np.float64(1.0)), (1, 2, 2, 2, 2, 2, 2), 1, 1)"
518,7,9,"(7, (1, 2, 2, 2, 3, 4, 4))","(7, (1, 2, 2, 2, 3, 4, 4), (np.float64(0.0), np.float64(0.0), np.float64(0.166666666667), np.float64(0.333333333333), np.float64(0.333333333333), np.float64(1.0), np.float64(1.0)))","(7, (1, 2, 2, 2, 3, 4, 4), (np.float64(0.0), np.float64(0.0), np.float64(0.166666666667), np.float64(0.333333333333), np.float64(0.333333333333), np.float64(1.0), np.float64(1.0)), (1, 2, 2, 2, 2, 2, 2), 1, 1)"
519,7,9,"(7, (1, 2, 2, 2, 3, 4, 4))","(7, (1, 2, 2, 2, 3, 4, 4), (np.float64(0.0), np.float64(0.0), np.float64(0.0), np.float64(0.333333333333), np.float64(0.333333333333), np.float64(0.333333333333), np.float64(1.0)))","(7, (1, 2, 2, 2, 3, 4, 4), (np.float64(0.0), np.float64(0.0), np.float64(0.0), np.float64(0.333333333333), np.float64(0.333333333333), np.float64(0.333333333333), np.float64(1.0)), (1, 2, 2, 2, 2, 2, 2), 1, 1)"
520,7,9,"(7, (1, 2, 2, 2, 3, 4, 4))","(7, (1, 2, 2, 2, 3, 4, 4), (np.float64(0.0), np.float64(0.0), np.float64(0.0), np.float64(0.333333333333), np.float64(0.333333333333), np.float64(1.0), np.float64(1.0)))","(7, (1, 2, 2, 2, 3, 4, 4), (np.float64(0.0), np.float64(0.0), np.float64(0.0), np.float64(0.333333333333), np.float64(0.333333333333), np.float64(1.0), np.float64(1.0)), (1, 2, 2, 2, 2, 2, 2), 1, 1)"
521,7,9,"(7, (1, 2, 2, 2, 3, 4, 4))","(7, (1, 2, 2, 2, 3, 4, 4), (np.float64(0.0), np.float64(0.333333333333), np.float64(0.333333333333), np.float64(0.666666666667), np.float64(1.0), np.float64(1.0), np.float64(1.0)))","(7, (1, 2, 2, 2, 3, 4, 4), (np.float64(0.0), np.float64(0.333333333333), np.float64(0.333333333333), np.float64(0.666666666667), np.float64(1.0), np.float64(1.0), np.float64(1.0)), (1, 2, 2, 2, 2, 2, 2), 1, 1)"
522,7,9,"(7, (1, 2, 2, 2, 3, 4, 4))","(7, (1, 2, 2, 2, 3, 4, 4), (np.float64(0.0), np.float64(0.0), np.float64(0.0), np.float64(0.0), np.float64(0.166666666667), np.float64(0.166666666667), np.float64(1.0)))","(7, (1, 2, 2, 2, 3, 4, 4), (np.float64(0.0), np.float64(0.0), np.float64(0.0), np.float64(0.0), np.float64(0.166666666667), np.float64(0.166666666667), np.float64(1.0)), (1, 2, 2, 2, 2, 2, 2), 1, 1)"
523,7,9,"(7, (1, 2, 2, 2, 3, 4, 4))","(7, (1, 2, 2, 2, 3, 4, 4), (np.float64(0.0), np.float64(0.0), np.float64(0.0), np.float64(0.0), np.float64(0.166666666667), np.float64(0.333333333333), np.float64(1.0)))","(7, (1, 2, 2, 2, 3, 4, 4), (np.float64(0.0), np.float64(0.0), np.float64(0.0), np.float64(0.0), np.float64(0.166666666667), np.float64(0.333333333333), np.float64(1.0)), (1, 2, 2, 2, 2, 2, 2), 1, 1)"
524,7,9,"(7, (1, 2, 2, 2, 3, 4, 4))","(7, (1, 2, 2, 2, 3, 4, 4), (np.float64(0.0), np.float64(0.0), np.float64(0.333333333333), np.float64(0.5), np.float64(0.5), np.float64(1.0), np.float64(1.0)))","(7, (1, 2, 2, 2, 3, 4, 4), (np.float64(0.0), np.float64(0.0), np.float64(0.333333333333), np.float64(0.5), np.float64(0.5), np.float64(1.0), np.float64(1.0)), (1, 1, 2, 2, 2, 2, 2), 2, 1)"
525,7,9,"(7, (1, 2, 2, 2, 3, 4, 4))","(7, (1, 2, 2, 2, 3, 4, 4), (np.int64(0), np.int64(0), np.int64(0), np.int64(0), np.int64(0), np.int64(0), np.int64(0)))","(7, (1, 2, 2, 2, 3, 4, 4), (np.int64(0), np.int64(0), np.int64(0), np.int64(0), np.int64(0), np.int64(0), np.int64(0)), (1, 2, 2, 2, 2, 2, 2), 1, 1)"
526,7,9,"(7, (1, 2, 2, 3, 3, 3, 4))","(7, (1, 2, 2, 3, 3, 3, 4), (np.float64(0.0), np.float64(0.0), np.float64(0.333333333333), np.float64(0.5), np.float64(0.666666666667), np.float64(0.666666666667), np.float64(1.0)))","(7, (1, 2, 2, 3, 3, 3, 4), (np.float64(0.0), np.float64(0.0), np.float64(0.333333333333), np.float64(0.5), np.float64(0.666666666667), np.float64(0.666666666667), np.float64(1.0)), (1, 1, 2, 2, 2, 2, 2), 2, 1)"
527,7,9,"(7, (1, 2, 2, 3, 3, 3, 4))","(7, (1, 2, 2, 3, 3, 3, 4), (np.float64(0.0), np.float64(0.0), np.float64(0.0), np.float64(0.333333333333), np.float64(0.333333333333), np.float64(0.666666666667), np.float64(1.0)))","(7, (1, 2, 2, 3, 3, 3, 4), (np.float64(0.0), np.float64(0.0), np.float64(0.0), np.float64(0.333333333333), np.float64(0.333333333333), np.float64(0.666666666667), np.float64(1.0)), (1, 2, 2, 2, 2, 2, 2), 1, 1)"
528,7,9,"(7, (1, 2, 2, 3, 3, 3, 4))","(7, (1, 2, 2, 3, 3, 3, 4), (np.float64(0.0), np.float64(0.0), np.float64(0.0), np.float64(0.333333333333), np.float64(0.333333333333), np.float64(0.666666666667), np.float64(1.0)))","(7, (1, 2, 2, 3, 3, 3, 4), (np.float64(0.0), np.float64(0.0), np.float64(0.0), np.float64(0.333333333333), np.float64(0.333333333333), np.float64(0.666666666667), np.float64(1.0)), (1, 2, 2, 2, 2, 2, 2), 1, 1)"
529,7,9,"(7, (1, 2, 2, 3, 3, 3, 4))","(7, (1, 2, 2, 3, 3, 3, 4), (np.float64(0.0), np.float64(0.0), np.float64(0.0), np.float64(0.333333333333), np.float64(0.333333333333), np.float64(0.333333333333), np.float64(0.666666666667)))","(7, (1, 2, 2, 3, 3, 3, 4), (np.float64(0.0), np.float64(0.0), np.float64(0.0), np.float64(0.333333333333), np.float64(0.333333333333), np.float64(0.333333333333), np.float64(0.666666666667)), (1, 2, 2, 2, 2, 2, 2), 1, 1)"
530,7,9,"(7, (1, 2, 2, 3, 3, 3, 4))","(7, (1, 2, 2, 3, 3, 3, 4), (np.float64(0.0), np.float64(0.0), np.float64(0.333333333333), np.float64(0.333333333333), np.float64(0.333333333333), np.float64(0.333333333333), np.float64(1.0)))","(7, (1, 2, 2, 3, 3, 3, 4), (np.float64(0.0), np.float64(0.0), np.float64(0.333333333333), np.float64(0.333333333333), np.float64(0.333333333333), np.float64(0.333333333333), np.float64(1.0)), (1, 2, 2, 2, 2, 2, 2), 1, 1)"
531,7,9,"(7, (1, 2, 2, 3, 3, 3, 4))","(7, (1, 2, 2, 3, 3, 3, 4), (np.float64(0.0), np.float64(0.0), np.float64(0.0), np.float64(0.0), np.float64(0.166666666667), np.float64(0.333333333333), np.float64(0.333333333333)))","(7, (1, 2, 2, 3, 3, 3, 4), (np.float64(0.0), np.float64(0.0), np.float64(0.0), np.float64(0.0), np.float64(0.166666666667), np.float64(0.333333333333), np.float64(0.333333333333)), (1, 2, 2, 2, 2, 2, 2), 1, 1)"
532,7,9,"(7, (1, 2, 2, 3, 3, 3, 4))","(7, (1, 2, 2, 3, 3, 3, 4), (np.float64(0.0), np.float64(0.0), np.float64(0.0), np.float64(0.0), np.float64(0.166666666667), np.float64(0.333333333333), np.float64(1.0)))","(7, (1, 2, 2, 3, 3, 3, 4), (np.float64(0.0), np.float64(0.0), np.float64(0.0), np.float64(0.0), np.float64(0.166666666667), np.float64(0.333333333333), np.float64(1.0)), (1, 2, 2, 2, 2, 2, 2), 1, 1)"
533,7,9,"(7, (1, 2, 2, 3, 3, 3, 4))","(7, (1, 2, 2, 3, 3, 3, 4), (np.float64(0.0), np.float64(0.166666666667), np.float64(0.333333333333), np.float64(0.333333333333), np.float64(0.333333333333), np.float64(1.0), np.float64(1.0)))","(7, (1, 2, 2, 3, 3, 3, 4), (np.float64(0.0), np.float64(0.166666666667), np.float64(0.333333333333), np.float64(0.333333333333), np.float64(0.333333333333), np.float64(1.0), np.float64(1.0)), (1, 2, 2, 2, 2, 2, 2), 1, 1)"
534,7,9,"(7, (1, 2, 2, 3, 3, 3, 4))","(7, (1, 2, 2, 3, 3, 3, 4), (np.float64(0.0), np.float64(0.0), np.float64(0.0), np.float64(0.333333333333), np.float64(0.333333333333), np.float64(0.333333333333), np.float64(0.666666666667)))","(7, (1, 2, 2, 3, 3, 3, 4), (np.float64(0.0), np.float64(0.0), np.float64(0.0), np.float64(0.333333333333), np.float64(0.333333333333), np.float64(0.333333333333), np.float64(0.666666666667)), (1, 1, 2, 2, 2, 2, 2), 2, 1)"
535,7,9,"(7, (1, 2, 2, 3, 3, 3, 4))","(7, (1, 2, 2, 3, 3, 3, 4), (np.float64(0.0), np.float64(0.0), np.float64(0.0), np.float64(0.333333333333), np.float64(0.333333333333), np.float64(0.333333333333), np.float64(0.666666666667)))","(7, (1, 2, 2, 3, 3, 3, 4), (np.float64(0.0), np.float64(0.0), np.float64(0.0), np.float64(0.333333333333), np.float64(0.333333333333), np.float64(0.333333333333), np.float64(0.666666666667)), (1, 2, 2, 2, 2, 2, 2), 1, 1)"
536,7,9,"(7, (1, 2, 2, 3, 3, 3, 4))","(7, (1, 2, 2, 3, 3, 3, 4), (np.float64(0.0), np.float64(0.333333333333), np.float64(0.333333333333), np.float64(0.666666666667), np.float64(0.666666666667), np.float64(1.0), np.float64(1.0)))","(7, (1, 2, 2, 3, 3, 3, 4), (np.float64(0.0), np.float64(0.333333333333), np.float64(0.333333333333), np.float64(0.666666666667), np.float64(0.666666666667), np.float64(1.0), np.float64(1.0)), (1, 2, 2, 2, 2, 2, 2), 1, 1)"
537,7,9,"(7, (1, 2, 2, 3, 3, 3, 4))","(7, (1, 2, 2, 3, 3, 3, 4), (np.float64(0.0), np.float64(0.0), np.float64(0.0), np.float64(0.166666666667), np.float64(0.333333333333), np.float64(0.666666666667), np.float64(0.666666666667)))","(7, (1, 2, 2, 3, 3, 3, 4), (np.float64(0.0), np.float64(0.0), np.float64(0.0), np.float64(0.166666666667), np.float64(0.333333333333), np.float64(0.666666666667), np.float64(0.666666666667)), (1, 1, 2, 2, 2, 2, 2), 2, 1)"
538,7,9,"(7, (1, 2, 2, 3, 3, 3, 4))","(7, (1, 2, 2, 3, 3, 3, 4), (np.float64(0.0), np.float64(0.0), np.float64(0.0), np.float64(0.166666666667), np.float64(0.333333333333), np.float64(0.666666666667), np.float64(0.666666666667)))","(7, (1, 2, 2, 3, 3, 3, 4), (np.float64(0.0), np.float64(0.0), np.float64(0.0), np.float64(0.166666666667), np.float64(0.333333333333), np.float64(0.666666666667), np.float64(0.666666666667)), (1, 2, 2, 2, 2, 2, 2), 1, 1)"
539,7,9,"(7, (1, 2, 2, 3, 3, 3, 4))","(7, (1, 2, 2, 3, 3, 3, 4), (np.float64(0.0), np.float64(0.0), np.float64(0.0), np.float64(0.0), np.float64(0.166666666667), np.float64(0.333333333333), np.float64(0.333333333333)))","(7, (1, 2, 2, 3, 3, 3, 4), (np.float64(0.0), np.float64(0.0), np.float64(0.0), np.float64(0.0), np.float64(0.166666666667), np.float64(0.333333333333), np.float64(0.333333333333)), (1, 2, 2, 2, 2, 2, 2), 1, 1)"
540,7,9,"(7, (1, 2, 2, 3, 3, 3, 4))","(7, (1, 2, 2, 3, 3, 3, 4), (np.float64(0.0), np.float64(0.0), np.float64(0.0), np.float64(0.0), np.float64(0.166666666667), np.float64(0.333333333333), np.float64(0.333333333333)))","(7, (1, 2, 2, 3, 3, 3, 4), (np.float64(0.0), np.float64(0.0), np.float64(0.0), np.float64(0.0), np.float64(0.166666666667), np.float64(0.333333333333), np.float64(0.333333333333)), (1, 2, 2, 2, 2, 2, 2), 1, 1)"
541,7,9,"(7, (1, 2, 2, 3, 3, 3, 4))","(7, (1, 2, 2, 3, 3, 3, 4), (np.float64(0.0), np.float64(0.0), np.float64(0.333333333333), np.float64(0.333333333333), np.float64(0.333333333333), np.float64(1.0), np.float64(1.0)))","(7, (1, 2, 2, 3, 3, 3, 4), (np.float64(0.0), np.float64(0.0), np.float64(0.333333333333), np.float64(0.333333333333), np.float64(0.333333333333), np.float64(1.0), np.float64(1.0)), (1, 2, 2, 2, 2, 2, 2), 1, 1)"
542,7,9,"(7, (1, 2, 2, 3, 3, 3, 4))","(7, (1, 2, 2, 3, 3, 3, 4), (np.int64(0), np.int64(0), np.int64(0), np.int64(0), np.int64(0), np.int64(0), np.int64(0)))","(7, (1, 2, 2, 3, 3, 3, 4), (np.int64(0), np.int64(0), np.int64(0), np.int64(0), np.int64(0), np.int64(0), np.int64(0)), (1, 2, 2, 2, 2, 2, 2), 1, 1)"
543,7,9,"(7, (1, 2, 2, 3, 3, 3, 4))","(7, (1, 2, 2, 3, 3, 3, 4), (np.float64(0.0), np.float64(0.0), np.float64(0.0), np.float64(0.0), np.float64(0.333333333333), np.float64(0.333333333333), np.float64(0.333333333333)))","(7, (1, 2, 2, 3, 3, 3, 4), (np.float64(0.0), np.float64(0.0), np.float64(0.0), np.float64(0.0), np.float64(0.333333333333), np.float64(0.333333333333), np.float64(0.333333333333)), (1, 2, 2, 2, 2, 2, 2), 1, 1)"
544,7,9,"(7, (1, 2, 2, 3, 3, 3, 4))","(7, (1, 2, 2, 3, 3, 3, 4), (np.float64(0.0), np.float64(0.333333333333), np.float64(0.333333333333), np.float64(0.666666666667), np.float64(0.666666666667), np.float64(1.0), np.float64(1.0)))","(7, (1, 2, 2, 3, 3, 3, 4), (np.float64(0.0), np.float64(0.333333333333), np.float64(0.333333333333), np.float64(0.666666666667), np.float64(0.666666666667), np.float64(1.0), np.float64(1.0)), (1, 2, 2, 2, 2, 2, 2), 1, 1)"
545,7,9,"(7, (1, 2, 2, 3, 3, 3, 4))","(7, (1, 2, 2, 3, 3, 3, 4), (np.float64(0.0), np.float64(0.0), np.float64(0.0), np.float64(0.5), np.float64(1.0), np.float64(1.0), np.float64(1.0)))","(7, (1, 2, 2, 3, 3, 3, 4), (np.float64(0.0), np.float64(0.0), np.float64(0.0), np.float64(0.5), np.float64(1.0), np.float64(1.0), np.float64(1.0)), (1, 1, 1, 3, 3, 3, 3), 3, 1)"
546,7,9,"(7, (1, 2, 3, 3, 3, 3, 3))","(7, (1, 2, 3, 3, 3, 3, 3), (np.float64(0.0), np.float64(0.0), np.float64(0.0), np.float64(0.0), np.float64(0.333333333333), np.float64(0.333333333333), np.float64(0.333333333333)))","(7, (1, 2, 3, 3, 3, 3, 3), (np.float64(0.0), np.float64(0.0), np.float64(0.0), np.float64(0.0), np.float64(0.333333333333), np.float64(0.333333333333), np.float64(0.333333333333)), (1, 2, 2, 2, 2, 2, 2), 1, 1)"
547,7,9,"(7, (1, 2, 3, 3, 3, 3, 3))","(7, (1, 2, 3, 3, 3, 3, 3), (np.float64(0.0), np.float64(0.0), np.float64(0.0), np.float64(0.333333333333), np.float64(0.333333333333), np.float64(0.666666666667), np.float64(0.666666666667)))","(7, (1, 2, 3, 3, 3, 3, 3), (np.float64(0.0), np.float64(0.0), np.float64(0.0), np.float64(0.333333333333), np.float64(0.333333333333), np.float64(0.666666666667), np.float64(0.666666666667)), (1, 2, 2, 2, 2, 2, 2), 1, 1)"
548,7,9,"(7, (1, 2, 3, 3, 3, 3, 3))","(7, (1, 2, 3, 3, 3, 3, 3), (np.float64(0.0), np.float64(0.333333333333), np.float64(0.333333333333), np.float64(0.333333333333), np.float64(0.333333333333), np.float64(0.333333333333), np.float64(1.0)))","(7, (1, 2, 3, 3, 3, 3, 3), (np.float64(0.0), np.float64(0.333333333333), np.float64(0.333333333333), np.float64(0.333333333333), np.float64(0.333333333333), np.float64(0.333333333333), np.float64(1.0)), (1, 2, 2, 2, 2, 2, 2), 1, 1)"
549,7,9,"(7, (1, 2, 3, 3, 3, 3, 3))","(7, (1, 2, 3, 3, 3, 3, 3), (np.float64(0.0), np.float64(0.0), np.float64(0.0), np.float64(0.333333333333), np.float64(0.333333333333), np.float64(0.666666666667), np.float64(0.666666666667)))","(7, (1, 2, 3, 3, 3, 3, 3), (np.float64(0.0), np.float64(0.0), np.float64(0.0), np.float64(0.333333333333), np.float64(0.333333333333), np.float64(0.666666666667), np.float64(0.666666666667)), (1, 1, 2, 2, 2, 2, 2), 2, 1)"
550,7,9,"(7, (1, 2, 3, 3, 3, 3, 3))","(7, (1, 2, 3, 3, 3, 3, 3), (np.int64(0), np.int64(0), np.int64(0), np.int64(0), np.int64(0), np.int64(0), np.int64(0)))","(7, (1, 2, 3, 3, 3, 3, 3), (np.int64(0), np.int64(0), np.int64(0), np.int64(0), np.int64(0), np.int64(0), np.int64(0)), (1, 2, 2, 2, 2, 2, 2), 1, 1)"
551,7,9,"(7, (2, 2, 2, 2, 2, 2, 6))","(7, (2, 2, 2, 2, 2, 2, 6), (np.float64(0.2), np.float64(1.0), np.float64(1.0), np.float64(1.0), np.float64(1.0), np.float64(1.0), np.float64(1.0)))","(7, (2, 2, 2, 2, 2, 2, 6), (np.float64(0.2), np.float64(1.0), np.float64(1.0), np.float64(1.0), np.float64(1.0), np.float64(1.0), np.float64(1.0)), (2, 2, 2, 2, 2, 2, 2), 0, 1)"
552,7,9,"(7, (2, 2, 2, 2, 2, 3, 5))","(7, (2, 2, 2, 2, 2, 3, 5), (np.float64(0.0), np.float64(0.0), np.float64(0.2), np.float64(0.333333333333), np.float64(1.0), np.float64(1.0), np.float64(1.0)))","(7, (2, 2, 2, 2, 2, 3, 5), (np.float64(0.0), np.float64(0.0), np.float64(0.2), np.float64(0.333333333333), np.float64(1.0), np.float64(1.0), np.float64(1.0)), (2, 2, 2, 2, 2, 2, 2), 0, 1)"
553,7,9,"(7, (2, 2, 2, 2, 2, 3, 5))","(7, (2, 2, 2, 2, 2, 3, 5), (np.float64(0.0), np.float64(0.0), np.float64(0.0), np.float64(0.2), np.float64(0.666666666667), np.float64(1.0), np.float64(1.0)))","(7, (2, 2, 2, 2, 2, 3, 5), (np.float64(0.0), np.float64(0.0), np.float64(0.0), np.float64(0.2), np.float64(0.666666666667), np.float64(1.0), np.float64(1.0)), (2, 2, 2, 2, 2, 2, 2), 0, 1)"
554,7,9,"(7, (2, 2, 2, 2, 2, 3, 5))","(7, (2, 2, 2, 2, 2, 3, 5), (np.float64(0.0), np.float64(0.0), np.float64(0.0), np.float64(0.0), np.float64(0.1), np.float64(1.0), np.float64(1.0)))","(7, (2, 2, 2, 2, 2, 3, 5), (np.float64(0.0), np.float64(0.0), np.float64(0.0), np.float64(0.0), np.float64(0.1), np.float64(1.0), np.float64(1.0)), (2, 2, 2, 2, 2, 2, 2), 0, 1)"
555,7,9,"(7, (2, 2, 2, 2, 2, 4, 4))","(7, (2, 2, 2, 2, 2, 4, 4), (np.float64(0.0), np.float64(0.0), np.float64(0.0), np.float64(0.0), np.float64(0.166666666667), np.float64(0.166666666667), np.float64(1.0)))","(7, (2, 2, 2, 2, 2, 4, 4), (np.float64(0.0), np.float64(0.0), np.float64(0.0), np.float64(0.0), np.float64(0.166666666667), np.float64(0.166666666667), np.float64(1.0)), (2, 2, 2, 2, 2, 2, 2), 0, 1)"
556,7,9,"(7, (2, 2, 2, 2, 2, 4, 4))","(7, (2, 2, 2, 2, 2, 4, 4), (np.float64(0.0), np.float64(0.0), np.float64(0.0), np.float64(0.333333333333), np.float64(0.333333333333), np.float64(1.0), np.float64(1.0)))","(7, (2, 2, 2, 2, 2, 4, 4), (np.float64(0.0), np.float64(0.0), np.float64(0.0), np.float64(0.333333333333), np.float64(0.333333333333), np.float64(1.0), np.float64(1.0)), (2, 2, 2, 2, 2, 2, 2), 0, 1)"
557,7,9,"(7, (2, 2, 2, 2, 2, 4, 4))","(7, (2, 2, 2, 2, 2, 4, 4), (np.float64(0.333333333333), np.float64(0.333333333333), np.float64(1.0), np.float64(1.0), np.float64(1.0), np.float64(1.0), np.float64(1.0)))","(7, (2, 2, 2, 2, 2, 4, 4), (np.float64(0.333333333333), np.float64(0.333333333333), np.float64(1.0), np.float64(1.0), np.float64(1.0), np.float64(1.0), np.float64(1.0)), (2, 2, 2, 2, 2, 2, 2), 0, 1)"
558,7,9,"(7, (2, 2, 2, 2, 2, 4, 4))","(7, (2, 2, 2, 2, 2, 4, 4), (np.int64(0), np.int64(0), np.int64(0), np.int64(0), np.int64(0), np.int64(0), np.int64(0)))","(7, (2, 2, 2, 2, 2, 4, 4), (np.int64(0), np.int64(0), np.int64(0), np.int64(0), np.int64(0), np.int64(0), np.int64(0)), (2, 2, 2, 2, 2, 2, 2), 0, 1)"
559,7,9,"(7, (2, 2, 2, 2, 3, 3, 4))","(7, (2, 2, 2, 2, 3, 3, 4), (np.float64(0.0), np.float64(0.0), np.float64(0.0), np.float64(0.333333333333), np.float64(0.333333333333), np.float64(0.666666666667), np.float64(1.0)))","(7, (2, 2, 2, 2, 3, 3, 4), (np.float64(0.0), np.float64(0.0), np.float64(0.0), np.float64(0.333333333333), np.float64(0.333333333333), np.float64(0.666666666667), np.float64(1.0)), (2, 2, 2, 2, 2, 2, 2), 0, 1)"
560,7,9,"(7, (2, 2, 2, 2, 3, 3, 4))","(7, (2, 2, 2, 2, 3, 3, 4), (np.float64(0.0), np.float64(0.0), np.float64(0.0), np.float64(0.0), np.float64(0.166666666667), np.float64(0.333333333333), np.float64(1.0)))","(7, (2, 2, 2, 2, 3, 3, 4), (np.float64(0.0), np.float64(0.0), np.float64(0.0), np.float64(0.0), np.float64(0.166666666667), np.float64(0.333333333333), np.float64(1.0)), (2, 2, 2, 2, 2, 2, 2), 0, 1)"
561,7,9,"(7, (2, 2, 2, 2, 3, 3, 4))","(7, (2, 2, 2, 2, 3, 3, 4), (np.float64(0.0), np.float64(0.0), np.float64(0.0), np.float64(0.0), np.float64(0.166666666667), np.float64(0.333333333333), np.float64(1.0)))","(7, (2, 2, 2, 2, 3, 3, 4), (np.float64(0.0), np.float64(0.0), np.float64(0.0), np.float64(0.0), np.float64(0.166666666667), np.float64(0.333333333333), np.float64(1.0)), (2, 2, 2, 2, 2, 2, 2), 0, 1)"
562,7,9,"(7, (2, 2, 2, 2, 3, 3, 4))","(7, (2, 2, 2, 2, 3, 3, 4), (np.float64(0.0), np.float64(0.166666666667), np.float64(0.333333333333), np.float64(0.333333333333), np.float64(1.0), np.float64(1.0), np.float64(1.0)))","(7, (2, 2, 2, 2, 3, 3, 4), (np.float64(0.0), np.float64(0.166666666667), np.float64(0.333333333333), np.float64(0.333333333333), np.float64(1.0), np.float64(1.0), np.float64(1.0)), (2, 2, 2, 2, 2, 2, 2), 0, 1)"
563,7,9,"(7, (2, 2, 2, 2, 3, 3, 4))","(7, (2, 2, 2, 2, 3, 3, 4), (np.float64(0.0), np.float64(0.0), np.float64(0.333333333333), np.float64(0.333333333333), np.float64(0.333333333333), np.float64(1.0), np.float64(1.0)))","(7, (2, 2, 2, 2, 3, 3, 4), (np.float64(0.0), np.float64(0.0), np.float64(0.333333333333), np.float64(0.333333333333), np.float64(0.333333333333), np.float64(1.0), np.float64(1.0)), (2, 2, 2, 2, 2, 2, 2), 0, 1)"
564,7,9,"(7, (2, 2, 2, 2, 3, 3, 4))","(7, (2, 2, 2, 2, 3, 3, 4), (np.float64(0.0), np.float64(0.0), np.float64(0.0), np.float64(0.0), np.float64(0.166666666667), np.float64(0.333333333333), np.float64(1.0)))","(7, (2, 2, 2, 2, 3, 3, 4), (np.float64(0.0), np.float64(0.0), np.float64(0.0), np.float64(0.0), np.float64(0.166666666667), np.float64(0.333333333333), np.float64(1.0)), (2, 2, 2, 2, 2, 2, 2), 0, 1)"
565,7,9,"(7, (2, 2, 2, 2, 3, 3, 4))","(7, (2, 2, 2, 2, 3, 3, 4), (np.int64(0), np.int64(0), np.int64(0), np.int64(0), np.int64(0), np.int64(0), np.int64(0)))","(7, (2, 2, 2, 2, 3, 3, 4), (np.int64(0), np.int64(0), np.int64(0), np.int64(0), np.int64(0), np.int64(0), np.int64(0)), (2, 2, 2, 2, 2, 2, 2), 0, 1)"
566,7,9,"(7, (2, 2, 2, 2, 3, 3, 4))","(7, (2, 2, 2, 2, 3, 3, 4), (np.float64(0.0), np.float64(0.0), np.float64(0.0), np.float64(0.0), np.float64(0.166666666667), np.float64(0.333333333333), np.float64(0.333333333333)))","(7, (2, 2, 2, 2, 3, 3, 4), (np.float64(0.0), np.float64(0.0), np.float64(0.0), np.float64(0.0), np.float64(0.166666666667), np.float64(0.333333333333), np.float64(0.333333333333)), (2, 2, 2, 2, 2, 2, 2), 0, 1)"
567,7,9,"(7, (2, 2, 2, 2, 3, 3, 4))","(7, (2, 2, 2, 2, 3, 3, 4), (np.float64(0.333333333333), np.float64(0.333333333333), np.float64(0.666666666667), np.float64(1.0), np.float64(1.0), np.float64(1.0), np.float64(1.0)))","(7, (2, 2, 2, 2, 3, 3, 4), (np.float64(0.333333333333), np.float64(0.333333333333), np.float64(0.666666666667), np.float64(1.0), np.float64(1.0), np.float64(1.0), np.float64(1.0)), (2, 2, 2, 2, 2, 2, 2), 1, 1)"
568,7,9,"(7, (2, 2, 2, 2, 3, 3, 4))","(7, (2, 2, 2, 2, 3, 3, 4), (np.float64(0.0), np.float64(0.0), np.float64(0.0), np.float64(0.166666666667), np.float64(0.666666666667), np.float64(0.666666666667), np.float64(1.0)))","(7, (2, 2, 2, 2, 3, 3, 4), (np.float64(0.0), np.float64(0.0), np.float64(0.0), np.float64(0.166666666667), np.float64(0.666666666667), np.float64(0.666666666667), np.float64(1.0)), (2, 2, 2, 2, 2, 2, 2), 0, 1)"
569,7,9,"(7, (2, 2, 2, 2, 3, 3, 4))","(7, (2, 2, 2, 2, 3, 3, 4), (np.float64(0.0), np.float64(0.0), np.float64(0.333333333333), np.float64(0.333333333333), np.float64(0.333333333333), np.float64(1.0), np.float64(1.0)))","(7, (2, 2, 2, 2, 3, 3, 4), (np.float64(0.0), np.float64(0.0), np.float64(0.333333333333), np.float64(0.333333333333), np.float64(0.333333333333), np.float64(1.0), np.float64(1.0)), (2, 2, 2, 2, 2, 2, 2), 0, 1)"
570,7,9,"(7, (2, 2, 2, 2, 3, 3, 4))","(7, (2, 2, 2, 2, 3, 3, 4), (np.float64(0.0), np.float64(0.0), np.float64(0.0), np.float64(0.0), np.float64(0.166666666667), np.float64(1.0), np.float64(1.0)))","(7, (2, 2, 2, 2, 3, 3, 4), (np.float64(0.0), np.float64(0.0), np.float64(0.0), np.float64(0.0), np.float64(0.166666666667), np.float64(1.0), np.float64(1.0)), (2, 2, 2, 2, 2, 2, 2), 0, 1)"
571,7,9,"(7, (2, 2, 2, 2, 3, 3, 4))","(7, (2, 2, 2, 2, 3, 3, 4), (np.int64(0), np.int64(0), np.int64(0), np.int64(0), np.int64(0), np.int64(0), np.int64(0)))","(7, (2, 2, 2, 2, 3, 3, 4), (np.int64(0), np.int64(0), np.int64(0), np.int64(0), np.int64(0), np.int64(0), np.int64(0)), (2, 2, 2, 2, 2, 2, 2), 0, 1)"
572,7,9,"(7, (2, 2, 2, 3, 3, 3, 3))","(7, (2, 2, 2, 3, 3, 3, 3), (np.float64(0.0), np.float64(0.0), np.float64(0.0), np.float64(0.0), np.float64(0.333333333333), np.float64(0.333333333333), np.float64(0.333333333333)))","(7, (2, 2, 2, 3, 3, 3, 3), (np.float64(0.0), np.float64(0.0), np.float64(0.0), np.float64(0.0), np.float64(0.333333333333), np.float64(0.333333333333), np.float64(0.333333333333)), (2, 2, 2, 2, 2, 2, 2), 0, 1)"
573,7,9,"(7, (2, 2, 2, 3, 3, 3, 3))","(7, (2, 2, 2, 3, 3, 3, 3), (np.int64(0), np.int64(0), np.int64(0), np.int64(0), np.int64(0), np.int64(0), np.int64(0)))","(7, (2, 2, 2, 3, 3, 3, 3), (np.int64(0), np.int64(0), np.int64(0), np.int64(0), np.int64(0), np.int64(0), np.int64(0)), (2, 2, 2, 2, 2, 2, 2), 0, 1)"
574,7,9,"(7, (2, 2, 2, 3, 3, 3, 3))","(7, (2, 2, 2, 3, 3, 3, 3), (np.float64(0.0), np.float64(0.0), np.float64(0.0), np.float64(0.0), np.float64(0.333333333333), np.float64(0.333333333333), np.float64(1.0)))","(7, (2, 2, 2, 3, 3, 3, 3), (np.float64(0.0), np.float64(0.0), np.float64(0.0), np.float64(0.0), np.float64(0.333333333333), np.float64(0.333333333333), np.float64(1.0)), (2, 2, 2, 2, 2, 2, 2), 0, 1)"
575,7,9,"(7, (2, 2, 2, 3, 3, 3, 3))","(7, (2, 2, 2, 3, 3, 3, 3), (np.float64(0.0), np.float64(0.333333333333), np.float64(0.333333333333), np.float64(0.333333333333), np.float64(0.333333333333), np.float64(1.0), np.float64(1.0)))","(7, (2, 2, 2, 3, 3, 3, 3), (np.float64(0.0), np.float64(0.333333333333), np.float64(0.333333333333), np.float64(0.333333333333), np.float64(0.333333333333), np.float64(1.0), np.float64(1.0)), (2, 2, 2, 2, 2, 2, 2), 0, 1)"
576,7,9,"(7, (2, 2, 2, 3, 3, 3, 3))","(7, (2, 2, 2, 3, 3, 3, 3), (np.float64(0.333333333333), np.float64(0.333333333333), np.float64(0.666666666667), np.float64(0.666666666667), np.float64(1.0), np.float64(1.0), np.float64(1.0)))","(7, (2, 2, 2, 3, 3, 3, 3), (np.float64(0.333333333333), np.float64(0.333333333333), np.float64(0.666666666667), np.float64(0.666666666667), np.float64(1.0), np.float64(1.0), np.float64(1.0)), (2, 2, 2, 2, 2, 2, 2), 1, 1)"
577,7,9,"(7, (2, 2, 2, 3, 3, 3, 3))","(7, (2, 2, 2, 3, 3, 3, 3), (np.float64(0.0), np.float64(0.0), np.float64(0.0), np.float64(0.333333333333), np.float64(0.333333333333), np.float64(0.666666666667), np.float64(0.666666666667)))","(7, (2, 2, 2, 3, 3, 3, 3), (np.float64(0.0), np.float64(0.0), np.float64(0.0), np.float64(0.333333333333), np.float64(0.333333333333), np.float64(0.666666666667), np.float64(0.666666666667)), (2, 2, 2, 2, 2, 2, 2), 0, 1)"
578,7,9,"(7, (2, 2, 2, 3, 3, 3, 3))","(7, (2, 2, 2, 3, 3, 3, 3), (np.int64(0), np.int64(0), np.int64(0), np.int64(0), np.int64(0), np.int64(0), np.int64(0)))","(7, (2, 2, 2, 3, 3, 3, 3), (np.int64(0), np.int64(0), np.int64(0), np.int64(0), np.int64(0), np.int64(0), np.int64(0)), (2, 2, 2, 2, 2, 2, 2), 0, 1)"
579,7,9,"(7, (2, 2, 2, 3, 3, 3, 3))","(7, (2, 2, 2, 3, 3, 3, 3), (np.float64(0.0), np.float64(0.0), np.float64(0.0), np.float64(0.0), np.float64(0.333333333333), np.float64(0.333333333333), np.float64(1.0)))","(7, (2, 2, 2, 3, 3, 3, 3), (np.float64(0.0), np.float64(0.0), np.float64(0.0), np.float64(0.0), np.float64(0.333333333333), np.float64(0.333333333333), np.float64(1.0)), (2, 2, 2, 2, 2, 2, 2), 0, 1)"
580,7,9,"(7, (2, 2, 2, 3, 3, 3, 3))","(7, (2, 2, 2, 3, 3, 3, 3), (np.float64(0.0), np.float64(0.0), np.float64(0.0), np.float64(0.0), np.float64(0.333333333333), np.float64(0.333333333333), np.float64(0.333333333333)))","(7, (2, 2, 2, 3, 3, 3, 3), (np.float64(0.0), np.float64(0.0), np.float64(0.0), np.float64(0.0), np.float64(0.333333333333), np.float64(0.333333333333), np.float64(0.333333333333)), (2, 2, 2, 2, 2, 2, 2), 0, 1)"
581,7,9,"(7, (2, 2, 2, 3, 3, 3, 3))","(7, (2, 2, 2, 3, 3, 3, 3), (np.int64(0), np.int64(0), np.int64(0), np.int64(0), np.int64(0), np.int64(0), np.int64(0)))","(7, (2, 2, 2, 3, 3, 3, 3), (np.int64(0), np.int64(0), np.int64(0), np.int64(0), np.int64(0), np.int64(0), np.int64(0)), (2, 2, 2, 2, 2, 2, 2), 0, 1)"
582,7,9,"(7, (2, 2, 2, 3, 3, 3, 3))","(7, (2, 2, 2, 3, 3, 3, 3), (np.float64(1.0), np.float64(1.0), np.float64(1.0), np.float64(1.0), np.float64(1.0), np.float64(1.0), np.float64(1.0)))","(7, (2, 2, 2, 3, 3, 3, 3), (np.float64(1.0), np.float64(1.0), np.float64(1.0), np.float64(1.0), np.float64(1.0), np.float64(1.0), np.float64(1.0)), (2, 2, 2, 3, 3, 3, 3), 0, 2)"
583,7,10,"(7, (0, 0, 4, 4, 4, 4, 4))","(7, (0, 0, 4, 4, 4, 4, 4), (np.float64(0.0), np.float64(0.0), np.float64(1.0), np.float64(1.0), np.float64(1.0), np.float64(1.0), np.float64(1.0)))","(7, (0, 0, 4, 4, 4, 4, 4), (np.float64(0.0), np.float64(0.0), np.float64(1.0), np.float64(1.0), np.float64(1.0), np.float64(1.0), np.float64(1.0)), (0, 0, 4, 4, 4, 4, 4), 0, 3)"
584,7,10,"(7, (0, 1, 3, 3, 4, 4, 5))","(7, (0, 1, 3, 3, 4, 4, 5), (np.float64(0.0), np.float64(0.0), np.float64(0.5), np.float64(0.833333333333), np.float64(0.833333333333), np.float64(1.0), np.float64(1.0)))","(7, (0, 1, 3, 3, 4, 4, 5), (np.float64(0.0), np.float64(0.0), np.float64(0.5), np.float64(0.833333333333), np.float64(0.833333333333), np.float64(1.0), np.float64(1.0)), (0, 1, 3, 3, 3, 3, 3), 1, 2)"
585,7,10,"(7, (0, 1, 3, 4, 4, 4, 4))","(7, (0, 1, 3, 4, 4, 4, 4), (np.float64(0.0), np.float64(0.0), np.float64(0.5), np.float64(0.833333333333), np.float64(0.833333333333), np.float64(0.833333333333), np.float64(1.0)))","(7, (0, 1, 3, 4, 4, 4, 4), (np.float64(0.0), np.float64(0.0), np.float64(0.5), np.float64(0.833333333333), np.float64(0.833333333333), np.float64(0.833333333333), np.float64(1.0)), (0, 1, 3, 3, 3, 3, 3), 1, 2)"
586,7,10,"(7, (0, 2, 2, 3, 3, 5, 5))","(7, (0, 2, 2, 3, 3, 5, 5), (np.float64(0.0), np.float64(0.5), np.float64(0.5), np.float64(1.0), np.float64(1.0), np.float64(1.0), np.float64(1.0)))","(7, (0, 2, 2, 3, 3, 5, 5), (np.float64(0.0), np.float64(0.5), np.float64(0.5), np.float64(1.0), np.float64(1.0), np.float64(1.0), np.float64(1.0)), (0, 2, 2, 3, 3, 3, 3), 0, 2)"
587,7,10,"(7, (0, 2, 2, 3, 4, 4, 5))","(7, (0, 2, 2, 3, 4, 4, 5), (np.float64(0.0), np.float64(0.5), np.float64(0.666666666667), np.float64(0.666666666667), np.float64(1.0), np.float64(1.0), np.float64(1.0)))","(7, (0, 2, 2, 3, 4, 4, 5), (np.float64(0.0), np.float64(0.5), np.float64(0.666666666667), np.float64(0.666666666667), np.float64(1.0), np.float64(1.0), np.float64(1.0)), (0, 2, 2, 3, 3, 3, 3), 0, 2)"
588,7,10,"(7, (0, 2, 2, 4, 4, 4, 4))","(7, (0, 2, 2, 4, 4, 4, 4), (np.float64(0.0), np.float64(0.666666666667), np.float64(0.666666666667), np.float64(0.666666666667), np.float64(0.666666666667), np.float64(1.0), np.float64(1.0)))","(7, (0, 2, 2, 4, 4, 4, 4), (np.float64(0.0), np.float64(0.666666666667), np.float64(0.666666666667), np.float64(0.666666666667), np.float64(0.666666666667), np.float64(1.0), np.float64(1.0)), (0, 2, 2, 3, 3, 3, 3), 0, 2)"
589,7,10,"(7, (0, 2, 3, 3, 3, 4, 5))","(7, (0, 2, 3, 3, 3, 4, 5), (np.float64(0.0), np.float64(0.5), np.float64(0.666666666667), np.float64(0.666666666667), np.float64(1.0), np.float64(1.0), np.float64(1.0)))","(7, (0, 2, 3, 3, 3, 4, 5), (np.float64(0.0), np.float64(0.5), np.float64(0.666666666667), np.float64(0.666666666667), np.float64(1.0), np.float64(1.0), np.float64(1.0)), (0, 2, 2, 3, 3, 3, 3), 0, 2)"
590,7,10,"(7, (0, 2, 3, 3, 3, 4, 5))","(7, (0, 2, 3, 3, 3, 4, 5), (np.float64(0.0), np.float64(0.5), np.float64(0.5), np.float64(0.666666666667), np.float64(0.666666666667), np.float64(0.666666666667), np.float64(1.0)))","(7, (0, 2, 3, 3, 3, 4, 5), (np.float64(0.0), np.float64(0.5), np.float64(0.5), np.float64(0.666666666667), np.float64(0.666666666667), np.float64(0.666666666667), np.float64(1.0)), (0, 2, 3, 3, 3, 3, 3), 0, 2)"
591,7,10,"(7, (0, 2, 3, 3, 4, 4, 4))","(7, (0, 2, 3, 3, 4, 4, 4), (np.float64(0.0), np.float64(0.0), np.float64(0.333333333333), np.float64(0.5), np.float64(0.666666666667), np.float64(0.666666666667), np.float64(1.0)))","(7, (0, 2, 3, 3, 4, 4, 4), (np.float64(0.0), np.float64(0.0), np.float64(0.333333333333), np.float64(0.5), np.float64(0.666666666667), np.float64(0.666666666667), np.float64(1.0)), (0, 2, 2, 3, 3, 3, 3), 0, 2)"
592,7,10,"(7, (0, 2, 3, 3, 4, 4, 4))","(7, (0, 2, 3, 3, 4, 4, 4), (np.float64(0.0), np.float64(0.5), np.float64(0.5), np.float64(0.666666666667), np.float64(0.666666666667), np.float64(0.666666666667), np.float64(1.0)))","(7, (0, 2, 3, 3, 4, 4, 4), (np.float64(0.0), np.float64(0.5), np.float64(0.5), np.float64(0.666666666667), np.float64(0.666666666667), np.float64(0.666666666667), np.float64(1.0)), (0, 2, 3, 3, 3, 3, 3), 0, 2)"
593,7,10,"(7, (0, 2, 3, 3, 4, 4, 4))","(7, (0, 2, 3, 3, 4, 4, 4), (np.float64(0.0), np.float64(0.0), np.float64(0.333333333333), np.float64(0.333333333333), np.float64(0.666666666667), np.float64(0.666666666667), np.float64(0.666666666667)))","(7, (0, 2, 3, 3, 4, 4, 4), (np.float64(0.0), np.float64(0.0), np.float64(0.333333333333), np.float64(0.333333333333), np.float64(0.666666666667), np.float64(0.666666666667), np.float64(0.666666666667)), (0, 2, 3, 3, 3, 3, 3), 0, 2)"
594,7,10,"(7, (0, 3, 3, 3, 3, 3, 5))","(7, (0, 3, 3, 3, 3, 3, 5), (np.float64(0.0), np.float64(0.5), np.float64(0.666666666667), np.float64(0.666666666667), np.float64(0.666666666667), np.float64(0.666666666667), np.float64(0.666666666667)))","(7, (0, 3, 3, 3, 3, 3, 5), (np.float64(0.0), np.float64(0.5), np.float64(0.666666666667), np.float64(0.666666666667), np.float64(0.666666666667), np.float64(0.666666666667), np.float64(0.666666666667)), (0, 3, 3, 3, 3, 3, 3), 0, 2)"
595,7,10,"(7, (0, 3, 3, 3, 3, 4, 4))","(7, (0, 3, 3, 3, 3, 4, 4), (np.float64(0.0), np.float64(0.333333333333), np.float64(0.333333333333), np.float64(0.5), np.float64(0.5), np.float64(0.666666666667), np.float64(0.666666666667)))","(7, (0, 3, 3, 3, 3, 4, 4), (np.float64(0.0), np.float64(0.333333333333), np.float64(0.333333333333), np.float64(0.5), np.float64(0.5), np.float64(0.666666666667), np.float64(0.666666666667)), (0, 3, 3, 3, 3, 3, 3), 0, 2)"
596,7,10,"(7, (0, 3, 3, 3, 3, 4, 4))","(7, (0, 3, 3, 3, 3, 4, 4), (np.float64(0.0), np.float64(0.0), np.float64(0.333333333333), np.float64(0.333333333333), np.float64(0.333333333333), np.float64(0.5), np.float64(0.5)))","(7, (0, 3, 3, 3, 3, 4, 4), (np.float64(0.0), np.float64(0.0), np.float64(0.333333333333), np.float64(0.333333333333), np.float64(0.333333333333), np.float64(0.5), np.float64(0.5)), (0, 3, 3, 3, 3, 3, 3), 0, 2)"
597,7,10,"(7, (0, 3, 3, 3, 3, 4, 4))","(7, (0, 3, 3, 3, 3, 4, 4), (np.float64(0.0), np.float64(0.333333333333), np.float64(0.333333333333), np.float64(0.666666666667), np.float64(0.666666666667), np.float64(0.666666666667), np.float64(0.666666666667)))","(7, (0, 3, 3, 3, 3, 4, 4), (np.float64(0.0), np.float64(0.333333333333), np.float64(0.333333333333), np.float64(0.666666666667), np.float64(0.666666666667), np.float64(0.666666666667), np.float64(0.666666666667)), (0, 3, 3, 3, 3, 3, 3), 0, 2)"
598,7,10,"(7, (1, 1, 2, 3, 3, 4, 6))","(7, (1, 1, 2, 3, 3, 4, 6), (np.float64(0.0), np.float64(0.0), np.float64(0.266666666667), np.float64(0.666666666667), np.float64(1.0), np.float64(1.0), np.float64(1.0)))","(7, (1, 1, 2, 3, 3, 4, 6), (np.float64(0.0), np.float64(0.0), np.float64(0.266666666667), np.float64(0.666666666667), np.float64(1.0), np.float64(1.0), np.float64(1.0)), (1, 1, 2, 3, 3, 3, 3), 2, 1)"
599,7,10,"(7, (1, 1, 2, 3, 3, 5, 5))","(7, (1, 1, 2, 3, 3, 5, 5), (np.float64(0.0), np.float64(0.0), np.float64(0.4), np.float64(0.4), np.float64(1.0), np.float64(1.0), np.float64(1.0)))","(7, (1, 1, 2, 3, 3, 5, 5), (np.float64(0.0), np.float64(0.0), np.float64(0.4), np.float64(0.4), np.float64(1.0), np.float64(1.0), np.float64(1.0)), (1, 1, 2, 3, 3, 3, 3), 2, 1)"
600,7,10,"(7, (1, 1, 2, 3, 4, 4, 5))","(7, (1, 1, 2, 3, 4, 4, 5), (np.float64(0.0), np.float64(0.0), np.float64(0.4), np.float64(0.5), np.float64(0.666666666667), np.float64(1.0), np.float64(1.0)))","(7, (1, 1, 2, 3, 4, 4, 5), (np.float64(0.0), np.float64(0.0), np.float64(0.4), np.float64(0.5), np.float64(0.666666666667), np.float64(1.0), np.float64(1.0)), (1, 1, 2, 3, 3, 3, 3), 2, 1)"
601,7,10,"(7, (1, 1, 2, 3, 4, 4, 5))","(7, (1, 1, 2, 3, 4, 4, 5), (np.float64(0.0), np.float64(0.0), np.float64(0.3), np.float64(0.666666666667), np.float64(0.666666666667), np.float64(1.0), np.float64(1.0)))","(7, (1, 1, 2, 3, 4, 4, 5), (np.float64(0.0), np.float64(0.0), np.float64(0.3), np.float64(0.666666666667), np.float64(0.666666666667), np.float64(1.0), np.float64(1.0)), (1, 1, 2, 3, 3, 3, 3), 2, 1)"
602,7,10,"(7, (1, 1, 2, 4, 4, 4, 4))","(7, (1, 1, 2, 4, 4, 4, 4), (np.float64(0.0), np.float64(0.0), np.float64(0.5), np.float64(0.5), np.float64(0.666666666667), np.float64(0.666666666667), np.float64(1.0)))","(7, (1, 1, 2, 4, 4, 4, 4), (np.float64(0.0), np.float64(0.0), np.float64(0.5), np.float64(0.5), np.float64(0.666666666667), np.float64(0.666666666667), np.float64(1.0)), (1, 1, 2, 3, 3, 3, 3), 2, 1)"
603,7,10,"(7, (1, 1, 3, 3, 3, 3, 6))","(7, (1, 1, 3, 3, 3, 3, 6), (np.float64(0.0), np.float64(0.0), np.float64(0.266666666667), np.float64(0.666666666667), np.float64(0.666666666667), np.float64(0.666666666667), np.float64(0.666666666667)))","(7, (1, 1, 3, 3, 3, 3, 6), (np.float64(0.0), np.float64(0.0), np.float64(0.266666666667), np.float64(0.666666666667), np.float64(0.666666666667), np.float64(0.666666666667), np.float64(0.666666666667)), (1, 1, 3, 3, 3, 3, 3), 2, 1)"
604,7,10,"(7, (1, 1, 3, 3, 3, 4, 5))","(7, (1, 1, 3, 3, 3, 4, 5), (np.float64(0.0), np.float64(0.0), np.float64(0.333333333333), np.float64(0.4), np.float64(0.666666666667), np.float64(0.666666666667), np.float64(0.666666666667)))","(7, (1, 1, 3, 3, 3, 4, 5), (np.float64(0.0), np.float64(0.0), np.float64(0.333333333333), np.float64(0.4), np.float64(0.666666666667), np.float64(0.666666666667), np.float64(0.666666666667)), (1, 1, 3, 3, 3, 3, 3), 2, 1)"
605,7,10,"(7, (1, 1, 3, 3, 3, 4, 5))","(7, (1, 1, 3, 3, 3, 4, 5), (np.float64(0.0), np.float64(0.0), np.float64(0.333333333333), np.float64(0.4), np.float64(0.666666666667), np.float64(1.0), np.float64(1.0)))","(7, (1, 1, 3, 3, 3, 4, 5), (np.float64(0.0), np.float64(0.0), np.float64(0.333333333333), np.float64(0.4), np.float64(0.666666666667), np.float64(1.0), np.float64(1.0)), (1, 1, 2, 3, 3, 3, 3), 2, 1)"
606,7,10,"(7, (1, 1, 3, 3, 3, 4, 5))","(7, (1, 1, 3, 3, 3, 4, 5), (np.float64(0.0), np.float64(0.0), np.float64(0.2), np.float64(0.666666666667), np.float64(0.666666666667), np.float64(0.666666666667), np.float64(0.666666666667)))","(7, (1, 1, 3, 3, 3, 4, 5), (np.float64(0.0), np.float64(0.0), np.float64(0.2), np.float64(0.666666666667), np.float64(0.666666666667), np.float64(0.666666666667), np.float64(0.666666666667)), (1, 1, 3, 3, 3, 3, 3), 2, 1)"
607,7,10,"(7, (1, 1, 3, 3, 4, 4, 4))","(7, (1, 1, 3, 3, 4, 4, 4), (np.float64(0.0), np.float64(0.0), np.float64(0.333333333333), np.float64(0.333333333333), np.float64(0.666666666667), np.float64(0.666666666667), np.float64(0.666666666667)))","(7, (1, 1, 3, 3, 4, 4, 4), (np.float64(0.0), np.float64(0.0), np.float64(0.333333333333), np.float64(0.333333333333), np.float64(0.666666666667), np.float64(0.666666666667), np.float64(0.666666666667)), (1, 1, 3, 3, 3, 3, 3), 2, 1)"
608,7,10,"(7, (1, 1, 3, 3, 4, 4, 4))","(7, (1, 1, 3, 3, 4, 4, 4), (np.float64(0.0), np.float64(0.0), np.float64(0.333333333333), np.float64(0.5), np.float64(0.666666666667), np.float64(0.666666666667), np.float64(1.0)))","(7, (1, 1, 3, 3, 4, 4, 4), (np.float64(0.0), np.float64(0.0), np.float64(0.333333333333), np.float64(0.5), np.float64(0.666666666667), np.float64(0.666666666667), np.float64(1.0)), (1, 1, 2, 3, 3, 3, 3), 2, 1)"
609,7,10,"(7, (1, 1, 3, 3, 4, 4, 4))","(7, (1, 1, 3, 3, 4, 4, 4), (np.float64(0.0), np.float64(0.0), np.float64(0.333333333333), np.float64(0.333333333333), np.float64(0.666666666667), np.float64(0.666666666667), np.float64(0.666666666667)))","(7, (1, 1, 3, 3, 4, 4, 4), (np.float64(0.0), np.float64(0.0), np.float64(0.333333333333), np.float64(0.333333333333), np.float64(0.666666666667), np.float64(0.666666666667), np.float64(0.666666666667)), (1, 1, 3, 3, 3, 3, 3), 2, 1)"
610,7,10,"(7, (1, 1, 3, 3, 4, 4, 4))","(7, (1, 1, 3, 3, 4, 4, 4), (np.float64(0.0), np.float64(0.0), np.float64(0.166666666667), np.float64(0.666666666667), np.float64(0.666666666667), np.float64(1.0), np.float64(1.0)))","(7, (1, 1, 3, 3, 4, 4, 4), (np.float64(0.0), np.float64(0.0), np.float64(0.166666666667), np.float64(0.666666666667), np.float64(0.666666666667), np.float64(1.0), np.float64(1.0)), (1, 1, 2, 3, 3, 3, 3), 2, 1)"
611,7,10,"(7, (1, 1, 3, 3, 4, 4, 4))","(7, (1, 1, 3, 3, 4, 4, 4), (np.float64(0.0), np.float64(0.0), np.float64(0.833333333333), np.float64(0.833333333333), np.float64(0.833333333333), np.float64(1.0), np.float64(1.0)))","(7, (1, 1, 3, 3, 4, 4, 4), (np.float64(0.0), np.float64(0.0), np.float64(0.833333333333), np.float64(0.833333333333), np.float64(0.833333333333), np.float64(1.0), np.float64(1.0)), (1, 1, 3, 3, 3, 3, 3), 1, 2)"
612,7,10,"(7, (1, 2, 2, 2, 2, 5, 6))","(7, (1, 2, 2, 2, 2, 5, 6), (np.float64(0.0), np.float64(0.266666666667), np.float64(0.4), np.float64(1.0), np.float64(1.0), np.float64(1.0), np.float64(1.0)))","(7, (1, 2, 2, 2, 2, 5, 6), (np.float64(0.0), np.float64(0.266666666667), np.float64(0.4), np.float64(1.0), np.float64(1.0), np.float64(1.0), np.float64(1.0)), (1, 2, 2, 2, 2, 2, 2), 1, 1)"
613,7,10,"(7, (1, 2, 2, 2, 3, 4, 6))","(7, (1, 2, 2, 2, 3, 4, 6), (np.float64(0.0), np.float64(0.266666666667), np.float64(0.5), np.float64(0.666666666667), np.float64(1.0), np.float64(1.0), np.float64(1.0)))","(7, (1, 2, 2, 2, 3, 4, 6), (np.float64(0.0), np.float64(0.266666666667), np.float64(0.5), np.float64(0.666666666667), np.float64(1.0), np.float64(1.0), np.float64(1.0)), (1, 2, 2, 2, 2, 2, 2), 1, 1)"
614,7,10,"(7, (1, 2, 2, 2, 3, 5, 5))","(7, (1, 2, 2, 2, 3, 5, 5), (np.float64(0.0), np.float64(0.3), np.float64(0.4), np.float64(0.666666666667), np.float64(1.0), np.float64(1.0), np.float64(1.0)))","(7, (1, 2, 2, 2, 3, 5, 5), (np.float64(0.0), np.float64(0.3), np.float64(0.4), np.float64(0.666666666667), np.float64(1.0), np.float64(1.0), np.float64(1.0)), (1, 2, 2, 2, 2, 2, 2), 1, 1)"
615,7,10,"(7, (1, 2, 2, 2, 3, 5, 5))","(7, (1, 2, 2, 2, 3, 5, 5), (np.float64(0.0), np.float64(0.333333333333), np.float64(0.4), np.float64(0.4), np.float64(1.0), np.float64(1.0), np.float64(1.0)))","(7, (1, 2, 2, 2, 3, 5, 5), (np.float64(0.0), np.float64(0.333333333333), np.float64(0.4), np.float64(0.4), np.float64(1.0), np.float64(1.0), np.float64(1.0)), (1, 2, 2, 2, 2, 2, 2), 1, 1)"
616,7,10,"(7, (1, 2, 2, 2, 4, 4, 5))","(7, (1, 2, 2, 2, 4, 4, 5), (np.float64(0.0), np.float64(0.333333333333), np.float64(0.4), np.float64(0.5), np.float64(1.0), np.float64(1.0), np.float64(1.0)))","(7, (1, 2, 2, 2, 4, 4, 5), (np.float64(0.0), np.float64(0.333333333333), np.float64(0.4), np.float64(0.5), np.float64(1.0), np.float64(1.0), np.float64(1.0)), (1, 2, 2, 2, 2, 2, 2), 1, 1)"
617,7,10,"(7, (1, 2, 2, 2, 4, 4, 5))","(7, (1, 2, 2, 2, 4, 4, 5), (np.float64(0.0), np.float64(0.3), np.float64(0.5), np.float64(0.5), np.float64(1.0), np.float64(1.0), np.float64(1.0)))","(7, (1, 2, 2, 2, 4, 4, 5), (np.float64(0.0), np.float64(0.3), np.float64(0.5), np.float64(0.5), np.float64(1.0), np.float64(1.0), np.float64(1.0)), (1, 2, 2, 2, 2, 2, 2), 1, 1)"
618,7,10,"(7, (1, 2, 2, 3, 3, 3, 6))","(7, (1, 2, 2, 3, 3, 3, 6), (np.float64(0.0), np.float64(0.266666666667), np.float64(0.666666666667), np.float64(0.666666666667), np.float64(0.666666666667), np.float64(1.0), np.float64(1.0)))","(7, (1, 2, 2, 3, 3, 3, 6), (np.float64(0.0), np.float64(0.266666666667), np.float64(0.666666666667), np.float64(0.666666666667), np.float64(0.666666666667), np.float64(1.0), np.float64(1.0)), (1, 2, 2, 2, 2, 2, 2), 1, 1)"
619,7,10,"(7, (1, 2, 2, 3, 3, 3, 6))","(7, (1, 2, 2, 3, 3, 3, 6), (np.float64(0.0), np.float64(0.266666666667), np.float64(1.0), np.float64(1.0), np.float64(1.0), np.float64(1.0), np.float64(1.0)))","(7, (1, 2, 2, 3, 3, 3, 6), (np.float64(0.0), np.float64(0.266666666667), np.float64(1.0), np.float64(1.0), np.float64(1.0), np.float64(1.0), np.float64(1.0)), (1, 2, 2, 3, 3, 3, 3), 1, 1)"
620,7,10,"(7, (1, 2, 2, 3, 3, 4, 5))","(7, (1, 2, 2, 3, 3, 4, 5), (np.float64(0.0), np.float64(0.0), np.float64(0.2), np.float64(0.333333333333), np.float64(0.5), np.float64(0.666666666667), np.float64(1.0)))","(7, (1, 2, 2, 3, 3, 4, 5), (np.float64(0.0), np.float64(0.0), np.float64(0.2), np.float64(0.333333333333), np.float64(0.5), np.float64(0.666666666667), np.float64(1.0)), (1, 2, 2, 2, 2, 2, 2), 1, 1)"
621,7,10,"(7, (1, 2, 2, 3, 3, 4, 5))","(7, (1, 2, 2, 3, 3, 4, 5), (np.float64(0.0), np.float64(0.333333333333), np.float64(0.4), np.float64(0.5), np.float64(0.666666666667), np.float64(1.0), np.float64(1.0)))","(7, (1, 2, 2, 3, 3, 4, 5), (np.float64(0.0), np.float64(0.333333333333), np.float64(0.4), np.float64(0.5), np.float64(0.666666666667), np.float64(1.0), np.float64(1.0)), (1, 2, 2, 2, 2, 2, 2), 1, 1)"
622,7,10,"(7, (1, 2, 2, 3, 3, 4, 5))","(7, (1, 2, 2, 3, 3, 4, 5), (np.float64(0.0), np.float64(0.3), np.float64(0.5), np.float64(0.666666666667), np.float64(0.666666666667), np.float64(1.0), np.float64(1.0)))","(7, (1, 2, 2, 3, 3, 4, 5), (np.float64(0.0), np.float64(0.3), np.float64(0.5), np.float64(0.666666666667), np.float64(0.666666666667), np.float64(1.0), np.float64(1.0)), (1, 2, 2, 2, 2, 2, 2), 1, 1)"
623,7,10,"(7, (1, 2, 2, 3, 3, 4, 5))","(7, (1, 2, 2, 3, 3, 4, 5), (np.float64(0.0), np.float64(0.333333333333), np.float64(0.4), np.float64(0.666666666667), np.float64(0.666666666667), np.float64(1.0), np.float64(1.0)))","(7, (1, 2, 2, 3, 3, 4, 5), (np.float64(0.0), np.float64(0.333333333333), np.float64(0.4), np.float64(0.666666666667), np.float64(0.666666666667), np.float64(1.0), np.float64(1.0)), (1, 2, 2, 2, 2, 2, 2), 1, 1)"
624,7,10,"(7, (1, 2, 2, 3, 3, 4, 5))","(7, (1, 2, 2, 3, 3, 4, 5), (np.float64(0.0), np.float64(0.0), np.float64(0.3), np.float64(0.333333333333), np.float64(0.333333333333), np.float64(0.666666666667), np.float64(1.0)))","(7, (1, 2, 2, 3, 3, 4, 5), (np.float64(0.0), np.float64(0.0), np.float64(0.3), np.float64(0.333333333333), np.float64(0.333333333333), np.float64(0.666666666667), np.float64(1.0)), (1, 2, 2, 2, 2, 2, 2), 1, 1)"
625,7,10,"(7, (1, 2, 2, 3, 3, 4, 5))","(7, (1, 2, 2, 3, 3, 4, 5), (np.float64(0.0), np.float64(0.0), np.float64(0.4), np.float64(0.666666666667), np.float64(1.0), np.float64(1.0), np.float64(1.0)))","(7, (1, 2, 2, 3, 3, 4, 5), (np.float64(0.0), np.float64(0.0), np.float64(0.4), np.float64(0.666666666667), np.float64(1.0), np.float64(1.0), np.float64(1.0)), (1, 1, 2, 3, 3, 3, 3), 2, 1)"
626,7,10,"(7, (1, 2, 2, 3, 3, 4, 5))","(7, (1, 2, 2, 3, 3, 4, 5), (np.float64(0.0), np.float64(0.0), np.float64(0.0), np.float64(0.3), np.float64(0.5), np.float64(1.0), np.float64(1.0)))","(7, (1, 2, 2, 3, 3, 4, 5), (np.float64(0.0), np.float64(0.0), np.float64(0.0), np.float64(0.3), np.float64(0.5), np.float64(1.0), np.float64(1.0)), (1, 2, 2, 3, 3, 3, 3), 1, 1)"
627,7,10,"(7, (1, 2, 2, 3, 3, 4, 5))","(7, (1, 2, 2, 3, 3, 4, 5), (np.float64(0.0), np.float64(0.333333333333), np.float64(0.4), np.float64(0.666666666667), np.float64(0.666666666667), np.float64(1.0), np.float64(1.0)))","(7, (1, 2, 2, 3, 3, 4, 5), (np.float64(0.0), np.float64(0.333333333333), np.float64(0.4), np.float64(0.666666666667), np.float64(0.666666666667), np.float64(1.0), np.float64(1.0)), (1, 2, 2, 2, 2, 2, 2), 1, 1)"
628,7,10,"(7, (1, 2, 2, 3, 3, 4, 5))","(7, (1, 2, 2, 3, 3, 4, 5), (np.float64(0.0), np.float64(0.333333333333), np.float64(0.4), np.float64(0.5), np.float64(0.666666666667), np.float64(1.0), np.float64(1.0)))","(7, (1, 2, 2, 3, 3, 4, 5), (np.float64(0.0), np.float64(0.333333333333), np.float64(0.4), np.float64(0.5), np.float64(0.666666666667), np.float64(1.0), np.float64(1.0)), (1, 2, 2, 2, 2, 2, 2), 1, 1)"
629,7,10,"(7, (1, 2, 2, 3, 3, 4, 5))","(7, (1, 2, 2, 3, 3, 4, 5), (np.float64(0.0), np.float64(0.0), np.float64(0.3), np.float64(0.333333333333), np.float64(0.333333333333), np.float64(0.5), np.float64(1.0)))","(7, (1, 2, 2, 3, 3, 4, 5), (np.float64(0.0), np.float64(0.0), np.float64(0.3), np.float64(0.333333333333), np.float64(0.333333333333), np.float64(0.5), np.float64(1.0)), (1, 2, 2, 2, 2, 2, 2), 1, 1)"
630,7,10,"(7, (1, 2, 2, 3, 3, 4, 5))","(7, (1, 2, 2, 3, 3, 4, 5), (np.float64(0.0), np.float64(0.4), np.float64(0.5), np.float64(1.0), np.float64(1.0), np.float64(1.0), np.float64(1.0)))","(7, (1, 2, 2, 3, 3, 4, 5), (np.float64(0.0), np.float64(0.4), np.float64(0.5), np.float64(1.0), np.float64(1.0), np.float64(1.0), np.float64(1.0)), (1, 2, 2, 3, 3, 3, 3), 1, 1)"
631,7,10,"(7, (1, 2, 2, 3, 3, 4, 5))","(7, (1, 2, 2, 3, 3, 4, 5), (np.float64(0.0), np.float64(0.0), np.float64(0.0), np.float64(0.1), np.float64(0.166666666667), np.float64(0.666666666667), np.float64(0.666666666667)))","(7, (1, 2, 2, 3, 3, 4, 5), (np.float64(0.0), np.float64(0.0), np.float64(0.0), np.float64(0.1), np.float64(0.166666666667), np.float64(0.666666666667), np.float64(0.666666666667)), (1, 2, 2, 2, 2, 2, 2), 1, 1)"
632,7,10,"(7, (1, 2, 2, 3, 4, 4, 4))","(7, (1, 2, 2, 3, 4, 4, 4), (np.float64(0.0), np.float64(0.333333333333), np.float64(0.5), np.float64(0.5), np.float64(0.666666666667), np.float64(1.0), np.float64(1.0)))","(7, (1, 2, 2, 3, 4, 4, 4), (np.float64(0.0), np.float64(0.333333333333), np.float64(0.5), np.float64(0.5), np.float64(0.666666666667), np.float64(1.0), np.float64(1.0)), (1, 2, 2, 2, 2, 2, 2), 1, 1)"
633,7,10,"(7, (1, 2, 2, 3, 4, 4, 4))","(7, (1, 2, 2, 3, 4, 4, 4), (np.float64(0.0), np.float64(0.0), np.float64(0.333333333333), np.float64(0.333333333333), np.float64(0.333333333333), np.float64(0.5), np.float64(1.0)))","(7, (1, 2, 2, 3, 4, 4, 4), (np.float64(0.0), np.float64(0.0), np.float64(0.333333333333), np.float64(0.333333333333), np.float64(0.333333333333), np.float64(0.5), np.float64(1.0)), (1, 2, 2, 2, 2, 2, 2), 1, 1)"
634,7,10,"(7, (1, 2, 2, 3, 4, 4, 4))","(7, (1, 2, 2, 3, 4, 4, 4), (np.float64(0.0), np.float64(0.0), np.float64(0.166666666667), np.float64(0.333333333333), np.float64(0.5), np.float64(0.666666666667), np.float64(1.0)))","(7, (1, 2, 2, 3, 4, 4, 4), (np.float64(0.0), np.float64(0.0), np.float64(0.166666666667), np.float64(0.333333333333), np.float64(0.5), np.float64(0.666666666667), np.float64(1.0)), (1, 2, 2, 2, 2, 2, 2), 1, 1)"
635,7,10,"(7, (1, 2, 2, 3, 4, 4, 4))","(7, (1, 2, 2, 3, 4, 4, 4), (np.float64(0.0), np.float64(0.0), np.float64(0.166666666667), np.float64(0.333333333333), np.float64(0.5), np.float64(0.5), np.float64(1.0)))","(7, (1, 2, 2, 3, 4, 4, 4), (np.float64(0.0), np.float64(0.0), np.float64(0.166666666667), np.float64(0.333333333333), np.float64(0.5), np.float64(0.5), np.float64(1.0)), (1, 2, 2, 2, 2, 2, 2), 1, 1)"
636,7,10,"(7, (1, 2, 2, 3, 4, 4, 4))","(7, (1, 2, 2, 3, 4, 4, 4), (np.float64(0.0), np.float64(0.0), np.float64(0.5), np.float64(0.666666666667), np.float64(0.666666666667), np.float64(1.0), np.float64(1.0)))","(7, (1, 2, 2, 3, 4, 4, 4), (np.float64(0.0), np.float64(0.0), np.float64(0.5), np.float64(0.666666666667), np.float64(0.666666666667), np.float64(1.0), np.float64(1.0)), (1, 1, 2, 3, 3, 3, 3), 2, 1)"
637,7,10,"(7, (1, 2, 2, 3, 4, 4, 4))","(7, (1, 2, 2, 3, 4, 4, 4), (np.float64(0.0), np.float64(0.0), np.float64(0.0), np.float64(0.5), np.float64(0.5), np.float64(0.5), np.float64(1.0)))","(7, (1, 2, 2, 3, 4, 4, 4), (np.float64(0.0), np.float64(0.0), np.float64(0.0), np.float64(0.5), np.float64(0.5), np.float64(0.5), np.float64(1.0)), (1, 2, 2, 3, 3, 3, 3), 1, 1)"
638,7,10,"(7, (1, 2, 2, 3, 4, 4, 4))","(7, (1, 2, 2, 3, 4, 4, 4), (np.float64(0.0), np.float64(0.333333333333), np.float64(0.5), np.float64(0.5), np.float64(0.5), np.float64(1.0), np.float64(1.0)))","(7, (1, 2, 2, 3, 4, 4, 4), (np.float64(0.0), np.float64(0.333333333333), np.float64(0.5), np.float64(0.5), np.float64(0.5), np.float64(1.0), np.float64(1.0)), (1, 2, 2, 2, 2, 2, 2), 1, 1)"
639,7,10,"(7, (1, 2, 2, 3, 4, 4, 4))","(7, (1, 2, 2, 3, 4, 4, 4), (np.float64(0.0), np.float64(0.0), np.float64(0.0), np.float64(0.166666666667), np.float64(0.166666666667), np.float64(0.333333333333), np.float64(0.666666666667)))","(7, (1, 2, 2, 3, 4, 4, 4), (np.float64(0.0), np.float64(0.0), np.float64(0.0), np.float64(0.166666666667), np.float64(0.166666666667), np.float64(0.333333333333), np.float64(0.666666666667)), (1, 2, 2, 2, 2, 2, 2), 1, 1)"
640,7,10,"(7, (1, 2, 3, 3, 3, 3, 5))","(7, (1, 2, 3, 3, 3, 3, 5), (np.float64(0.0), np.float64(0.333333333333), np.float64(0.4), np.float64(0.666666666667), np.float64(0.666666666667), np.float64(0.666666666667), np.float64(1.0)))","(7, (1, 2, 3, 3, 3, 3, 5), (np.float64(0.0), np.float64(0.333333333333), np.float64(0.4), np.float64(0.666666666667), np.float64(0.666666666667), np.float64(0.666666666667), np.float64(1.0)), (1, 2, 2, 2, 2, 2, 2), 1, 1)"
641,7,10,"(7, (1, 2, 3, 3, 3, 3, 5))","(7, (1, 2, 3, 3, 3, 3, 5), (np.float64(0.0), np.float64(0.0), np.float64(0.0), np.float64(0.2), np.float64(0.333333333333), np.float64(0.333333333333), np.float64(0.666666666667)))","(7, (1, 2, 3, 3, 3, 3, 5), (np.float64(0.0), np.float64(0.0), np.float64(0.0), np.float64(0.2), np.float64(0.333333333333), np.float64(0.333333333333), np.float64(0.666666666667)), (1, 2, 2, 2, 2, 2, 2), 1, 1)"
642,7,10,"(7, (1, 2, 3, 3, 3, 3, 5))","(7, (1, 2, 3, 3, 3, 3, 5), (np.float64(0.0), np.float64(0.0), np.float64(0.3), np.float64(0.333333333333), np.float64(0.333333333333), np.float64(0.666666666667), np.float64(0.666666666667)))","(7, (1, 2, 3, 3, 3, 3, 5), (np.float64(0.0), np.float64(0.0), np.float64(0.3), np.float64(0.333333333333), np.float64(0.333333333333), np.float64(0.666666666667), np.float64(0.666666666667)), (1, 2, 2, 2, 2, 2, 2), 1, 1)"
643,7,10,"(7, (1, 2, 3, 3, 3, 3, 5))","(7, (1, 2, 3, 3, 3, 3, 5), (np.float64(0.0), np.float64(0.2), np.float64(0.333333333333), np.float64(0.333333333333), np.float64(0.666666666667), np.float64(0.666666666667), np.float64(1.0)))","(7, (1, 2, 3, 3, 3, 3, 5), (np.float64(0.0), np.float64(0.2), np.float64(0.333333333333), np.float64(0.333333333333), np.float64(0.666666666667), np.float64(0.666666666667), np.float64(1.0)), (1, 2, 2, 2, 2, 2, 2), 1, 1)"
644,7,10,"(7, (1, 2, 3, 3, 3, 3, 5))","(7, (1, 2, 3, 3, 3, 3, 5), (np.float64(0.0), np.float64(0.333333333333), np.float64(0.4), np.float64(1.0), np.float64(1.0), np.float64(1.0), np.float64(1.0)))","(7, (1, 2, 3, 3, 3, 3, 5), (np.float64(0.0), np.float64(0.333333333333), np.float64(0.4), np.float64(1.0), np.float64(1.0), np.float64(1.0), np.float64(1.0)), (1, 2, 2, 3, 3, 3, 3), 1, 1)"
645,7,10,"(7, (1, 2, 3, 3, 3, 3, 5))","(7, (1, 2, 3, 3, 3, 3, 5), (np.float64(0.0), np.float64(0.0), np.float64(0.4), np.float64(0.666666666667), np.float64(0.666666666667), np.float64(0.666666666667), np.float64(0.666666666667)))","(7, (1, 2, 3, 3, 3, 3, 5), (np.float64(0.0), np.float64(0.0), np.float64(0.4), np.float64(0.666666666667), np.float64(0.666666666667), np.float64(0.666666666667), np.float64(0.666666666667)), (1, 1, 3, 3, 3, 3, 3), 2, 1)"
646,7,10,"(7, (1, 2, 3, 3, 3, 4, 4))","(7, (1, 2, 3, 3, 3, 4, 4), (np.float64(0.0), np.float64(0.333333333333), np.float64(0.5), np.float64(0.5), np.float64(0.666666666667), np.float64(0.666666666667), np.float64(1.0)))","(7, (1, 2, 3, 3, 3, 4, 4), (np.float64(0.0), np.float64(0.333333333333), np.float64(0.5), np.float64(0.5), np.float64(0.666666666667), np.float64(0.666666666667), np.float64(1.0)), (1, 2, 2, 2, 2, 2, 2), 1, 1)"
647,7,10,"(7, (1, 2, 3, 3, 3, 4, 4))","(7, (1, 2, 3, 3, 3, 4, 4), (np.float64(0.0), np.float64(0.0), np.float64(0.333333333333), np.float64(0.333333333333), np.float64(0.333333333333), np.float64(0.5), np.float64(0.666666666667)))","(7, (1, 2, 3, 3, 3, 4, 4), (np.float64(0.0), np.float64(0.0), np.float64(0.333333333333), np.float64(0.333333333333), np.float64(0.333333333333), np.float64(0.5), np.float64(0.666666666667)), (1, 2, 2, 2, 2, 2, 2), 1, 1)"
648,7,10,"(7, (1, 2, 3, 3, 3, 4, 4))","(7, (1, 2, 3, 3, 3, 4, 4), (np.float64(0.0), np.float64(0.0), np.float64(0.333333333333), np.float64(0.333333333333), np.float64(0.333333333333), np.float64(0.5), np.float64(0.666666666667)))","(7, (1, 2, 3, 3, 3, 4, 4), (np.float64(0.0), np.float64(0.0), np.float64(0.333333333333), np.float64(0.333333333333), np.float64(0.333333333333), np.float64(0.5), np.float64(0.666666666667)), (1, 2, 2, 2, 2, 2, 2), 1, 1)"
649,7,10,"(7, (1, 2, 3, 3, 3, 4, 4))","(7, (1, 2, 3, 3, 3, 4, 4), (np.float64(0.0), np.float64(0.0), np.float64(0.333333333333), np.float64(0.333333333333), np.float64(0.5), np.float64(0.666666666667), np.float64(1.0)))","(7, (1, 2, 3, 3, 3, 4, 4), (np.float64(0.0), np.float64(0.0), np.float64(0.333333333333), np.float64(0.333333333333), np.float64(0.5), np.float64(0.666666666667), np.float64(1.0)), (1, 2, 2, 2, 2, 2, 2), 1, 1)"
650,7,10,"(7, (1, 2, 3, 3, 3, 4, 4))","(7, (1, 2, 3, 3, 3, 4, 4), (np.float64(0.0), np.float64(0.0), np.float64(0.166666666667), np.float64(0.333333333333), np.float64(0.5), np.float64(0.666666666667), np.float64(0.666666666667)))","(7, (1, 2, 3, 3, 3, 4, 4), (np.float64(0.0), np.float64(0.0), np.float64(0.166666666667), np.float64(0.333333333333), np.float64(0.5), np.float64(0.666666666667), np.float64(0.666666666667)), (1, 2, 2, 2, 2, 2, 2), 1, 1)"
651,7,10,"(7, (1, 2, 3, 3, 3, 4, 4))","(7, (1, 2, 3, 3, 3, 4, 4), (np.float64(0.0), np.float64(0.0), np.float64(0.0), np.float64(0.166666666667), np.float64(0.333333333333), np.float64(0.333333333333), np.float64(0.666666666667)))","(7, (1, 2, 3, 3, 3, 4, 4), (np.float64(0.0), np.float64(0.0), np.float64(0.0), np.float64(0.166666666667), np.float64(0.333333333333), np.float64(0.333333333333), np.float64(0.666666666667)), (1, 2, 2, 2, 2, 2, 2), 1, 1)"
652,7,10,"(7, (1, 2, 3, 3, 3, 4, 4))","(7, (1, 2, 3, 3, 3, 4, 4), (np.float64(0.0), np.float64(0.333333333333), np.float64(0.333333333333), np.float64(0.333333333333), np.float64(0.333333333333), np.float64(0.666666666667), np.float64(1.0)))","(7, (1, 2, 3, 3, 3, 4, 4), (np.float64(0.0), np.float64(0.333333333333), np.float64(0.333333333333), np.float64(0.333333333333), np.float64(0.333333333333), np.float64(0.666666666667), np.float64(1.0)), (1, 2, 2, 2, 2, 2, 2), 1, 1)"
653,7,10,"(7, (1, 2, 3, 3, 3, 4, 4))","(7, (1, 2, 3, 3, 3, 4, 4), (np.float64(0.0), np.float64(0.0), np.float64(0.0), np.float64(0.5), np.float64(0.5), np.float64(1.0), np.float64(1.0)))","(7, (1, 2, 3, 3, 3, 4, 4), (np.float64(0.0), np.float64(0.0), np.float64(0.0), np.float64(0.5), np.float64(0.5), np.float64(1.0), np.float64(1.0)), (1, 2, 2, 3, 3, 3, 3), 1, 1)"
654,7,10,"(7, (1, 2, 3, 3, 3, 4, 4))","(7, (1, 2, 3, 3, 3, 4, 4), (np.float64(0.0), np.float64(0.0), np.float64(0.333333333333), np.float64(0.666666666667), np.float64(0.666666666667), np.float64(0.666666666667), np.float64(0.666666666667)))","(7, (1, 2, 3, 3, 3, 4, 4), (np.float64(0.0), np.float64(0.0), np.float64(0.333333333333), np.float64(0.666666666667), np.float64(0.666666666667), np.float64(0.666666666667), np.float64(0.666666666667)), (1, 1, 3, 3, 3, 3, 3), 2, 1)"
655,7,10,"(7, (1, 2, 3, 3, 3, 4, 4))","(7, (1, 2, 3, 3, 3, 4, 4), (np.float64(0.0), np.float64(0.0), np.float64(0.0), np.float64(0.333333333333), np.float64(0.333333333333), np.float64(0.333333333333), np.float64(0.333333333333)))","(7, (1, 2, 3, 3, 3, 4, 4), (np.float64(0.0), np.float64(0.0), np.float64(0.0), np.float64(0.333333333333), np.float64(0.333333333333), np.float64(0.333333333333), np.float64(0.333333333333)), (1, 2, 2, 2, 2, 2, 2), 1, 1)"
656,7,10,"(7, (1, 2, 3, 3, 3, 4, 4))","(7, (1, 2, 3, 3, 3, 4, 4), (np.float64(0.0), np.float64(0.0), np.float64(0.0), np.float64(0.333333333333), np.float64(0.333333333333), np.float64(0.333333333333), np.float64(0.666666666667)))","(7, (1, 2, 3, 3, 3, 4, 4), (np.float64(0.0), np.float64(0.0), np.float64(0.0), np.float64(0.333333333333), np.float64(0.333333333333), np.float64(0.333333333333), np.float64(0.666666666667)), (1, 2, 2, 2, 2, 2, 2), 1, 1)"
657,7,10,"(7, (1, 2, 3, 3, 3, 4, 4))","(7, (1, 2, 3, 3, 3, 4, 4), (np.float64(0.0), np.float64(0.166666666667), np.float64(0.333333333333), np.float64(0.333333333333), np.float64(0.666666666667), np.float64(0.666666666667), np.float64(1.0)))","(7, (1, 2, 3, 3, 3, 4, 4), (np.float64(0.0), np.float64(0.166666666667), np.float64(0.333333333333), np.float64(0.333333333333), np.float64(0.666666666667), np.float64(0.666666666667), np.float64(1.0)), (1, 2, 2, 2, 2, 2, 2), 1, 1)"
658,7,10,"(7, (1, 2, 3, 3, 3, 4, 4))","(7, (1, 2, 3, 3, 3, 4, 4), (np.float64(0.0), np.float64(0.166666666667), np.float64(0.333333333333), np.float64(0.333333333333), np.float64(0.666666666667), np.float64(0.666666666667), np.float64(1.0)))","(7, (1, 2, 3, 3, 3, 4, 4), (np.float64(0.0), np.float64(0.166666666667), np.float64(0.333333333333), np.float64(0.333333333333), np.float64(0.666666666667), np.float64(0.666666666667), np.float64(1.0)), (1, 2, 2, 2, 2, 2, 2), 1, 1)"
659,7,10,"(7, (1, 2, 3, 3, 3, 4, 4))","(7, (1, 2, 3, 3, 3, 4, 4), (np.float64(0.0), np.float64(0.0), np.float64(0.333333333333), np.float64(0.666666666667), np.float64(0.666666666667), np.float64(1.0), np.float64(1.0)))","(7, (1, 2, 3, 3, 3, 4, 4), (np.float64(0.0), np.float64(0.0), np.float64(0.333333333333), np.float64(0.666666666667), np.float64(0.666666666667), np.float64(1.0), np.float64(1.0)), (1, 1, 2, 3, 3, 3, 3), 2, 1)"
660,7,10,"(7, (1, 2, 3, 3, 3, 4, 4))","(7, (1, 2, 3, 3, 3, 4, 4), (np.float64(0.0), np.float64(0.0), np.float64(0.333333333333), np.float64(0.333333333333), np.float64(0.333333333333), np.float64(0.5), np.float64(0.5)))","(7, (1, 2, 3, 3, 3, 4, 4), (np.float64(0.0), np.float64(0.0), np.float64(0.333333333333), np.float64(0.333333333333), np.float64(0.333333333333), np.float64(0.5), np.float64(0.5)), (1, 2, 2, 2, 2, 2, 2), 1, 1)"
661,7,10,"(7, (1, 2, 3, 3, 3, 4, 4))","(7, (1, 2, 3, 3, 3, 4, 4), (np.float64(0.0), np.float64(0.0), np.float64(0.333333333333), np.float64(0.333333333333), np.float64(0.5), np.float64(0.5), np.float64(1.0)))","(7, (1, 2, 3, 3, 3, 4, 4), (np.float64(0.0), np.float64(0.0), np.float64(0.333333333333), np.float64(0.333333333333), np.float64(0.5), np.float64(0.5), np.float64(1.0)), (1, 2, 2, 2, 2, 2, 2), 1, 1)"
662,7,10,"(7, (1, 2, 3, 3, 3, 4, 4))","(7, (1, 2, 3, 3, 3, 4, 4), (np.float64(0.0), np.float64(0.0), np.float64(0.0), np.float64(0.166666666667), np.float64(0.166666666667), np.float64(0.666666666667), np.float64(0.666666666667)))","(7, (1, 2, 3, 3, 3, 4, 4), (np.float64(0.0), np.float64(0.0), np.float64(0.0), np.float64(0.166666666667), np.float64(0.166666666667), np.float64(0.666666666667), np.float64(0.666666666667)), (1, 2, 2, 2, 2, 2, 2), 1, 1)"
663,7,10,"(7, (1, 3, 3, 3, 3, 3, 4))","(7, (1, 3, 3, 3, 3, 3, 4), (np.float64(0.0), np.float64(0.0), np.float64(0.333333333333), np.float64(0.333333333333), np.float64(0.5), np.float64(0.666666666667), np.float64(0.666666666667)))","(7, (1, 3, 3, 3, 3, 3, 4), (np.float64(0.0), np.float64(0.0), np.float64(0.333333333333), np.float64(0.333333333333), np.float64(0.5), np.float64(0.666666666667), np.float64(0.666666666667)), (1, 2, 2, 2, 2, 2, 2), 1, 1)"
664,7,10,"(7, (1, 3, 3, 3, 3, 3, 4))","(7, (1, 3, 3, 3, 3, 3, 4), (np.float64(0.0), np.float64(0.0), np.float64(0.0), np.float64(0.333333333333), np.float64(0.333333333333), np.float64(0.333333333333), np.float64(0.666666666667)))","(7, (1, 3, 3, 3, 3, 3, 4), (np.float64(0.0), np.float64(0.0), np.float64(0.0), np.float64(0.333333333333), np.float64(0.333333333333), np.float64(0.333333333333), np.float64(0.666666666667)), (1, 2, 2, 2, 2, 2, 2), 1, 1)"
665,7,10,"(7, (1, 3, 3, 3, 3, 3, 4))","(7, (1, 3, 3, 3, 3, 3, 4), (np.float64(0.0), np.float64(0.333333333333), np.float64(0.333333333333), np.float64(0.333333333333), np.float64(0.333333333333), np.float64(0.666666666667), np.float64(0.666666666667)))","(7, (1, 3, 3, 3, 3, 3, 4), (np.float64(0.0), np.float64(0.333333333333), np.float64(0.333333333333), np.float64(0.333333333333), np.float64(0.333333333333), np.float64(0.666666666667), np.float64(0.666666666667)), (1, 2, 2, 2, 2, 2, 2), 1, 1)"
666,7,10,"(7, (1, 3, 3, 3, 3, 3, 4))","(7, (1, 3, 3, 3, 3, 3, 4), (np.float64(0.0), np.float64(0.166666666667), np.float64(0.333333333333), np.float64(0.333333333333), np.float64(0.333333333333), np.float64(0.333333333333), np.float64(0.333333333333)))","(7, (1, 3, 3, 3, 3, 3, 4), (np.float64(0.0), np.float64(0.166666666667), np.float64(0.333333333333), np.float64(0.333333333333), np.float64(0.333333333333), np.float64(0.333333333333), np.float64(0.333333333333)), (1, 3, 3, 3, 3, 3, 3), 1, 1)"
667,7,10,"(7, (1, 3, 3, 3, 3, 3, 4))","(7, (1, 3, 3, 3, 3, 3, 4), (np.int64(0), np.int64(0), np.int64(0), np.int64(0), np.int64(0), np.int64(0), np.int64(0)))","(7, (1, 3, 3, 3, 3, 3, 4), (np.int64(0), np.int64(0), np.int64(0), np.int64(0), np.int64(0), np.int64(0), np.int64(0)), (1, 3, 3, 3, 3, 3, 3), 1, 1)"
668,7,10,"(7, (2, 2, 2, 2, 2, 4, 6))","(7, (2, 2, 2, 2, 2, 4, 6), (np.float64(0.266666666667), np.float64(0.5), np.float64(1.0), np.float64(1.0), np.float64(1.0), np.float64(1.0), np.float64(1.0)))","(7, (2, 2, 2, 2, 2, 4, 6), (np.float64(0.266666666667), np.float64(0.5), np.float64(1.0), np.float64(1.0), np.float64(1.0), np.float64(1.0), np.float64(1.0)), (2, 2, 2, 2, 2, 2, 2), 0, 1)"
669,7,10,"(7, (2, 2, 2, 2, 2, 5, 5))","(7, (2, 2, 2, 2, 2, 5, 5), (np.float64(0.0), np.float64(0.0), np.float64(0.3), np.float64(0.3), np.float64(1.0), np.float64(1.0), np.float64(1.0)))","(7, (2, 2, 2, 2, 2, 5, 5), (np.float64(0.0), np.float64(0.0), np.float64(0.3), np.float64(0.3), np.float64(1.0), np.float64(1.0), np.float64(1.0)), (2, 2, 2, 2, 2, 2, 2), 0, 1)"
670,7,10,"(7, (2, 2, 2, 2, 2, 5, 5))","(7, (2, 2, 2, 2, 2, 5, 5), (np.int64(0), np.int64(0), np.int64(0), np.int64(0), np.int64(0), np.int64(0), np.int64(0)))","(7, (2, 2, 2, 2, 2, 5, 5), (np.int64(0), np.int64(0), np.int64(0), np.int64(0), np.int64(0), np.int64(0), np.int64(0)), (2, 2, 2, 2, 2, 2, 2), 0, 1)"
671,7,10,"(7, (2, 2, 2, 2, 3, 3, 6))","(7, (2, 2, 2, 2, 3, 3, 6), (np.float64(0.266666666667), np.float64(0.666666666667), np.float64(0.666666666667), np.float64(1.0), np.float64(1.0), np.float64(1.0), np.float64(1.0)))","(7, (2, 2, 2, 2, 3, 3, 6), (np.float64(0.266666666667), np.float64(0.666666666667), np.float64(0.666666666667), np.float64(1.0), np.float64(1.0), np.float64(1.0), np.float64(1.0)), (2, 2, 2, 2, 2, 2, 2), 0, 1)"
672,7,10,"(7, (2, 2, 2, 2, 3, 3, 6))","(7, (2, 2, 2, 2, 3, 3, 6), (np.float64(0.266666666667), np.float64(0.666666666667), np.float64(0.666666666667), np.float64(1.0), np.float64(1.0), np.float64(1.0), np.float64(1.0)))","(7, (2, 2, 2, 2, 3, 3, 6), (np.float64(0.266666666667), np.float64(0.666666666667), np.float64(0.666666666667), np.float64(1.0), np.float64(1.0), np.float64(1.0), np.float64(1.0)), (2, 2, 2, 2, 2, 2, 2), 0, 1)"
673,7,10,"(7, (2, 2, 2, 2, 3, 4, 5))","(7, (2, 2, 2, 2, 3, 4, 5), (np.float64(0.0), np.float64(0.0), np.float64(0.3), np.float64(0.333333333333), np.float64(0.666666666667), np.float64(1.0), np.float64(1.0)))","(7, (2, 2, 2, 2, 3, 4, 5), (np.float64(0.0), np.float64(0.0), np.float64(0.3), np.float64(0.333333333333), np.float64(0.666666666667), np.float64(1.0), np.float64(1.0)), (2, 2, 2, 2, 2, 2, 2), 0, 1)"
674,7,10,"(7, (2, 2, 2, 2, 3, 4, 5))","(7, (2, 2, 2, 2, 3, 4, 5), (np.float64(0.0), np.float64(0.0), np.float64(0.3), np.float64(0.333333333333), np.float64(0.5), np.float64(1.0), np.float64(1.0)))","(7, (2, 2, 2, 2, 3, 4, 5), (np.float64(0.0), np.float64(0.0), np.float64(0.3), np.float64(0.333333333333), np.float64(0.5), np.float64(1.0), np.float64(1.0)), (2, 2, 2, 2, 2, 2, 2), 0, 1)"
675,7,10,"(7, (2, 2, 2, 2, 3, 4, 5))","(7, (2, 2, 2, 2, 3, 4, 5), (np.float64(0.3), np.float64(0.5), np.float64(0.666666666667), np.float64(1.0), np.float64(1.0), np.float64(1.0), np.float64(1.0)))","(7, (2, 2, 2, 2, 3, 4, 5), (np.float64(0.3), np.float64(0.5), np.float64(0.666666666667), np.float64(1.0), np.float64(1.0), np.float64(1.0), np.float64(1.0)), (2, 2, 2, 2, 2, 2, 2), 0, 1)"
676,7,10,"(7, (2, 2, 2, 2, 3, 4, 5))","(7, (2, 2, 2, 2, 3, 4, 5), (np.float64(0.0), np.float64(0.3), np.float64(0.333333333333), np.float64(0.333333333333), np.float64(1.0), np.float64(1.0), np.float64(1.0)))","(7, (2, 2, 2, 2, 3, 4, 5), (np.float64(0.0), np.float64(0.3), np.float64(0.333333333333), np.float64(0.333333333333), np.float64(1.0), np.float64(1.0), np.float64(1.0)), (2, 2, 2, 2, 2, 2, 2), 0, 1)"
677,7,10,"(7, (2, 2, 2, 2, 3, 4, 5))","(7, (2, 2, 2, 2, 3, 4, 5), (np.float64(0.0), np.float64(0.0), np.float64(0.0), np.float64(0.2), np.float64(0.333333333333), np.float64(1.0), np.float64(1.0)))","(7, (2, 2, 2, 2, 3, 4, 5), (np.float64(0.0), np.float64(0.0), np.float64(0.0), np.float64(0.2), np.float64(0.333333333333), np.float64(1.0), np.float64(1.0)), (2, 2, 2, 2, 2, 2, 2), 0, 1)"
678,7,10,"(7, (2, 2, 2, 2, 3, 4, 5))","(7, (2, 2, 2, 2, 3, 4, 5), (np.float64(0.0), np.float64(0.0), np.float64(0.0), np.float64(0.0), np.float64(0.1), np.float64(0.333333333333), np.float64(1.0)))","(7, (2, 2, 2, 2, 3, 4, 5), (np.float64(0.0), np.float64(0.0), np.float64(0.0), np.float64(0.0), np.float64(0.1), np.float64(0.333333333333), np.float64(1.0)), (2, 2, 2, 2, 2, 2, 2), 0, 1)"
679,7,10,"(7, (2, 2, 2, 2, 4, 4, 4))","(7, (2, 2, 2, 2, 4, 4, 4), (np.float64(0.0), np.float64(0.0), np.float64(0.333333333333), np.float64(0.333333333333), np.float64(0.5), np.float64(1.0), np.float64(1.0)))","(7, (2, 2, 2, 2, 4, 4, 4), (np.float64(0.0), np.float64(0.0), np.float64(0.333333333333), np.float64(0.333333333333), np.float64(0.5), np.float64(1.0), np.float64(1.0)), (2, 2, 2, 2, 2, 2, 2), 0, 1)"
680,7,10,"(7, (2, 2, 2, 2, 4, 4, 4))","(7, (2, 2, 2, 2, 4, 4, 4), (np.float64(0.0), np.float64(0.0), np.float64(0.166666666667), np.float64(0.166666666667), np.float64(0.333333333333), np.float64(1.0), np.float64(1.0)))","(7, (2, 2, 2, 2, 4, 4, 4), (np.float64(0.0), np.float64(0.0), np.float64(0.166666666667), np.float64(0.166666666667), np.float64(0.333333333333), np.float64(1.0), np.float64(1.0)), (2, 2, 2, 2, 2, 2, 2), 0, 1)"
681,7,10,"(7, (2, 2, 2, 2, 4, 4, 4))","(7, (2, 2, 2, 2, 4, 4, 4), (np.float64(0.333333333333), np.float64(0.5), np.float64(0.5), np.float64(1.0), np.float64(1.0), np.float64(1.0), np.float64(1.0)))","(7, (2, 2, 2, 2, 4, 4, 4), (np.float64(0.333333333333), np.float64(0.5), np.float64(0.5), np.float64(1.0), np.float64(1.0), np.float64(1.0), np.float64(1.0)), (2, 2, 2, 2, 2, 2, 2), 0, 1)"
682,7,10,"(7, (2, 2, 2, 3, 3, 3, 5))","(7, (2, 2, 2, 3, 3, 3, 5), (np.float64(0.0), np.float64(0.0), np.float64(0.3), np.float64(0.333333333333), np.float64(0.666666666667), np.float64(0.666666666667), np.float64(1.0)))","(7, (2, 2, 2, 3, 3, 3, 5), (np.float64(0.0), np.float64(0.0), np.float64(0.3), np.float64(0.333333333333), np.float64(0.666666666667), np.float64(0.666666666667), np.float64(1.0)), (2, 2, 2, 2, 2, 2, 2), 0, 1)"
683,7,10,"(7, (2, 2, 2, 3, 3, 3, 5))","(7, (2, 2, 2, 3, 3, 3, 5), (np.float64(0.0), np.float64(0.3), np.float64(0.333333333333), np.float64(0.333333333333), np.float64(0.666666666667), np.float64(1.0), np.float64(1.0)))","(7, (2, 2, 2, 3, 3, 3, 5), (np.float64(0.0), np.float64(0.3), np.float64(0.333333333333), np.float64(0.333333333333), np.float64(0.666666666667), np.float64(1.0), np.float64(1.0)), (2, 2, 2, 2, 2, 2, 2), 0, 1)"
684,7,10,"(7, (2, 2, 2, 3, 3, 3, 5))","(7, (2, 2, 2, 3, 3, 3, 5), (np.float64(0.0), np.float64(0.0), np.float64(0.0), np.float64(0.2), np.float64(0.333333333333), np.float64(0.666666666667), np.float64(1.0)))","(7, (2, 2, 2, 3, 3, 3, 5), (np.float64(0.0), np.float64(0.0), np.float64(0.0), np.float64(0.2), np.float64(0.333333333333), np.float64(0.666666666667), np.float64(1.0)), (2, 2, 2, 2, 2, 2, 2), 0, 1)"
685,7,10,"(7, (2, 2, 2, 3, 3, 3, 5))","(7, (2, 2, 2, 3, 3, 3, 5), (np.float64(0.0), np.float64(0.0), np.float64(0.2), np.float64(0.333333333333), np.float64(0.333333333333), np.float64(1.0), np.float64(1.0)))","(7, (2, 2, 2, 3, 3, 3, 5), (np.float64(0.0), np.float64(0.0), np.float64(0.2), np.float64(0.333333333333), np.float64(0.333333333333), np.float64(1.0), np.float64(1.0)), (2, 2, 2, 2, 2, 2, 2), 0, 1)"
686,7,10,"(7, (2, 2, 2, 3, 3, 3, 5))","(7, (2, 2, 2, 3, 3, 3, 5), (np.float64(0.0), np.float64(0.3), np.float64(0.333333333333), np.float64(0.333333333333), np.float64(0.666666666667), np.float64(1.0), np.float64(1.0)))","(7, (2, 2, 2, 3, 3, 3, 5), (np.float64(0.0), np.float64(0.3), np.float64(0.333333333333), np.float64(0.333333333333), np.float64(0.666666666667), np.float64(1.0), np.float64(1.0)), (2, 2, 2, 2, 2, 2, 2), 0, 1)"
687,7,10,"(7, (2, 2, 2, 3, 3, 3, 5))","(7, (2, 2, 2, 3, 3, 3, 5), (np.float64(0.0), np.float64(0.2), np.float64(0.333333333333), np.float64(0.666666666667), np.float64(0.666666666667), np.float64(1.0), np.float64(1.0)))","(7, (2, 2, 2, 3, 3, 3, 5), (np.float64(0.0), np.float64(0.2), np.float64(0.333333333333), np.float64(0.666666666667), np.float64(0.666666666667), np.float64(1.0), np.float64(1.0)), (2, 2, 2, 2, 2, 2, 2), 0, 1)"
688,7,10,"(7, (2, 2, 2, 3, 3, 3, 5))","(7, (2, 2, 2, 3, 3, 3, 5), (np.float64(0.3), np.float64(0.666666666667), np.float64(0.666666666667), np.float64(0.666666666667), np.float64(1.0), np.float64(1.0), np.float64(1.0)))","(7, (2, 2, 2, 3, 3, 3, 5), (np.float64(0.3), np.float64(0.666666666667), np.float64(0.666666666667), np.float64(0.666666666667), np.float64(1.0), np.float64(1.0), np.float64(1.0)), (2, 2, 2, 2, 2, 2, 2), 0, 1)"
689,7,10,"(7, (2, 2, 2, 3, 3, 3, 5))","(7, (2, 2, 2, 3, 3, 3, 5), (np.float64(0.0), np.float64(0.0), np.float64(0.0), np.float64(0.3), np.float64(1.0), np.float64(1.0), np.float64(1.0)))","(7, (2, 2, 2, 3, 3, 3, 5), (np.float64(0.0), np.float64(0.0), np.float64(0.0), np.float64(0.3), np.float64(1.0), np.float64(1.0), np.float64(1.0)), (2, 2, 2, 3, 3, 3, 3), 0, 1)"
690,7,10,"(7, (2, 2, 2, 3, 3, 4, 4))","(7, (2, 2, 2, 3, 3, 4, 4), (np.float64(0.0), np.float64(0.0), np.float64(0.333333333333), np.float64(0.333333333333), np.float64(0.5), np.float64(0.666666666667), np.float64(1.0)))","(7, (2, 2, 2, 3, 3, 4, 4), (np.float64(0.0), np.float64(0.0), np.float64(0.333333333333), np.float64(0.333333333333), np.float64(0.5), np.float64(0.666666666667), np.float64(1.0)), (2, 2, 2, 2, 2, 2, 2), 0, 1)"
691,7,10,"(7, (2, 2, 2, 3, 3, 4, 4))","(7, (2, 2, 2, 3, 3, 4, 4), (np.float64(0.0), np.float64(0.0), np.float64(0.333333333333), np.float64(0.333333333333), np.float64(0.5), np.float64(0.666666666667), np.float64(1.0)))","(7, (2, 2, 2, 3, 3, 4, 4), (np.float64(0.0), np.float64(0.0), np.float64(0.333333333333), np.float64(0.333333333333), np.float64(0.5), np.float64(0.666666666667), np.float64(1.0)), (2, 2, 2, 2, 2, 2, 2), 0, 1)"
692,7,10,"(7, (2, 2, 2, 3, 3, 4, 4))","(7, (2, 2, 2, 3, 3, 4, 4), (np.float64(0.0), np.float64(0.0), np.float64(0.0), np.float64(0.333333333333), np.float64(0.333333333333), np.float64(0.333333333333), np.float64(1.0)))","(7, (2, 2, 2, 3, 3, 4, 4), (np.float64(0.0), np.float64(0.0), np.float64(0.0), np.float64(0.333333333333), np.float64(0.333333333333), np.float64(0.333333333333), np.float64(1.0)), (2, 2, 2, 2, 2, 2, 2), 0, 1)"
693,7,10,"(7, (2, 2, 2, 3, 3, 4, 4))","(7, (2, 2, 2, 3, 3, 4, 4), (np.float64(0.0), np.float64(0.0), np.float64(0.0), np.float64(0.166666666667), np.float64(0.333333333333), np.float64(0.333333333333), np.float64(0.666666666667)))","(7, (2, 2, 2, 3, 3, 4, 4), (np.float64(0.0), np.float64(0.0), np.float64(0.0), np.float64(0.166666666667), np.float64(0.333333333333), np.float64(0.333333333333), np.float64(0.666666666667)), (2, 2, 2, 2, 2, 2, 2), 0, 1)"
694,7,10,"(7, (2, 2, 2, 3, 3, 4, 4))","(7, (2, 2, 2, 3, 3, 4, 4), (np.float64(0.0), np.float64(0.333333333333), np.float64(0.333333333333), np.float64(0.333333333333), np.float64(0.666666666667), np.float64(1.0), np.float64(1.0)))","(7, (2, 2, 2, 3, 3, 4, 4), (np.float64(0.0), np.float64(0.333333333333), np.float64(0.333333333333), np.float64(0.333333333333), np.float64(0.666666666667), np.float64(1.0), np.float64(1.0)), (2, 2, 2, 2, 2, 2, 2), 0, 1)"
695,7,10,"(7, (2, 2, 2, 3, 3, 4, 4))","(7, (2, 2, 2, 3, 3, 4, 4), (np.float64(0.0), np.float64(0.0), np.float64(0.0), np.float64(0.333333333333), np.float64(0.333333333333), np.float64(0.333333333333), np.float64(1.0)))","(7, (2, 2, 2, 3, 3, 4, 4), (np.float64(0.0), np.float64(0.0), np.float64(0.0), np.float64(0.333333333333), np.float64(0.333333333333), np.float64(0.333333333333), np.float64(1.0)), (2, 2, 2, 2, 2, 2, 2), 0, 1)"
696,7,10,"(7, (2, 2, 2, 3, 3, 4, 4))","(7, (2, 2, 2, 3, 3, 4, 4), (np.float64(0.333333333333), np.float64(0.5), np.float64(0.666666666667), np.float64(0.666666666667), np.float64(1.0), np.float64(1.0), np.float64(1.0)))","(7, (2, 2, 2, 3, 3, 4, 4), (np.float64(0.333333333333), np.float64(0.5), np.float64(0.666666666667), np.float64(0.666666666667), np.float64(1.0), np.float64(1.0), np.float64(1.0)), (2, 2, 2, 2, 2, 2, 2), 0, 1)"
697,7,10,"(7, (2, 2, 2, 3, 3, 4, 4))","(7, (2, 2, 2, 3, 3, 4, 4), (np.float64(0.0), np.float64(0.0), np.float64(0.166666666667), np.float64(0.333333333333), np.float64(0.333333333333), np.float64(0.333333333333), np.float64(1.0)))","(7, (2, 2, 2, 3, 3, 4, 4), (np.float64(0.0), np.float64(0.0), np.float64(0.166666666667), np.float64(0.333333333333), np.float64(0.333333333333), np.float64(0.333333333333), np.float64(1.0)), (2, 2, 2, 2, 2, 2, 2), 0, 1)"
698,7,10,"(7, (2, 2, 2, 3, 3, 4, 4))","(7, (2, 2, 2, 3, 3, 4, 4), (np.float64(0.0), np.float64(0.0), np.float64(0.0), np.float64(0.166666666667), np.float64(0.333333333333), np.float64(0.666666666667), np.float64(1.0)))","(7, (2, 2, 2, 3, 3, 4, 4), (np.float64(0.0), np.float64(0.0), np.float64(0.0), np.float64(0.166666666667), np.float64(0.333333333333), np.float64(0.666666666667), np.float64(1.0)), (2, 2, 2, 2, 2, 2, 2), 0, 1)"
699,7,10,"(7, (2, 2, 2, 3, 3, 4, 4))","(7, (2, 2, 2, 3, 3, 4, 4), (np.float64(0.333333333333), np.float64(0.333333333333), np.float64(0.333333333333), np.float64(0.333333333333), np.float64(1.0), np.float64(1.0), np.float64(1.0)))","(7, (2, 2, 2, 3, 3, 4, 4), (np.float64(0.333333333333), np.float64(0.333333333333), np.float64(0.333333333333), np.float64(0.333333333333), np.float64(1.0), np.float64(1.0), np.float64(1.0)), (2, 2, 2, 2, 2, 2, 2), 0, 1)"
700,7,10,"(7, (2, 2, 2, 3, 3, 4, 4))","(7, (2, 2, 2, 3, 3, 4, 4), (np.float64(0.0), np.float64(0.0), np.float64(0.0), np.float64(0.0), np.float64(0.166666666667), np.float64(0.166666666667), np.float64(1.0)))","(7, (2, 2, 2, 3, 3, 4, 4), (np.float64(0.0), np.float64(0.0), np.float64(0.0), np.float64(0.0), np.float64(0.166666666667), np.float64(0.166666666667), np.float64(1.0)), (2, 2, 2, 2, 2, 2, 2), 0, 1)"
701,7,10,"(7, (2, 2, 2, 3, 3, 4, 4))","(7, (2, 2, 2, 3, 3, 4, 4), (np.float64(0.0), np.float64(0.0), np.float64(0.0), np.float64(0.0), np.float64(0.166666666667), np.float64(0.333333333333), np.float64(0.333333333333)))","(7, (2, 2, 2, 3, 3, 4, 4), (np.float64(0.0), np.float64(0.0), np.float64(0.0), np.float64(0.0), np.float64(0.166666666667), np.float64(0.333333333333), np.float64(0.333333333333)), (2, 2, 2, 2, 2, 2, 2), 0, 1)"
702,7,10,"(7, (2, 2, 2, 3, 3, 4, 4))","(7, (2, 2, 2, 3, 3, 4, 4), (np.float64(0.0), np.float64(0.166666666667), np.float64(0.166666666667), np.float64(0.333333333333), np.float64(0.333333333333), np.float64(1.0), np.float64(1.0)))","(7, (2, 2, 2, 3, 3, 4, 4), (np.float64(0.0), np.float64(0.166666666667), np.float64(0.166666666667), np.float64(0.333333333333), np.float64(0.333333333333), np.float64(1.0), np.float64(1.0)), (2, 2, 2, 2, 2, 2, 2), 0, 1)"
703,7,10,"(7, (2, 2, 2, 3, 3, 4, 4))","(7, (2, 2, 2, 3, 3, 4, 4), (np.float64(0.0), np.float64(0.0), np.float64(0.333333333333), np.float64(0.333333333333), np.float64(0.5), np.float64(0.5), np.float64(1.0)))","(7, (2, 2, 2, 3, 3, 4, 4), (np.float64(0.0), np.float64(0.0), np.float64(0.333333333333), np.float64(0.333333333333), np.float64(0.5), np.float64(0.5), np.float64(1.0)), (2, 2, 2, 2, 2, 2, 2), 0, 1)"
704,7,10,"(7, (2, 2, 2, 3, 3, 4, 4))","(7, (2, 2, 2, 3, 3, 4, 4), (np.float64(0.0), np.float64(0.0), np.float64(0.0), np.float64(0.5), np.float64(0.5), np.float64(1.0), np.float64(1.0)))","(7, (2, 2, 2, 3, 3, 4, 4), (np.float64(0.0), np.float64(0.0), np.float64(0.0), np.float64(0.5), np.float64(0.5), np.float64(1.0), np.float64(1.0)), (2, 2, 2, 3, 3, 3, 3), 0, 1)"
705,7,10,"(7, (2, 2, 2, 3, 3, 4, 4))","(7, (2, 2, 2, 3, 3, 4, 4), (np.float64(0.0), np.float64(0.0), np.float64(0.0), np.float64(0.333333333333), np.float64(0.333333333333), np.float64(0.333333333333), np.float64(0.333333333333)))","(7, (2, 2, 2, 3, 3, 4, 4), (np.float64(0.0), np.float64(0.0), np.float64(0.0), np.float64(0.333333333333), np.float64(0.333333333333), np.float64(0.333333333333), np.float64(0.333333333333)), (2, 2, 2, 2, 2, 2, 2), 0, 1)"
706,7,10,"(7, (2, 2, 2, 3, 3, 4, 4))","(7, (2, 2, 2, 3, 3, 4, 4), (np.float64(0.333333333333), np.float64(0.333333333333), np.float64(0.333333333333), np.float64(0.333333333333), np.float64(1.0), np.float64(1.0), np.float64(1.0)))","(7, (2, 2, 2, 3, 3, 4, 4), (np.float64(0.333333333333), np.float64(0.333333333333), np.float64(0.333333333333), np.float64(0.333333333333), np.float64(1.0), np.float64(1.0), np.float64(1.0)), (2, 2, 2, 2, 2, 2, 2), 0, 1)"
707,7,10,"(7, (2, 2, 2, 3, 3, 4, 4))","(7, (2, 2, 2, 3, 3, 4, 4), (np.float64(0.0), np.float64(0.0), np.float64(0.0), np.float64(0.166666666667), np.float64(0.166666666667), np.float64(0.666666666667), np.float64(0.666666666667)))","(7, (2, 2, 2, 3, 3, 4, 4), (np.float64(0.0), np.float64(0.0), np.float64(0.0), np.float64(0.166666666667), np.float64(0.166666666667), np.float64(0.666666666667), np.float64(0.666666666667)), (2, 2, 2, 2, 2, 2, 2), 0, 1)"
708,7,10,"(7, (2, 2, 2, 3, 3, 4, 4))","(7, (2, 2, 2, 3, 3, 4, 4), (np.int64(0), np.int64(0), np.int64(0), np.int64(0), np.int64(0), np.int64(0), np.int64(0)))","(7, (2, 2, 2, 3, 3, 4, 4), (np.int64(0), np.int64(0), np.int64(0), np.int64(0), np.int64(0), np.int64(0), np.int64(0)), (2, 2, 2, 2, 2, 2, 2), 0, 1)"
709,7,10,"(7, (2, 2, 3, 3, 3, 3, 4))","(7, (2, 2, 3, 3, 3, 3, 4), (np.float64(0.0), np.float64(0.0), np.float64(0.0), np.float64(0.333333333333), np.float64(0.333333333333), np.float64(0.333333333333), np.float64(0.666666666667)))","(7, (2, 2, 3, 3, 3, 3, 4), (np.float64(0.0), np.float64(0.0), np.float64(0.0), np.float64(0.333333333333), np.float64(0.333333333333), np.float64(0.333333333333), np.float64(0.666666666667)), (2, 2, 2, 2, 2, 2, 2), 0, 1)"
710,7,10,"(7, (2, 2, 3, 3, 3, 3, 4))","(7, (2, 2, 3, 3, 3, 3, 4), (np.float64(0.333333333333), np.float64(0.333333333333), np.float64(0.333333333333), np.float64(0.333333333333), np.float64(0.666666666667), np.float64(1.0), np.float64(1.0)))","(7, (2, 2, 3, 3, 3, 3, 4), (np.float64(0.333333333333), np.float64(0.333333333333), np.float64(0.333333333333), np.float64(0.333333333333), np.float64(0.666666666667), np.float64(1.0), np.float64(1.0)), (2, 2, 2, 2, 2, 2, 2), 0, 1)"
711,7,10,"(7, (2, 2, 3, 3, 3, 3, 4))","(7, (2, 2, 3, 3, 3, 3, 4), (np.float64(0.0), np.float64(0.0), np.float64(0.333333333333), np.float64(0.333333333333), np.float64(0.333333333333), np.float64(0.333333333333), np.float64(1.0)))","(7, (2, 2, 3, 3, 3, 3, 4), (np.float64(0.0), np.float64(0.0), np.float64(0.333333333333), np.float64(0.333333333333), np.float64(0.333333333333), np.float64(0.333333333333), np.float64(1.0)), (2, 2, 2, 2, 2, 2, 2), 0, 1)"
712,7,10,"(7, (2, 2, 3, 3, 3, 3, 4))","(7, (2, 2, 3, 3, 3, 3, 4), (np.float64(0.0), np.float64(0.0), np.float64(0.0), np.float64(0.0), np.float64(0.166666666667), np.float64(0.333333333333), np.float64(0.333333333333)))","(7, (2, 2, 3, 3, 3, 3, 4), (np.float64(0.0), np.float64(0.0), np.float64(0.0), np.float64(0.0), np.float64(0.166666666667), np.float64(0.333333333333), np.float64(0.333333333333)), (2, 2, 2, 2, 2, 2, 2), 0, 1)"
713,7,10,"(7, (2, 2, 3, 3, 3, 3, 4))","(7, (2, 2, 3, 3, 3, 3, 4), (np.float64(0.0), np.float64(0.166666666667), np.float64(0.333333333333), np.float64(0.333333333333), np.float64(0.333333333333), np.float64(0.333333333333), np.float64(1.0)))","(7, (2, 2, 3, 3, 3, 3, 4), (np.float64(0.0), np.float64(0.166666666667), np.float64(0.333333333333), np.float64(0.333333333333), np.float64(0.333333333333), np.float64(0.333333333333), np.float64(1.0)), (2, 2, 2, 2, 2, 2, 2), 0, 1)"
714,7,10,"(7, (2, 2, 3, 3, 3, 3, 4))","(7, (2, 2, 3, 3, 3, 3, 4), (np.float64(0.0), np.float64(0.0), np.float64(0.333333333333), np.float64(0.333333333333), np.float64(0.5), np.float64(0.666666666667), np.float64(0.666666666667)))","(7, (2, 2, 3, 3, 3, 3, 4), (np.float64(0.0), np.float64(0.0), np.float64(0.333333333333), np.float64(0.333333333333), np.float64(0.5), np.float64(0.666666666667), np.float64(0.666666666667)), (2, 2, 2, 2, 2, 2, 2), 0, 1)"
715,7,10,"(7, (2, 2, 3, 3, 3, 3, 4))","(7, (2, 2, 3, 3, 3, 3, 4), (np.float64(0.0), np.float64(0.0), np.float64(0.0), np.float64(0.333333333333), np.float64(0.333333333333), np.float64(0.333333333333), np.float64(0.666666666667)))","(7, (2, 2, 3, 3, 3, 3, 4), (np.float64(0.0), np.float64(0.0), np.float64(0.0), np.float64(0.333333333333), np.float64(0.333333333333), np.float64(0.333333333333), np.float64(0.666666666667)), (2, 2, 2, 2, 2, 2, 2), 0, 1)"
716,7,10,"(7, (2, 2, 3, 3, 3, 3, 4))","(7, (2, 2, 3, 3, 3, 3, 4), (np.float64(0.0), np.float64(0.333333333333), np.float64(0.333333333333), np.float64(0.333333333333), np.float64(0.666666666667), np.float64(0.666666666667), np.float64(1.0)))","(7, (2, 2, 3, 3, 3, 3, 4), (np.float64(0.0), np.float64(0.333333333333), np.float64(0.333333333333), np.float64(0.333333333333), np.float64(0.666666666667), np.float64(0.666666666667), np.float64(1.0)), (2, 2, 2, 2, 2, 2, 2), 0, 1)"
717,7,10,"(7, (2, 2, 3, 3, 3, 3, 4))","(7, (2, 2, 3, 3, 3, 3, 4), (np.float64(0.0), np.float64(0.0), np.float64(0.0), np.float64(0.333333333333), np.float64(0.333333333333), np.float64(0.333333333333), np.float64(0.666666666667)))","(7, (2, 2, 3, 3, 3, 3, 4), (np.float64(0.0), np.float64(0.0), np.float64(0.0), np.float64(0.333333333333), np.float64(0.333333333333), np.float64(0.333333333333), np.float64(0.666666666667)), (2, 2, 2, 2, 2, 2, 2), 0, 1)"
718,7,10,"(7, (2, 2, 3, 3, 3, 3, 4))","(7, (2, 2, 3, 3, 3, 3, 4), (np.float64(0.0), np.float64(0.0), np.float64(0.0), np.float64(0.166666666667), np.float64(0.333333333333), np.float64(0.666666666667), np.float64(0.666666666667)))","(7, (2, 2, 3, 3, 3, 3, 4), (np.float64(0.0), np.float64(0.0), np.float64(0.0), np.float64(0.166666666667), np.float64(0.333333333333), np.float64(0.666666666667), np.float64(0.666666666667)), (2, 2, 2, 2, 2, 2, 2), 0, 1)"
719,7,10,"(7, (2, 2, 3, 3, 3, 3, 4))","(7, (2, 2, 3, 3, 3, 3, 4), (np.float64(0.0), np.float64(0.0), np.float64(0.0), np.float64(0.0), np.float64(0.166666666667), np.float64(0.333333333333), np.float64(0.333333333333)))","(7, (2, 2, 3, 3, 3, 3, 4), (np.float64(0.0), np.float64(0.0), np.float64(0.0), np.float64(0.0), np.float64(0.166666666667), np.float64(0.333333333333), np.float64(0.333333333333)), (2, 2, 2, 2, 2, 2, 2), 0, 1)"
720,7,10,"(7, (2, 2, 3, 3, 3, 3, 4))","(7, (2, 2, 3, 3, 3, 3, 4), (np.float64(0.0), np.float64(0.0), np.float64(0.0), np.float64(0.0), np.float64(0.166666666667), np.float64(0.333333333333), np.float64(1.0)))","(7, (2, 2, 3, 3, 3, 3, 4), (np.float64(0.0), np.float64(0.0), np.float64(0.0), np.float64(0.0), np.float64(0.166666666667), np.float64(0.333333333333), np.float64(1.0)), (2, 2, 2, 2, 2, 2, 2), 0, 1)"
721,7,10,"(7, (2, 2, 3, 3, 3, 3, 4))","(7, (2, 2, 3, 3, 3, 3, 4), (np.float64(0.0), np.float64(0.0), np.float64(0.0), np.float64(0.166666666667), np.float64(0.333333333333), np.float64(0.666666666667), np.float64(0.666666666667)))","(7, (2, 2, 3, 3, 3, 3, 4), (np.float64(0.0), np.float64(0.0), np.float64(0.0), np.float64(0.166666666667), np.float64(0.333333333333), np.float64(0.666666666667), np.float64(0.666666666667)), (2, 2, 2, 2, 2, 2, 2), 0, 1)"
722,7,10,"(7, (2, 2, 3, 3, 3, 3, 4))","(7, (2, 2, 3, 3, 3, 3, 4), (np.float64(0.0), np.float64(0.0), np.float64(0.333333333333), np.float64(0.333333333333), np.float64(0.333333333333), np.float64(0.333333333333), np.float64(0.333333333333)))","(7, (2, 2, 3, 3, 3, 3, 4), (np.float64(0.0), np.float64(0.0), np.float64(0.333333333333), np.float64(0.333333333333), np.float64(0.333333333333), np.float64(0.333333333333), np.float64(0.333333333333)), (2, 2, 2, 2, 2, 2, 2), 0, 1)"
723,7,10,"(7, (2, 2, 3, 3, 3, 3, 4))","(7, (2, 2, 3, 3, 3, 3, 4), (np.int64(0), np.int64(0), np.int64(0), np.int64(0), np.int64(0), np.int64(0), np.int64(0)))","(7, (2, 2, 3, 3, 3, 3, 4), (np.int64(0), np.int64(0), np.int64(0), np.int64(0), np.int64(0), np.int64(0), np.int64(0)), (2, 2, 2, 2, 2, 2, 2), 0, 1)"
724,7,10,"(7, (2, 2, 3, 3, 3, 3, 4))","(7, (2, 2, 3, 3, 3, 3, 4), (np.float64(0.333333333333), np.float64(0.666666666667), np.float64(0.666666666667), np.float64(0.666666666667), np.float64(0.666666666667), np.float64(1.0), np.float64(1.0)))","(7, (2, 2, 3, 3, 3, 3, 4), (np.float64(0.333333333333), np.float64(0.666666666667), np.float64(0.666666666667), np.float64(0.666666666667), np.float64(0.666666666667), np.float64(1.0), np.float64(1.0)), (2, 2, 2, 2, 2, 2, 2), 0, 1)"
725,7,10,"(7, (2, 2, 3, 3, 3, 3, 4))","(7, (2, 2, 3, 3, 3, 3, 4), (np.float64(0.166666666667), np.float64(0.333333333333), np.float64(0.333333333333), np.float64(0.666666666667), np.float64(0.666666666667), np.float64(1.0), np.float64(1.0)))","(7, (2, 2, 3, 3, 3, 3, 4), (np.float64(0.166666666667), np.float64(0.333333333333), np.float64(0.333333333333), np.float64(0.666666666667), np.float64(0.666666666667), np.float64(1.0), np.float64(1.0)), (2, 2, 2, 2, 2, 2, 2), 0, 1)"
726,7,10,"(7, (2, 2, 3, 3, 3, 3, 4))","(7, (2, 2, 3, 3, 3, 3, 4), (np.float64(0.333333333333), np.float64(0.5), np.float64(1.0), np.float64(1.0), np.float64(1.0), np.float64(1.0), np.float64(1.0)))","(7, (2, 2, 3, 3, 3, 3, 4), (np.float64(0.333333333333), np.float64(0.5), np.float64(1.0), np.float64(1.0), np.float64(1.0), np.float64(1.0), np.float64(1.0)), (2, 2, 2, 3, 3, 3, 3), 1, 1)"
727,7,10,"(7, (2, 3, 3, 3, 3, 3, 3))","(7, (2, 3, 3, 3, 3, 3, 3), (np.float64(0.0), np.float64(0.0), np.float64(0.0), np.float64(0.0), np.float64(0.333333333333), np.float64(0.333333333333), np.float64(0.333333333333)))","(7, (2, 3, 3, 3, 3, 3, 3), (np.float64(0.0), np.float64(0.0), np.float64(0.0), np.float64(0.0), np.float64(0.333333333333), np.float64(0.333333333333), np.float64(0.333333333333)), (2, 2, 2, 2, 2, 2, 2), 0, 1)"
728,7,10,"(7, (2, 3, 3, 3, 3, 3, 3))","(7, (2, 3, 3, 3, 3, 3, 3), (np.float64(0.333333333333), np.float64(0.333333333333), np.float64(0.333333333333), np.float64(0.333333333333), np.float64(0.666666666667), np.float64(0.666666666667), np.float64(1.0)))","(7, (2, 3, 3, 3, 3, 3, 3), (np.float64(0.333333333333), np.float64(0.333333333333), np.float64(0.333333333333), np.float64(0.333333333333), np.float64(0.666666666667), np.float64(0.666666666667), np.float64(1.0)), (2, 2, 2, 2, 2, 2, 2), 0, 1)"
729,7,10,"(7, (2, 3, 3, 3, 3, 3, 3))","(7, (2, 3, 3, 3, 3, 3, 3), (np.float64(0.0), np.float64(0.333333333333), np.float64(0.333333333333), np.float64(0.333333333333), np.float64(0.333333333333), np.float64(0.333333333333), np.float64(0.333333333333)))","(7, (2, 3, 3, 3, 3, 3, 3), (np.float64(0.0), np.float64(0.333333333333), np.float64(0.333333333333), np.float64(0.333333333333), np.float64(0.333333333333), np.float64(0.333333333333), np.float64(0.333333333333)), (2, 2, 2, 2, 2, 2, 2), 0, 1)"
730,7,10,"(7, (2, 3, 3, 3, 3, 3, 3))","(7, (2, 3, 3, 3, 3, 3, 3), (np.int64(0), np.int64(0), np.int64(0), np.int64(0), np.int64(0), np.int64(0), np.int64(0)))","(7, (2, 3, 3, 3, 3, 3, 3), (np.int64(0), np.int64(0), np.int64(0), np.int64(0), np.int64(0), np.int64(0), np.int64(0)), (2, 2, 2, 2, 2, 2, 2), 0, 1)"
731,7,11,"(7, (0, 1, 4, 4, 4, 4, 5))","(7, (0, 1, 4, 4, 4, 4, 5), (np.float64(0.0), np.float64(0.0), np.float64(0.6), np.float64(1.0), np.float64(1.0), np.float64(1.0), np.float64(1.0)))","(7, (0, 1, 4, 4, 4, 4, 5), (np.float64(0.0), np.float64(0.0), np.float64(0.6), np.float64(1.0), np.float64(1.0), np.float64(1.0), np.float64(1.0)), (0, 1, 4, 4, 4, 4, 4), 1, 2)"
732,7,11,"(7, (0, 2, 3, 3, 4, 5, 5))","(7, (0, 2, 3, 3, 4, 5, 5), (np.float64(0.0), np.float64(0.6), np.float64(0.6), np.float64(0.833333333333), np.float64(1.0), np.float64(1.0), np.float64(1.0)))","(7, (0, 2, 3, 3, 4, 5, 5), (np.float64(0.0), np.float64(0.6), np.float64(0.6), np.float64(0.833333333333), np.float64(1.0), np.float64(1.0), np.float64(1.0)), (0, 2, 3, 3, 3, 3, 3), 0, 2)"
733,7,11,"(7, (0, 2, 3, 4, 4, 4, 5))","(7, (0, 2, 3, 4, 4, 4, 5), (np.float64(0.0), np.float64(0.6), np.float64(0.666666666667), np.float64(0.833333333333), np.float64(0.833333333333), np.float64(1.0), np.float64(1.0)))","(7, (0, 2, 3, 4, 4, 4, 5), (np.float64(0.0), np.float64(0.6), np.float64(0.666666666667), np.float64(0.833333333333), np.float64(0.833333333333), np.float64(1.0), np.float64(1.0)), (0, 2, 3, 3, 3, 3, 3), 0, 2)"
734,7,11,"(7, (0, 2, 4, 4, 4, 4, 4))","(7, (0, 2, 4, 4, 4, 4, 4), (np.float64(0.0), np.float64(0.0), np.float64(0.5), np.float64(0.5), np.float64(0.833333333333), np.float64(0.833333333333), np.float64(0.833333333333)))","(7, (0, 2, 4, 4, 4, 4, 4), (np.float64(0.0), np.float64(0.0), np.float64(0.5), np.float64(0.5), np.float64(0.833333333333), np.float64(0.833333333333), np.float64(0.833333333333)), (0, 2, 3, 3, 3, 3, 3), 0, 2)"
735,7,11,"(7, (0, 3, 3, 3, 3, 5, 5))","(7, (0, 3, 3, 3, 3, 5, 5), (np.float64(0.0), np.float64(0.6), np.float64(0.6), np.float64(1.0), np.float64(1.0), np.float64(1.0), np.float64(1.0)))","(7, (0, 3, 3, 3, 3, 5, 5), (np.float64(0.0), np.float64(0.6), np.float64(0.6), np.float64(1.0), np.float64(1.0), np.float64(1.0), np.float64(1.0)), (0, 3, 3, 3, 3, 3, 3), 0, 2)"
736,7,11,"(7, (0, 3, 3, 3, 4, 4, 5))","(7, (0, 3, 3, 3, 4, 4, 5), (np.float64(0.0), np.float64(0.6), np.float64(0.666666666667), np.float64(0.666666666667), np.float64(0.666666666667), np.float64(0.666666666667), np.float64(1.0)))","(7, (0, 3, 3, 3, 4, 4, 5), (np.float64(0.0), np.float64(0.6), np.float64(0.666666666667), np.float64(0.666666666667), np.float64(0.666666666667), np.float64(0.666666666667), np.float64(1.0)), (0, 3, 3, 3, 3, 3, 3), 0, 2)"
737,7,11,"(7, (0, 3, 3, 3, 4, 4, 5))","(7, (0, 3, 3, 3, 4, 4, 5), (np.float64(0.0), np.float64(0.5), np.float64(0.5), np.float64(0.6), np.float64(0.666666666667), np.float64(0.666666666667), np.float64(0.666666666667)))","(7, (0, 3, 3, 3, 4, 4, 5), (np.float64(0.0), np.float64(0.5), np.float64(0.5), np.float64(0.6), np.float64(0.666666666667), np.float64(0.666666666667), np.float64(0.666666666667)), (0, 3, 3, 3, 3, 3, 3), 0, 2)"
738,7,11,"(7, (0, 3, 3, 4, 4, 4, 4))","(7, (0, 3, 3, 4, 4, 4, 4), (np.float64(0.0), np.float64(0.5), np.float64(0.5), np.float64(0.666666666667), np.float64(0.666666666667), np.float64(0.666666666667), np.float64(0.666666666667)))","(7, (0, 3, 3, 4, 4, 4, 4), (np.float64(0.0), np.float64(0.5), np.float64(0.5), np.float64(0.666666666667), np.float64(0.666666666667), np.float64(0.666666666667), np.float64(0.666666666667)), (0, 3, 3, 3, 3, 3, 3), 0, 2)"
739,7,11,"(7, (0, 3, 3, 4, 4, 4, 4))","(7, (0, 3, 3, 4, 4, 4, 4), (np.float64(0.0), np.float64(0.333333333333), np.float64(0.333333333333), np.float64(0.666666666667), np.float64(0.666666666667), np.float64(0.666666666667), np.float64(0.666666666667)))","(7, (0, 3, 3, 4, 4, 4, 4), (np.float64(0.0), np.float64(0.333333333333), np.float64(0.333333333333), np.float64(0.666666666667), np.float64(0.666666666667), np.float64(0.666666666667), np.float64(0.666666666667)), (0, 3, 3, 3, 3, 3, 3), 0, 2)"
740,7,11,"(7, (1, 1, 3, 3, 4, 4, 6))","(7, (1, 1, 3, 3, 4, 4, 6), (np.float64(0.0), np.float64(0.0), np.float64(0.333333333333), np.float64(0.833333333333), np.float64(0.833333333333), np.float64(1.0), np.float64(1.0)))","(7, (1, 1, 3, 3, 4, 4, 6), (np.float64(0.0), np.float64(0.0), np.float64(0.333333333333), np.float64(0.833333333333), np.float64(0.833333333333), np.float64(1.0), np.float64(1.0)), (1, 1, 3, 3, 3, 3, 3), 2, 1)"
741,7,11,"(7, (1, 1, 3, 3, 4, 5, 5))","(7, (1, 1, 3, 3, 4, 5, 5), (np.float64(0.0), np.float64(0.0), np.float64(0.5), np.float64(0.5), np.float64(0.833333333333), np.float64(1.0), np.float64(1.0)))","(7, (1, 1, 3, 3, 4, 5, 5), (np.float64(0.0), np.float64(0.0), np.float64(0.5), np.float64(0.5), np.float64(0.833333333333), np.float64(1.0), np.float64(1.0)), (1, 1, 3, 3, 3, 3, 3), 2, 1)"
742,7,11,"(7, (1, 1, 3, 4, 4, 4, 5))","(7, (1, 1, 3, 4, 4, 4, 5), (np.float64(0.0), np.float64(0.0), np.float64(0.5), np.float64(0.5), np.float64(0.833333333333), np.float64(0.833333333333), np.float64(1.0)))","(7, (1, 1, 3, 4, 4, 4, 5), (np.float64(0.0), np.float64(0.0), np.float64(0.5), np.float64(0.5), np.float64(0.833333333333), np.float64(0.833333333333), np.float64(1.0)), (1, 1, 3, 3, 3, 3, 3), 2, 1)"
743,7,11,"(7, (1, 1, 3, 4, 4, 4, 5))","(7, (1, 1, 3, 4, 4, 4, 5), (np.float64(0.0), np.float64(0.0), np.float64(0.3), np.float64(0.833333333333), np.float64(0.833333333333), np.float64(0.833333333333), np.float64(1.0)))","(7, (1, 1, 3, 4, 4, 4, 5), (np.float64(0.0), np.float64(0.0), np.float64(0.3), np.float64(0.833333333333), np.float64(0.833333333333), np.float64(0.833333333333), np.float64(1.0)), (1, 1, 3, 3, 3, 3, 3), 2, 1)"
744,7,11,"(7, (1, 1, 4, 4, 4, 4, 4))","(7, (1, 1, 4, 4, 4, 4, 4), (np.float64(0.0), np.float64(0.0), np.float64(0.5), np.float64(0.5), np.float64(0.833333333333), np.float64(0.833333333333), np.float64(0.833333333333)))","(7, (1, 1, 4, 4, 4, 4, 4), (np.float64(0.0), np.float64(0.0), np.float64(0.5), np.float64(0.5), np.float64(0.833333333333), np.float64(0.833333333333), np.float64(0.833333333333)), (1, 1, 3, 3, 3, 3, 3), 2, 1)"
745,7,11,"(7, (1, 1, 4, 4, 4, 4, 4))","(7, (1, 1, 4, 4, 4, 4, 4), (np.float64(0.0), np.float64(0.0), np.float64(1.0), np.float64(1.0), np.float64(1.0), np.float64(1.0), np.float64(1.0)))","(7, (1, 1, 4, 4, 4, 4, 4), (np.float64(0.0), np.float64(0.0), np.float64(1.0), np.float64(1.0), np.float64(1.0), np.float64(1.0), np.float64(1.0)), (1, 1, 4, 4, 4, 4, 4), 1, 2)"
746,7,11,"(7, (1, 2, 2, 3, 3, 5, 6))","(7, (1, 2, 2, 3, 3, 5, 6), (np.float64(0.0), np.float64(0.333333333333), np.float64(0.5), np.float64(1.0), np.float64(1.0), np.float64(1.0), np.float64(1.0)))","(7, (1, 2, 2, 3, 3, 5, 6), (np.float64(0.0), np.float64(0.333333333333), np.float64(0.5), np.float64(1.0), np.float64(1.0), np.float64(1.0), np.float64(1.0)), (1, 2, 2, 3, 3, 3, 3), 1, 1)"
747,7,11,"(7, (1, 2, 2, 3, 4, 4, 6))","(7, (1, 2, 2, 3, 4, 4, 6), (np.float64(0.0), np.float64(0.333333333333), np.float64(0.666666666667), np.float64(0.666666666667), np.float64(1.0), np.float64(1.0), np.float64(1.0)))","(7, (1, 2, 2, 3, 4, 4, 6), (np.float64(0.0), np.float64(0.333333333333), np.float64(0.666666666667), np.float64(0.666666666667), np.float64(1.0), np.float64(1.0), np.float64(1.0)), (1, 2, 2, 3, 3, 3, 3), 1, 1)"
748,7,11,"(7, (1, 2, 2, 3, 4, 5, 5))","(7, (1, 2, 2, 3, 4, 5, 5), (np.float64(0.0), np.float64(0.4), np.float64(0.5), np.float64(0.666666666667), np.float64(1.0), np.float64(1.0), np.float64(1.0)))","(7, (1, 2, 2, 3, 4, 5, 5), (np.float64(0.0), np.float64(0.4), np.float64(0.5), np.float64(0.666666666667), np.float64(1.0), np.float64(1.0), np.float64(1.0)), (1, 2, 2, 3, 3, 3, 3), 1, 1)"
749,7,11,"(7, (1, 2, 2, 3, 4, 5, 5))","(7, (1, 2, 2, 3, 4, 5, 5), (np.float64(0.0), np.float64(0.5), np.float64(0.5), np.float64(0.5), np.float64(1.0), np.float64(1.0), np.float64(1.0)))","(7, (1, 2, 2, 3, 4, 5, 5), (np.float64(0.0), np.float64(0.5), np.float64(0.5), np.float64(0.5), np.float64(1.0), np.float64(1.0), np.float64(1.0)), (1, 2, 2, 3, 3, 3, 3), 1, 1)"
750,7,11,"(7, (1, 2, 2, 4, 4, 4, 5))","(7, (1, 2, 2, 4, 4, 4, 5), (np.float64(0.0), np.float64(0.4), np.float64(0.666666666667), np.float64(0.666666666667), np.float64(0.666666666667), np.float64(1.0), np.float64(1.0)))","(7, (1, 2, 2, 4, 4, 4, 5), (np.float64(0.0), np.float64(0.4), np.float64(0.666666666667), np.float64(0.666666666667), np.float64(0.666666666667), np.float64(1.0), np.float64(1.0)), (1, 2, 2, 3, 3, 3, 3), 1, 1)"
751,7,11,"(7, (1, 2, 2, 4, 4, 4, 5))","(7, (1, 2, 2, 4, 4, 4, 5), (np.float64(0.0), np.float64(0.5), np.float64(0.5), np.float64(0.666666666667), np.float64(0.666666666667), np.float64(1.0), np.float64(1.0)))","(7, (1, 2, 2, 4, 4, 4, 5), (np.float64(0.0), np.float64(0.5), np.float64(0.5), np.float64(0.666666666667), np.float64(0.666666666667), np.float64(1.0), np.float64(1.0)), (1, 2, 2, 3, 3, 3, 3), 1, 1)"
752,7,11,"(7, (1, 2, 3, 3, 3, 4, 6))","(7, (1, 2, 3, 3, 3, 4, 6), (np.float64(0.0), np.float64(0.333333333333), np.float64(0.5), np.float64(0.666666666667), np.float64(0.666666666667), np.float64(0.666666666667), np.float64(1.0)))","(7, (1, 2, 3, 3, 3, 4, 6), (np.float64(0.0), np.float64(0.333333333333), np.float64(0.5), np.float64(0.666666666667), np.float64(0.666666666667), np.float64(0.666666666667), np.float64(1.0)), (1, 2, 3, 3, 3, 3, 3), 1, 1)"
753,7,11,"(7, (1, 2, 3, 3, 3, 4, 6))","(7, (1, 2, 3, 3, 3, 4, 6), (np.float64(0.0), np.float64(0.333333333333), np.float64(0.666666666667), np.float64(0.666666666667), np.float64(1.0), np.float64(1.0), np.float64(1.0)))","(7, (1, 2, 3, 3, 3, 4, 6), (np.float64(0.0), np.float64(0.333333333333), np.float64(0.666666666667), np.float64(0.666666666667), np.float64(1.0), np.float64(1.0), np.float64(1.0)), (1, 2, 2, 3, 3, 3, 3), 1, 1)"
754,7,11,"(7, (1, 2, 3, 3, 3, 5, 5))","(7, (1, 2, 3, 3, 3, 5, 5), (np.float64(0.0), np.float64(0.3), np.float64(0.5), np.float64(0.666666666667), np.float64(0.666666666667), np.float64(0.666666666667), np.float64(1.0)))","(7, (1, 2, 3, 3, 3, 5, 5), (np.float64(0.0), np.float64(0.3), np.float64(0.5), np.float64(0.666666666667), np.float64(0.666666666667), np.float64(0.666666666667), np.float64(1.0)), (1, 2, 3, 3, 3, 3, 3), 1, 1)"
755,7,11,"(7, (1, 2, 3, 3, 3, 5, 5))","(7, (1, 2, 3, 3, 3, 5, 5), (np.float64(0.0), np.float64(0.4), np.float64(0.5), np.float64(0.666666666667), np.float64(1.0), np.float64(1.0), np.float64(1.0)))","(7, (1, 2, 3, 3, 3, 5, 5), (np.float64(0.0), np.float64(0.4), np.float64(0.5), np.float64(0.666666666667), np.float64(1.0), np.float64(1.0), np.float64(1.0)), (1, 2, 2, 3, 3, 3, 3), 1, 1)"
756,7,11,"(7, (1, 2, 3, 3, 3, 5, 5))","(7, (1, 2, 3, 3, 3, 5, 5), (np.float64(0.0), np.float64(0.333333333333), np.float64(0.5), np.float64(0.5), np.float64(1.0), np.float64(1.0), np.float64(1.0)))","(7, (1, 2, 3, 3, 3, 5, 5), (np.float64(0.0), np.float64(0.333333333333), np.float64(0.5), np.float64(0.5), np.float64(1.0), np.float64(1.0), np.float64(1.0)), (1, 2, 2, 3, 3, 3, 3), 1, 1)"
757,7,11,"(7, (1, 2, 3, 3, 4, 4, 5))","(7, (1, 2, 3, 3, 4, 4, 5), (np.float64(0.0), np.float64(0.3), np.float64(0.5), np.float64(0.666666666667), np.float64(0.666666666667), np.float64(0.666666666667), np.float64(1.0)))","(7, (1, 2, 3, 3, 4, 4, 5), (np.float64(0.0), np.float64(0.3), np.float64(0.5), np.float64(0.666666666667), np.float64(0.666666666667), np.float64(0.666666666667), np.float64(1.0)), (1, 2, 3, 3, 3, 3, 3), 1, 1)"
758,7,11,"(7, (1, 2, 3, 3, 4, 4, 5))","(7, (1, 2, 3, 3, 4, 4, 5), (np.float64(0.0), np.float64(0.333333333333), np.float64(0.5), np.float64(0.5), np.float64(0.666666666667), np.float64(0.666666666667), np.float64(1.0)))","(7, (1, 2, 3, 3, 4, 4, 5), (np.float64(0.0), np.float64(0.333333333333), np.float64(0.5), np.float64(0.5), np.float64(0.666666666667), np.float64(0.666666666667), np.float64(1.0)), (1, 2, 3, 3, 3, 3, 3), 1, 1)"
759,7,11,"(7, (1, 2, 3, 3, 4, 4, 5))","(7, (1, 2, 3, 3, 4, 4, 5), (np.float64(0.0), np.float64(0.0), np.float64(0.333333333333), np.float64(0.4), np.float64(0.5), np.float64(0.666666666667), np.float64(1.0)))","(7, (1, 2, 3, 3, 4, 4, 5), (np.float64(0.0), np.float64(0.0), np.float64(0.333333333333), np.float64(0.4), np.float64(0.5), np.float64(0.666666666667), np.float64(1.0)), (1, 2, 2, 3, 3, 3, 3), 1, 1)"
760,7,11,"(7, (1, 2, 3, 3, 4, 4, 5))","(7, (1, 2, 3, 3, 4, 4, 5), (np.float64(0.0), np.float64(0.5), np.float64(0.5), np.float64(0.666666666667), np.float64(0.666666666667), np.float64(1.0), np.float64(1.0)))","(7, (1, 2, 3, 3, 4, 4, 5), (np.float64(0.0), np.float64(0.5), np.float64(0.5), np.float64(0.666666666667), np.float64(0.666666666667), np.float64(1.0), np.float64(1.0)), (1, 2, 2, 3, 3, 3, 3), 1, 1)"
761,7,11,"(7, (1, 2, 3, 3, 4, 4, 5))","(7, (1, 2, 3, 3, 4, 4, 5), (np.float64(0.0), np.float64(0.333333333333), np.float64(0.5), np.float64(0.666666666667), np.float64(0.666666666667), np.float64(1.0), np.float64(1.0)))","(7, (1, 2, 3, 3, 4, 4, 5), (np.float64(0.0), np.float64(0.333333333333), np.float64(0.5), np.float64(0.666666666667), np.float64(0.666666666667), np.float64(1.0), np.float64(1.0)), (1, 2, 2, 3, 3, 3, 3), 1, 1)"
762,7,11,"(7, (1, 2, 3, 3, 4, 4, 5))","(7, (1, 2, 3, 3, 4, 4, 5), (np.float64(0.0), np.float64(0.0), np.float64(0.2), np.float64(0.333333333333), np.float64(0.666666666667), np.float64(0.666666666667), np.float64(0.666666666667)))","(7, (1, 2, 3, 3, 4, 4, 5), (np.float64(0.0), np.float64(0.0), np.float64(0.2), np.float64(0.333333333333), np.float64(0.666666666667), np.float64(0.666666666667), np.float64(0.666666666667)), (1, 2, 3, 3, 3, 3, 3), 1, 1)"
763,7,11,"(7, (1, 2, 3, 3, 4, 4, 5))","(7, (1, 2, 3, 3, 4, 4, 5), (np.float64(0.0), np.float64(0.333333333333), np.float64(0.5), np.float64(0.666666666667), np.float64(1.0), np.float64(1.0), np.float64(1.0)))","(7, (1, 2, 3, 3, 4, 4, 5), (np.float64(0.0), np.float64(0.333333333333), np.float64(0.5), np.float64(0.666666666667), np.float64(1.0), np.float64(1.0), np.float64(1.0)), (1, 2, 2, 3, 3, 3, 3), 1, 1)"
764,7,11,"(7, (1, 2, 3, 3, 4, 4, 5))","(7, (1, 2, 3, 3, 4, 4, 5), (np.float64(0.0), np.float64(0.0), np.float64(0.3), np.float64(0.333333333333), np.float64(0.666666666667), np.float64(0.666666666667), np.float64(1.0)))","(7, (1, 2, 3, 3, 4, 4, 5), (np.float64(0.0), np.float64(0.0), np.float64(0.3), np.float64(0.333333333333), np.float64(0.666666666667), np.float64(0.666666666667), np.float64(1.0)), (1, 2, 2, 3, 3, 3, 3), 1, 1)"
765,7,11,"(7, (1, 2, 3, 3, 4, 4, 5))","(7, (1, 2, 3, 3, 4, 4, 5), (np.float64(0.0), np.float64(0.333333333333), np.float64(0.5), np.float64(0.5), np.float64(0.666666666667), np.float64(0.666666666667), np.float64(1.0)))","(7, (1, 2, 3, 3, 4, 4, 5), (np.float64(0.0), np.float64(0.333333333333), np.float64(0.5), np.float64(0.5), np.float64(0.666666666667), np.float64(0.666666666667), np.float64(1.0)), (1, 2, 3, 3, 3, 3, 3), 1, 1)"
766,7,11,"(7, (1, 2, 3, 3, 4, 4, 5))","(7, (1, 2, 3, 3, 4, 4, 5), (np.float64(0.0), np.float64(0.4), np.float64(0.5), np.float64(0.5), np.float64(0.666666666667), np.float64(0.666666666667), np.float64(1.0)))","(7, (1, 2, 3, 3, 4, 4, 5), (np.float64(0.0), np.float64(0.4), np.float64(0.5), np.float64(0.5), np.float64(0.666666666667), np.float64(0.666666666667), np.float64(1.0)), (1, 2, 3, 3, 3, 3, 3), 1, 1)"
767,7,11,"(7, (1, 2, 3, 3, 4, 4, 5))","(7, (1, 2, 3, 3, 4, 4, 5), (np.float64(0.0), np.float64(0.0), np.float64(0.333333333333), np.float64(0.333333333333), np.float64(0.4), np.float64(0.666666666667), np.float64(0.666666666667)))","(7, (1, 2, 3, 3, 4, 4, 5), (np.float64(0.0), np.float64(0.0), np.float64(0.333333333333), np.float64(0.333333333333), np.float64(0.4), np.float64(0.666666666667), np.float64(0.666666666667)), (1, 2, 3, 3, 3, 3, 3), 1, 1)"
768,7,11,"(7, (1, 2, 3, 3, 4, 4, 5))","(7, (1, 2, 3, 3, 4, 4, 5), (np.float64(0.0), np.float64(0.0), np.float64(0.5), np.float64(0.833333333333), np.float64(0.833333333333), np.float64(1.0), np.float64(1.0)))","(7, (1, 2, 3, 3, 4, 4, 5), (np.float64(0.0), np.float64(0.0), np.float64(0.5), np.float64(0.833333333333), np.float64(0.833333333333), np.float64(1.0), np.float64(1.0)), (1, 1, 3, 3, 3, 3, 3), 2, 1)"
769,7,11,"(7, (1, 2, 3, 4, 4, 4, 4))","(7, (1, 2, 3, 4, 4, 4, 4), (np.float64(0.0), np.float64(0.333333333333), np.float64(0.5), np.float64(0.5), np.float64(0.666666666667), np.float64(0.666666666667), np.float64(1.0)))","(7, (1, 2, 3, 4, 4, 4, 4), (np.float64(0.0), np.float64(0.333333333333), np.float64(0.5), np.float64(0.5), np.float64(0.666666666667), np.float64(0.666666666667), np.float64(1.0)), (1, 2, 3, 3, 3, 3, 3), 1, 1)"
770,7,11,"(7, (1, 2, 3, 4, 4, 4, 4))","(7, (1, 2, 3, 4, 4, 4, 4), (np.float64(0.0), np.float64(0.0), np.float64(0.166666666667), np.float64(0.5), np.float64(0.666666666667), np.float64(0.666666666667), np.float64(1.0)))","(7, (1, 2, 3, 4, 4, 4, 4), (np.float64(0.0), np.float64(0.0), np.float64(0.166666666667), np.float64(0.5), np.float64(0.666666666667), np.float64(0.666666666667), np.float64(1.0)), (1, 2, 2, 3, 3, 3, 3), 1, 1)"
771,7,11,"(7, (1, 2, 3, 4, 4, 4, 4))","(7, (1, 2, 3, 4, 4, 4, 4), (np.float64(0.0), np.float64(0.0), np.float64(0.333333333333), np.float64(0.5), np.float64(0.5), np.float64(0.666666666667), np.float64(0.666666666667)))","(7, (1, 2, 3, 4, 4, 4, 4), (np.float64(0.0), np.float64(0.0), np.float64(0.333333333333), np.float64(0.5), np.float64(0.5), np.float64(0.666666666667), np.float64(0.666666666667)), (1, 2, 2, 3, 3, 3, 3), 1, 1)"
772,7,11,"(7, (1, 2, 3, 4, 4, 4, 4))","(7, (1, 2, 3, 4, 4, 4, 4), (np.float64(0.0), np.float64(0.0), np.float64(0.333333333333), np.float64(0.333333333333), np.float64(0.333333333333), np.float64(0.666666666667), np.float64(0.666666666667)))","(7, (1, 2, 3, 4, 4, 4, 4), (np.float64(0.0), np.float64(0.0), np.float64(0.333333333333), np.float64(0.333333333333), np.float64(0.333333333333), np.float64(0.666666666667), np.float64(0.666666666667)), (1, 2, 3, 3, 3, 3, 3), 1, 1)"
773,7,11,"(7, (1, 2, 3, 4, 4, 4, 4))","(7, (1, 2, 3, 4, 4, 4, 4), (np.float64(0.0), np.float64(0.333333333333), np.float64(0.666666666667), np.float64(0.666666666667), np.float64(0.666666666667), np.float64(0.666666666667), np.float64(1.0)))","(7, (1, 2, 3, 4, 4, 4, 4), (np.float64(0.0), np.float64(0.333333333333), np.float64(0.666666666667), np.float64(0.666666666667), np.float64(0.666666666667), np.float64(0.666666666667), np.float64(1.0)), (1, 2, 2, 3, 3, 3, 3), 1, 1)"
774,7,11,"(7, (1, 2, 3, 4, 4, 4, 4))","(7, (1, 2, 3, 4, 4, 4, 4), (np.float64(0.0), np.float64(0.0), np.float64(0.5), np.float64(0.833333333333), np.float64(0.833333333333), np.float64(0.833333333333), np.float64(1.0)))","(7, (1, 2, 3, 4, 4, 4, 4), (np.float64(0.0), np.float64(0.0), np.float64(0.5), np.float64(0.833333333333), np.float64(0.833333333333), np.float64(0.833333333333), np.float64(1.0)), (1, 1, 3, 3, 3, 3, 3), 2, 1)"
775,7,11,"(7, (1, 3, 3, 3, 3, 3, 6))","(7, (1, 3, 3, 3, 3, 3, 6), (np.float64(0.0), np.float64(0.333333333333), np.float64(0.666666666667), np.float64(0.666666666667), np.float64(0.666666666667), np.float64(0.666666666667), np.float64(0.666666666667)))","(7, (1, 3, 3, 3, 3, 3, 6), (np.float64(0.0), np.float64(0.333333333333), np.float64(0.666666666667), np.float64(0.666666666667), np.float64(0.666666666667), np.float64(0.666666666667), np.float64(0.666666666667)), (1, 3, 3, 3, 3, 3, 3), 1, 1)"
776,7,11,"(7, (1, 3, 3, 3, 3, 4, 5))","(7, (1, 3, 3, 3, 3, 4, 5), (np.float64(0.0), np.float64(0.3), np.float64(0.333333333333), np.float64(0.333333333333), np.float64(0.5), np.float64(0.666666666667), np.float64(0.666666666667)))","(7, (1, 3, 3, 3, 3, 4, 5), (np.float64(0.0), np.float64(0.3), np.float64(0.333333333333), np.float64(0.333333333333), np.float64(0.5), np.float64(0.666666666667), np.float64(0.666666666667)), (1, 3, 3, 3, 3, 3, 3), 1, 1)"
777,7,11,"(7, (1, 3, 3, 3, 3, 4, 5))","(7, (1, 3, 3, 3, 3, 4, 5), (np.float64(0.0), np.float64(0.333333333333), np.float64(0.5), np.float64(0.666666666667), np.float64(0.666666666667), np.float64(0.666666666667), np.float64(0.666666666667)))","(7, (1, 3, 3, 3, 3, 4, 5), (np.float64(0.0), np.float64(0.333333333333), np.float64(0.5), np.float64(0.666666666667), np.float64(0.666666666667), np.float64(0.666666666667), np.float64(0.666666666667)), (1, 3, 3, 3, 3, 3, 3), 1, 1)"
778,7,11,"(7, (1, 3, 3, 3, 3, 4, 5))","(7, (1, 3, 3, 3, 3, 4, 5), (np.float64(0.0), np.float64(0.333333333333), np.float64(0.5), np.float64(0.666666666667), np.float64(0.666666666667), np.float64(1.0), np.float64(1.0)))","(7, (1, 3, 3, 3, 3, 4, 5), (np.float64(0.0), np.float64(0.333333333333), np.float64(0.5), np.float64(0.666666666667), np.float64(0.666666666667), np.float64(1.0), np.float64(1.0)), (1, 2, 2, 3, 3, 3, 3), 1, 1)"
779,7,11,"(7, (1, 3, 3, 3, 3, 4, 5))","(7, (1, 3, 3, 3, 3, 4, 5), (np.float64(0.0), np.float64(0.333333333333), np.float64(0.5), np.float64(0.5), np.float64(0.666666666667), np.float64(0.666666666667), np.float64(0.666666666667)))","(7, (1, 3, 3, 3, 3, 4, 5), (np.float64(0.0), np.float64(0.333333333333), np.float64(0.5), np.float64(0.5), np.float64(0.666666666667), np.float64(0.666666666667), np.float64(0.666666666667)), (1, 2, 3, 3, 3, 3, 3), 1, 1)"
780,7,11,"(7, (1, 3, 3, 3, 3, 4, 5))","(7, (1, 3, 3, 3, 3, 4, 5), (np.float64(0.0), np.float64(0.0), np.float64(0.3), np.float64(0.333333333333), np.float64(0.333333333333), np.float64(0.333333333333), np.float64(0.5)))","(7, (1, 3, 3, 3, 3, 4, 5), (np.float64(0.0), np.float64(0.0), np.float64(0.3), np.float64(0.333333333333), np.float64(0.333333333333), np.float64(0.333333333333), np.float64(0.5)), (1, 3, 3, 3, 3, 3, 3), 1, 1)"
781,7,11,"(7, (1, 3, 3, 3, 3, 4, 5))","(7, (1, 3, 3, 3, 3, 4, 5), (np.float64(0.0), np.float64(0.2), np.float64(0.333333333333), np.float64(0.666666666667), np.float64(0.666666666667), np.float64(0.666666666667), np.float64(0.666666666667)))","(7, (1, 3, 3, 3, 3, 4, 5), (np.float64(0.0), np.float64(0.2), np.float64(0.333333333333), np.float64(0.666666666667), np.float64(0.666666666667), np.float64(0.666666666667), np.float64(0.666666666667)), (1, 3, 3, 3, 3, 3, 3), 1, 1)"
782,7,11,"(7, (1, 3, 3, 3, 4, 4, 4))","(7, (1, 3, 3, 3, 4, 4, 4), (np.float64(0.0), np.float64(0.166666666667), np.float64(0.333333333333), np.float64(0.5), np.float64(0.5), np.float64(0.666666666667), np.float64(0.666666666667)))","(7, (1, 3, 3, 3, 4, 4, 4), (np.float64(0.0), np.float64(0.166666666667), np.float64(0.333333333333), np.float64(0.5), np.float64(0.5), np.float64(0.666666666667), np.float64(0.666666666667)), (1, 3, 3, 3, 3, 3, 3), 1, 1)"
783,7,11,"(7, (1, 3, 3, 3, 4, 4, 4))","(7, (1, 3, 3, 3, 4, 4, 4), (np.float64(0.0), np.float64(0.333333333333), np.float64(0.333333333333), np.float64(0.333333333333), np.float64(0.5), np.float64(0.5), np.float64(0.666666666667)))","(7, (1, 3, 3, 3, 4, 4, 4), (np.float64(0.0), np.float64(0.333333333333), np.float64(0.333333333333), np.float64(0.333333333333), np.float64(0.5), np.float64(0.5), np.float64(0.666666666667)), (1, 3, 3, 3, 3, 3, 3), 1, 1)"
784,7,11,"(7, (1, 3, 3, 3, 4, 4, 4))","(7, (1, 3, 3, 3, 4, 4, 4), (np.float64(0.0), np.float64(0.333333333333), np.float64(0.5), np.float64(0.5), np.float64(0.666666666667), np.float64(0.666666666667), np.float64(0.666666666667)))","(7, (1, 3, 3, 3, 4, 4, 4), (np.float64(0.0), np.float64(0.333333333333), np.float64(0.5), np.float64(0.5), np.float64(0.666666666667), np.float64(0.666666666667), np.float64(0.666666666667)), (1, 2, 3, 3, 3, 3, 3), 1, 1)"
785,7,11,"(7, (1, 3, 3, 3, 4, 4, 4))","(7, (1, 3, 3, 3, 4, 4, 4), (np.float64(0.0), np.float64(0.0), np.float64(0.333333333333), np.float64(0.5), np.float64(0.666666666667), np.float64(0.666666666667), np.float64(1.0)))","(7, (1, 3, 3, 3, 4, 4, 4), (np.float64(0.0), np.float64(0.0), np.float64(0.333333333333), np.float64(0.5), np.float64(0.666666666667), np.float64(0.666666666667), np.float64(1.0)), (1, 2, 2, 3, 3, 3, 3), 1, 1)"
786,7,11,"(7, (1, 3, 3, 3, 4, 4, 4))","(7, (1, 3, 3, 3, 4, 4, 4), (np.float64(0.0), np.float64(0.0), np.float64(0.166666666667), np.float64(0.333333333333), np.float64(0.333333333333), np.float64(0.5), np.float64(0.5)))","(7, (1, 3, 3, 3, 4, 4, 4), (np.float64(0.0), np.float64(0.0), np.float64(0.166666666667), np.float64(0.333333333333), np.float64(0.333333333333), np.float64(0.5), np.float64(0.5)), (1, 3, 3, 3, 3, 3, 3), 1, 1)"
787,7,11,"(7, (1, 3, 3, 3, 4, 4, 4))","(7, (1, 3, 3, 3, 4, 4, 4), (np.float64(0.0), np.float64(0.333333333333), np.float64(0.333333333333), np.float64(0.333333333333), np.float64(0.666666666667), np.float64(0.666666666667), np.float64(0.666666666667)))","(7, (1, 3, 3, 3, 4, 4, 4), (np.float64(0.0), np.float64(0.333333333333), np.float64(0.333333333333), np.float64(0.333333333333), np.float64(0.666666666667), np.float64(0.666666666667), np.float64(0.666666666667)), (1, 3, 3, 3, 3, 3, 3), 1, 1)"
788,7,11,"(7, (1, 3, 3, 3, 4, 4, 4))","(7, (1, 3, 3, 3, 4, 4, 4), (np.float64(0.0), np.float64(0.0), np.float64(0.333333333333), np.float64(0.333333333333), np.float64(0.666666666667), np.float64(0.666666666667), np.float64(0.666666666667)))","(7, (1, 3, 3, 3, 4, 4, 4), (np.float64(0.0), np.float64(0.0), np.float64(0.333333333333), np.float64(0.333333333333), np.float64(0.666666666667), np.float64(0.666666666667), np.float64(0.666666666667)), (1, 2, 3, 3, 3, 3, 3), 1, 1)"
789,7,11,"(7, (1, 3, 3, 3, 4, 4, 4))","(7, (1, 3, 3, 3, 4, 4, 4), (np.float64(0.0), np.float64(0.0), np.float64(0.333333333333), np.float64(0.333333333333), np.float64(0.333333333333), np.float64(0.5), np.float64(0.5)))","(7, (1, 3, 3, 3, 4, 4, 4), (np.float64(0.0), np.float64(0.0), np.float64(0.333333333333), np.float64(0.333333333333), np.float64(0.333333333333), np.float64(0.5), np.float64(0.5)), (1, 3, 3, 3, 3, 3, 3), 1, 1)"
790,7,11,"(7, (2, 2, 2, 2, 2, 6, 6))","(7, (2, 2, 2, 2, 2, 6, 6), (np.float64(0.333333333333), np.float64(0.333333333333), np.float64(1.0), np.float64(1.0), np.float64(1.0), np.float64(1.0), np.float64(1.0)))","(7, (2, 2, 2, 2, 2, 6, 6), (np.float64(0.333333333333), np.float64(0.333333333333), np.float64(1.0), np.float64(1.0), np.float64(1.0), np.float64(1.0), np.float64(1.0)), (2, 2, 2, 2, 2, 2, 2), 0, 1)"
791,7,11,"(7, (2, 2, 2, 2, 3, 5, 6))","(7, (2, 2, 2, 2, 3, 5, 6), (np.float64(0.333333333333), np.float64(0.4), np.float64(0.666666666667), np.float64(1.0), np.float64(1.0), np.float64(1.0), np.float64(1.0)))","(7, (2, 2, 2, 2, 3, 5, 6), (np.float64(0.333333333333), np.float64(0.4), np.float64(0.666666666667), np.float64(1.0), np.float64(1.0), np.float64(1.0), np.float64(1.0)), (2, 2, 2, 2, 2, 2, 2), 0, 1)"
792,7,11,"(7, (2, 2, 2, 2, 4, 4, 6))","(7, (2, 2, 2, 2, 4, 4, 6), (np.float64(0.333333333333), np.float64(0.5), np.float64(0.5), np.float64(1.0), np.float64(1.0), np.float64(1.0), np.float64(1.0)))","(7, (2, 2, 2, 2, 4, 4, 6), (np.float64(0.333333333333), np.float64(0.5), np.float64(0.5), np.float64(1.0), np.float64(1.0), np.float64(1.0), np.float64(1.0)), (2, 2, 2, 2, 2, 2, 2), 0, 1)"
793,7,11,"(7, (2, 2, 2, 2, 4, 5, 5))","(7, (2, 2, 2, 2, 4, 5, 5), (np.float64(0.4), np.float64(0.4), np.float64(0.5), np.float64(1.0), np.float64(1.0), np.float64(1.0), np.float64(1.0)))","(7, (2, 2, 2, 2, 4, 5, 5), (np.float64(0.4), np.float64(0.4), np.float64(0.5), np.float64(1.0), np.float64(1.0), np.float64(1.0), np.float64(1.0)), (2, 2, 2, 2, 2, 2, 2), 0, 1)"
794,7,11,"(7, (2, 2, 2, 3, 3, 4, 6))","(7, (2, 2, 2, 3, 3, 4, 6), (np.float64(0.333333333333), np.float64(0.5), np.float64(0.666666666667), np.float64(0.666666666667), np.float64(1.0), np.float64(1.0), np.float64(1.0)))","(7, (2, 2, 2, 3, 3, 4, 6), (np.float64(0.333333333333), np.float64(0.5), np.float64(0.666666666667), np.float64(0.666666666667), np.float64(1.0), np.float64(1.0), np.float64(1.0)), (2, 2, 2, 2, 2, 2, 2), 0, 1)"
795,7,11,"(7, (2, 2, 2, 3, 3, 4, 6))","(7, (2, 2, 2, 3, 3, 4, 6), (np.float64(0.333333333333), np.float64(0.5), np.float64(0.666666666667), np.float64(0.666666666667), np.float64(1.0), np.float64(1.0), np.float64(1.0)))","(7, (2, 2, 2, 3, 3, 4, 6), (np.float64(0.333333333333), np.float64(0.5), np.float64(0.666666666667), np.float64(0.666666666667), np.float64(1.0), np.float64(1.0), np.float64(1.0)), (2, 2, 2, 2, 2, 2, 2), 0, 1)"
796,7,11,"(7, (2, 2, 2, 3, 3, 4, 6))","(7, (2, 2, 2, 3, 3, 4, 6), (np.float64(0.333333333333), np.float64(0.666666666667), np.float64(1.0), np.float64(1.0), np.float64(1.0), np.float64(1.0), np.float64(1.0)))","(7, (2, 2, 2, 3, 3, 4, 6), (np.float64(0.333333333333), np.float64(0.666666666667), np.float64(1.0), np.float64(1.0), np.float64(1.0), np.float64(1.0), np.float64(1.0)), (2, 2, 2, 3, 3, 3, 3), 0, 1)"
797,7,11,"(7, (2, 2, 2, 3, 3, 5, 5))","(7, (2, 2, 2, 3, 3, 5, 5), (np.float64(0.4), np.float64(0.4), np.float64(0.666666666667), np.float64(0.666666666667), np.float64(1.0), np.float64(1.0), np.float64(1.0)))","(7, (2, 2, 2, 3, 3, 5, 5), (np.float64(0.4), np.float64(0.4), np.float64(0.666666666667), np.float64(0.666666666667), np.float64(1.0), np.float64(1.0), np.float64(1.0)), (2, 2, 2, 2, 2, 2, 2), 0, 1)"
798,7,11,"(7, (2, 2, 2, 3, 3, 5, 5))","(7, (2, 2, 2, 3, 3, 5, 5), (np.float64(0.0), np.float64(0.3), np.float64(0.333333333333), np.float64(0.4), np.float64(0.666666666667), np.float64(1.0), np.float64(1.0)))","(7, (2, 2, 2, 3, 3, 5, 5), (np.float64(0.0), np.float64(0.3), np.float64(0.333333333333), np.float64(0.4), np.float64(0.666666666667), np.float64(1.0), np.float64(1.0)), (2, 2, 2, 2, 2, 2, 2), 0, 1)"
799,7,11,"(7, (2, 2, 2, 3, 3, 5, 5))","(7, (2, 2, 2, 3, 3, 5, 5), (np.float64(0.0), np.float64(0.0), np.float64(0.4), np.float64(0.4), np.float64(1.0), np.float64(1.0), np.float64(1.0)))","(7, (2, 2, 2, 3, 3, 5, 5), (np.float64(0.0), np.float64(0.0), np.float64(0.4), np.float64(0.4), np.float64(1.0), np.float64(1.0), np.float64(1.0)), (2, 2, 2, 3, 3, 3, 3), 0, 1)"
800,7,11,"(7, (2, 2, 2, 3, 3, 5, 5))","(7, (2, 2, 2, 3, 3, 5, 5), (np.float64(0.0), np.float64(0.333333333333), np.float64(0.333333333333), np.float64(0.4), np.float64(0.4), np.float64(1.0), np.float64(1.0)))","(7, (2, 2, 2, 3, 3, 5, 5), (np.float64(0.0), np.float64(0.333333333333), np.float64(0.333333333333), np.float64(0.4), np.float64(0.4), np.float64(1.0), np.float64(1.0)), (2, 2, 2, 2, 2, 2, 2), 0, 1)"
801,7,11,"(7, (2, 2, 2, 3, 3, 5, 5))","(7, (2, 2, 2, 3, 3, 5, 5), (np.float64(0.0), np.float64(0.0), np.float64(0.0), np.float64(0.1), np.float64(0.1), np.float64(0.666666666667), np.float64(0.666666666667)))","(7, (2, 2, 2, 3, 3, 5, 5), (np.float64(0.0), np.float64(0.0), np.float64(0.0), np.float64(0.1), np.float64(0.1), np.float64(0.666666666667), np.float64(0.666666666667)), (2, 2, 2, 2, 2, 2, 2), 0, 1)"
802,7,11,"(7, (2, 2, 2, 3, 4, 4, 5))","(7, (2, 2, 2, 3, 4, 4, 5), (np.float64(0.0), np.float64(0.0), np.float64(0.4), np.float64(0.5), np.float64(0.666666666667), np.float64(1.0), np.float64(1.0)))","(7, (2, 2, 2, 3, 4, 4, 5), (np.float64(0.0), np.float64(0.0), np.float64(0.4), np.float64(0.5), np.float64(0.666666666667), np.float64(1.0), np.float64(1.0)), (2, 2, 2, 3, 3, 3, 3), 0, 1)"
803,7,11,"(7, (2, 2, 2, 3, 4, 4, 5))","(7, (2, 2, 2, 3, 4, 4, 5), (np.float64(0.0), np.float64(0.333333333333), np.float64(0.333333333333), np.float64(0.4), np.float64(0.5), np.float64(1.0), np.float64(1.0)))","(7, (2, 2, 2, 3, 4, 4, 5), (np.float64(0.0), np.float64(0.333333333333), np.float64(0.333333333333), np.float64(0.4), np.float64(0.5), np.float64(1.0), np.float64(1.0)), (2, 2, 2, 2, 2, 2, 2), 0, 1)"
804,7,11,"(7, (2, 2, 2, 3, 4, 4, 5))","(7, (2, 2, 2, 3, 4, 4, 5), (np.float64(0.4), np.float64(0.5), np.float64(0.5), np.float64(0.666666666667), np.float64(1.0), np.float64(1.0), np.float64(1.0)))","(7, (2, 2, 2, 3, 4, 4, 5), (np.float64(0.4), np.float64(0.5), np.float64(0.5), np.float64(0.666666666667), np.float64(1.0), np.float64(1.0), np.float64(1.0)), (2, 2, 2, 2, 2, 2, 2), 0, 1)"
805,7,11,"(7, (2, 2, 2, 3, 4, 4, 5))","(7, (2, 2, 2, 3, 4, 4, 5), (np.float64(0.0), np.float64(0.0), np.float64(0.166666666667), np.float64(0.2), np.float64(0.5), np.float64(0.666666666667), np.float64(1.0)))","(7, (2, 2, 2, 3, 4, 4, 5), (np.float64(0.0), np.float64(0.0), np.float64(0.166666666667), np.float64(0.2), np.float64(0.5), np.float64(0.666666666667), np.float64(1.0)), (2, 2, 2, 2, 2, 2, 2), 0, 1)"
806,7,11,"(7, (2, 2, 2, 3, 4, 4, 5))","(7, (2, 2, 2, 3, 4, 4, 5), (np.float64(0.4), np.float64(0.5), np.float64(0.5), np.float64(0.666666666667), np.float64(1.0), np.float64(1.0), np.float64(1.0)))","(7, (2, 2, 2, 3, 4, 4, 5), (np.float64(0.4), np.float64(0.5), np.float64(0.5), np.float64(0.666666666667), np.float64(1.0), np.float64(1.0), np.float64(1.0)), (2, 2, 2, 2, 2, 2, 2), 0, 1)"
807,7,11,"(7, (2, 2, 2, 3, 4, 4, 5))","(7, (2, 2, 2, 3, 4, 4, 5), (np.float64(0.0), np.float64(0.333333333333), np.float64(0.333333333333), np.float64(0.4), np.float64(0.666666666667), np.float64(1.0), np.float64(1.0)))","(7, (2, 2, 2, 3, 4, 4, 5), (np.float64(0.0), np.float64(0.333333333333), np.float64(0.333333333333), np.float64(0.4), np.float64(0.666666666667), np.float64(1.0), np.float64(1.0)), (2, 2, 2, 2, 2, 2, 2), 0, 1)"
808,7,11,"(7, (2, 2, 2, 3, 4, 4, 5))","(7, (2, 2, 2, 3, 4, 4, 5), (np.float64(0.0), np.float64(0.3), np.float64(0.333333333333), np.float64(0.5), np.float64(0.5), np.float64(1.0), np.float64(1.0)))","(7, (2, 2, 2, 3, 4, 4, 5), (np.float64(0.0), np.float64(0.3), np.float64(0.333333333333), np.float64(0.5), np.float64(0.5), np.float64(1.0), np.float64(1.0)), (2, 2, 2, 2, 2, 2, 2), 0, 1)"
809,7,11,"(7, (2, 2, 2, 3, 4, 4, 5))","(7, (2, 2, 2, 3, 4, 4, 5), (np.float64(0.4), np.float64(0.666666666667), np.float64(0.666666666667), np.float64(1.0), np.float64(1.0), np.float64(1.0), np.float64(1.0)))","(7, (2, 2, 2, 3, 4, 4, 5), (np.float64(0.4), np.float64(0.666666666667), np.float64(0.666666666667), np.float64(1.0), np.float64(1.0), np.float64(1.0), np.float64(1.0)), (2, 2, 2, 3, 3, 3, 3), 0, 1)"
810,7,11,"(7, (2, 2, 2, 4, 4, 4, 4))","(7, (2, 2, 2, 4, 4, 4, 4), (np.float64(0.0), np.float64(0.333333333333), np.float64(0.333333333333), np.float64(0.5), np.float64(0.5), np.float64(1.0), np.float64(1.0)))","(7, (2, 2, 2, 4, 4, 4, 4), (np.float64(0.0), np.float64(0.333333333333), np.float64(0.333333333333), np.float64(0.5), np.float64(0.5), np.float64(1.0), np.float64(1.0)), (2, 2, 2, 2, 2, 2, 2), 0, 1)"
811,7,11,"(7, (2, 2, 2, 4, 4, 4, 4))","(7, (2, 2, 2, 4, 4, 4, 4), (np.float64(0.0), np.float64(0.0), np.float64(0.5), np.float64(0.5), np.float64(0.666666666667), np.float64(0.666666666667), np.float64(1.0)))","(7, (2, 2, 2, 4, 4, 4, 4), (np.float64(0.0), np.float64(0.0), np.float64(0.5), np.float64(0.5), np.float64(0.666666666667), np.float64(0.666666666667), np.float64(1.0)), (2, 2, 2, 3, 3, 3, 3), 0, 1)"
812,7,11,"(7, (2, 2, 2, 4, 4, 4, 4))","(7, (2, 2, 2, 4, 4, 4, 4), (np.float64(0.0), np.float64(0.0), np.float64(0.166666666667), np.float64(0.166666666667), np.float64(0.5), np.float64(0.5), np.float64(1.0)))","(7, (2, 2, 2, 4, 4, 4, 4), (np.float64(0.0), np.float64(0.0), np.float64(0.166666666667), np.float64(0.166666666667), np.float64(0.5), np.float64(0.5), np.float64(1.0)), (2, 2, 2, 2, 2, 2, 2), 0, 1)"
813,7,11,"(7, (2, 2, 3, 3, 3, 3, 6))","(7, (2, 2, 3, 3, 3, 3, 6), (np.float64(0.333333333333), np.float64(0.666666666667), np.float64(0.666666666667), np.float64(0.666666666667), np.float64(0.666666666667), np.float64(1.0), np.float64(1.0)))","(7, (2, 2, 3, 3, 3, 3, 6), (np.float64(0.333333333333), np.float64(0.666666666667), np.float64(0.666666666667), np.float64(0.666666666667), np.float64(0.666666666667), np.float64(1.0), np.float64(1.0)), (2, 2, 2, 2, 2, 2, 2), 0, 1)"
814,7,11,"(7, (2, 2, 3, 3, 3, 3, 6))","(7, (2, 2, 3, 3, 3, 3, 6), (np.float64(0.333333333333), np.float64(0.666666666667), np.float64(1.0), np.float64(1.0), np.float64(1.0), np.float64(1.0), np.float64(1.0)))","(7, (2, 2, 3, 3, 3, 3, 6), (np.float64(0.333333333333), np.float64(0.666666666667), np.float64(1.0), np.float64(1.0), np.float64(1.0), np.float64(1.0), np.float64(1.0)), (2, 2, 2, 3, 3, 3, 3), 0, 1)"
815,7,11,"(7, (2, 2, 3, 3, 3, 3, 6))","(7, (2, 2, 3, 3, 3, 3, 6), (np.float64(0.333333333333), np.float64(0.666666666667), np.float64(0.666666666667), np.float64(0.666666666667), np.float64(0.666666666667), np.float64(1.0), np.float64(1.0)))","(7, (2, 2, 3, 3, 3, 3, 6), (np.float64(0.333333333333), np.float64(0.666666666667), np.float64(0.666666666667), np.float64(0.666666666667), np.float64(0.666666666667), np.float64(1.0), np.float64(1.0)), (2, 2, 3, 3, 3, 3, 3), 0, 1)"
816,7,11,"(7, (2, 2, 3, 3, 3, 4, 5))","(7, (2, 2, 3, 3, 3, 4, 5), (np.float64(0.0), np.float64(0.0), np.float64(0.3), np.float64(0.333333333333), np.float64(0.333333333333), np.float64(0.666666666667), np.float64(1.0)))","(7, (2, 2, 3, 3, 3, 4, 5), (np.float64(0.0), np.float64(0.0), np.float64(0.3), np.float64(0.333333333333), np.float64(0.333333333333), np.float64(0.666666666667), np.float64(1.0)), (2, 2, 2, 2, 2, 2, 2), 0, 1)"
817,7,11,"(7, (2, 2, 3, 3, 3, 4, 5))","(7, (2, 2, 3, 3, 3, 4, 5), (np.float64(0.3), np.float64(0.333333333333), np.float64(0.333333333333), np.float64(0.5), np.float64(0.666666666667), np.float64(1.0), np.float64(1.0)))","(7, (2, 2, 3, 3, 3, 4, 5), (np.float64(0.3), np.float64(0.333333333333), np.float64(0.333333333333), np.float64(0.5), np.float64(0.666666666667), np.float64(1.0), np.float64(1.0)), (2, 2, 2, 2, 2, 2, 2), 0, 1)"
818,7,11,"(7, (2, 2, 3, 3, 3, 4, 5))","(7, (2, 2, 3, 3, 3, 4, 5), (np.float64(0.0), np.float64(0.333333333333), np.float64(0.333333333333), np.float64(0.4), np.float64(0.666666666667), np.float64(0.666666666667), np.float64(1.0)))","(7, (2, 2, 3, 3, 3, 4, 5), (np.float64(0.0), np.float64(0.333333333333), np.float64(0.333333333333), np.float64(0.4), np.float64(0.666666666667), np.float64(0.666666666667), np.float64(1.0)), (2, 2, 2, 2, 2, 2, 2), 0, 1)"
819,7,11,"(7, (2, 2, 3, 3, 3, 4, 5))","(7, (2, 2, 3, 3, 3, 4, 5), (np.float64(0.0), np.float64(0.3), np.float64(0.333333333333), np.float64(0.5), np.float64(0.666666666667), np.float64(0.666666666667), np.float64(1.0)))","(7, (2, 2, 3, 3, 3, 4, 5), (np.float64(0.0), np.float64(0.3), np.float64(0.333333333333), np.float64(0.5), np.float64(0.666666666667), np.float64(0.666666666667), np.float64(1.0)), (2, 2, 2, 2, 2, 2, 2), 0, 1)"
820,7,11,"(7, (2, 2, 3, 3, 3, 4, 5))","(7, (2, 2, 3, 3, 3, 4, 5), (np.float64(0.0), np.float64(0.333333333333), np.float64(0.333333333333), np.float64(0.4), np.float64(0.5), np.float64(0.666666666667), np.float64(1.0)))","(7, (2, 2, 3, 3, 3, 4, 5), (np.float64(0.0), np.float64(0.333333333333), np.float64(0.333333333333), np.float64(0.4), np.float64(0.5), np.float64(0.666666666667), np.float64(1.0)), (2, 2, 2, 2, 2, 2, 2), 0, 1)"
821,7,11,"(7, (2, 2, 3, 3, 3, 4, 5))","(7, (2, 2, 3, 3, 3, 4, 5), (np.float64(0.4), np.float64(0.5), np.float64(0.666666666667), np.float64(0.666666666667), np.float64(0.666666666667), np.float64(1.0), np.float64(1.0)))","(7, (2, 2, 3, 3, 3, 4, 5), (np.float64(0.4), np.float64(0.5), np.float64(0.666666666667), np.float64(0.666666666667), np.float64(0.666666666667), np.float64(1.0), np.float64(1.0)), (2, 2, 2, 2, 2, 2, 2), 0, 1)"
822,7,11,"(7, (2, 2, 3, 3, 3, 4, 5))","(7, (2, 2, 3, 3, 3, 4, 5), (np.float64(0.0), np.float64(0.333333333333), np.float64(0.333333333333), np.float64(0.4), np.float64(0.666666666667), np.float64(0.666666666667), np.float64(1.0)))","(7, (2, 2, 3, 3, 3, 4, 5), (np.float64(0.0), np.float64(0.333333333333), np.float64(0.333333333333), np.float64(0.4), np.float64(0.666666666667), np.float64(0.666666666667), np.float64(1.0)), (2, 2, 2, 2, 2, 2, 2), 0, 1)"
823,7,11,"(7, (2, 2, 3, 3, 3, 4, 5))","(7, (2, 2, 3, 3, 3, 4, 5), (np.float64(0.0), np.float64(0.0), np.float64(0.3), np.float64(0.333333333333), np.float64(0.333333333333), np.float64(0.5), np.float64(1.0)))","(7, (2, 2, 3, 3, 3, 4, 5), (np.float64(0.0), np.float64(0.0), np.float64(0.3), np.float64(0.333333333333), np.float64(0.333333333333), np.float64(0.5), np.float64(1.0)), (2, 2, 2, 2, 2, 2, 2), 0, 1)"
824,7,11,"(7, (2, 2, 3, 3, 3, 4, 5))","(7, (2, 2, 3, 3, 3, 4, 5), (np.float64(0.0), np.float64(0.166666666667), np.float64(0.2), np.float64(0.333333333333), np.float64(0.666666666667), np.float64(0.666666666667), np.float64(1.0)))","(7, (2, 2, 3, 3, 3, 4, 5), (np.float64(0.0), np.float64(0.166666666667), np.float64(0.2), np.float64(0.333333333333), np.float64(0.666666666667), np.float64(0.666666666667), np.float64(1.0)), (2, 2, 2, 2, 2, 2, 2), 0, 1)"
825,7,11,"(7, (2, 2, 3, 3, 3, 4, 5))","(7, (2, 2, 3, 3, 3, 4, 5), (np.float64(0.0), np.float64(0.0), np.float64(0.333333333333), np.float64(0.4), np.float64(0.666666666667), np.float64(1.0), np.float64(1.0)))","(7, (2, 2, 3, 3, 3, 4, 5), (np.float64(0.0), np.float64(0.0), np.float64(0.333333333333), np.float64(0.4), np.float64(0.666666666667), np.float64(1.0), np.float64(1.0)), (2, 2, 2, 3, 3, 3, 3), 0, 1)"
826,7,11,"(7, (2, 2, 3, 3, 3, 4, 5))","(7, (2, 2, 3, 3, 3, 4, 5), (np.float64(0.0), np.float64(0.333333333333), np.float64(0.4), np.float64(0.5), np.float64(1.0), np.float64(1.0), np.float64(1.0)))","(7, (2, 2, 3, 3, 3, 4, 5), (np.float64(0.0), np.float64(0.333333333333), np.float64(0.4), np.float64(0.5), np.float64(1.0), np.float64(1.0), np.float64(1.0)), (2, 2, 2, 3, 3, 3, 3), 0, 1)"
827,7,11,"(7, (2, 2, 3, 3, 3, 4, 5))","(7, (2, 2, 3, 3, 3, 4, 5), (np.float64(0.0), np.float64(0.333333333333), np.float64(0.333333333333), np.float64(0.4), np.float64(0.5), np.float64(0.666666666667), np.float64(1.0)))","(7, (2, 2, 3, 3, 3, 4, 5), (np.float64(0.0), np.float64(0.333333333333), np.float64(0.333333333333), np.float64(0.4), np.float64(0.5), np.float64(0.666666666667), np.float64(1.0)), (2, 2, 2, 2, 2, 2, 2), 0, 1)"
828,7,11,"(7, (2, 2, 3, 3, 3, 4, 5))","(7, (2, 2, 3, 3, 3, 4, 5), (np.float64(0.0), np.float64(0.0), np.float64(0.333333333333), np.float64(0.4), np.float64(0.666666666667), np.float64(0.666666666667), np.float64(0.666666666667)))","(7, (2, 2, 3, 3, 3, 4, 5), (np.float64(0.0), np.float64(0.0), np.float64(0.333333333333), np.float64(0.4), np.float64(0.666666666667), np.float64(0.666666666667), np.float64(0.666666666667)), (2, 2, 3, 3, 3, 3, 3), 0, 1)"
829,7,11,"(7, (2, 2, 3, 3, 3, 4, 5))","(7, (2, 2, 3, 3, 3, 4, 5), (np.float64(0.3), np.float64(0.666666666667), np.float64(0.666666666667), np.float64(0.666666666667), np.float64(0.666666666667), np.float64(1.0), np.float64(1.0)))","(7, (2, 2, 3, 3, 3, 4, 5), (np.float64(0.3), np.float64(0.666666666667), np.float64(0.666666666667), np.float64(0.666666666667), np.float64(0.666666666667), np.float64(1.0), np.float64(1.0)), (2, 2, 3, 3, 3, 3, 3), 0, 1)"
830,7,11,"(7, (2, 2, 3, 3, 3, 4, 5))","(7, (2, 2, 3, 3, 3, 4, 5), (np.float64(0.0), np.float64(0.0), np.float64(0.0), np.float64(0.2), np.float64(0.333333333333), np.float64(0.333333333333), np.float64(0.666666666667)))","(7, (2, 2, 3, 3, 3, 4, 5), (np.float64(0.0), np.float64(0.0), np.float64(0.0), np.float64(0.2), np.float64(0.333333333333), np.float64(0.333333333333), np.float64(0.666666666667)), (2, 2, 2, 2, 2, 2, 2), 0, 1)"
831,7,11,"(7, (2, 2, 3, 3, 3, 4, 5))","(7, (2, 2, 3, 3, 3, 4, 5), (np.float64(0.3), np.float64(0.333333333333), np.float64(0.333333333333), np.float64(0.666666666667), np.float64(0.666666666667), np.float64(1.0), np.float64(1.0)))","(7, (2, 2, 3, 3, 3, 4, 5), (np.float64(0.3), np.float64(0.333333333333), np.float64(0.333333333333), np.float64(0.666666666667), np.float64(0.666666666667), np.float64(1.0), np.float64(1.0)), (2, 2, 2, 2, 2, 2, 2), 0, 1)"
832,7,11,"(7, (2, 2, 3, 3, 3, 4, 5))","(7, (2, 2, 3, 3, 3, 4, 5), (np.float64(0.0), np.float64(0.0), np.float64(0.0), np.float64(0.3), np.float64(0.5), np.float64(1.0), np.float64(1.0)))","(7, (2, 2, 3, 3, 3, 4, 5), (np.float64(0.0), np.float64(0.0), np.float64(0.0), np.float64(0.3), np.float64(0.5), np.float64(1.0), np.float64(1.0)), (2, 2, 2, 3, 3, 3, 3), 0, 1)"
833,7,11,"(7, (2, 2, 3, 3, 4, 4, 4))","(7, (2, 2, 3, 3, 4, 4, 4), (np.float64(0.0), np.float64(0.166666666667), np.float64(0.333333333333), np.float64(0.333333333333), np.float64(0.333333333333), np.float64(0.666666666667), np.float64(1.0)))","(7, (2, 2, 3, 3, 4, 4, 4), (np.float64(0.0), np.float64(0.166666666667), np.float64(0.333333333333), np.float64(0.333333333333), np.float64(0.333333333333), np.float64(0.666666666667), np.float64(1.0)), (2, 2, 2, 2, 2, 2, 2), 0, 1)"
834,7,11,"(7, (2, 2, 3, 3, 4, 4, 4))","(7, (2, 2, 3, 3, 4, 4, 4), (np.float64(0.0), np.float64(0.0), np.float64(0.166666666667), np.float64(0.333333333333), np.float64(0.333333333333), np.float64(0.5), np.float64(0.666666666667)))","(7, (2, 2, 3, 3, 4, 4, 4), (np.float64(0.0), np.float64(0.0), np.float64(0.166666666667), np.float64(0.333333333333), np.float64(0.333333333333), np.float64(0.5), np.float64(0.666666666667)), (2, 2, 2, 2, 2, 2, 2), 0, 1)"
835,7,11,"(7, (2, 2, 3, 3, 4, 4, 4))","(7, (2, 2, 3, 3, 4, 4, 4), (np.float64(0.0), np.float64(0.333333333333), np.float64(0.333333333333), np.float64(0.5), np.float64(0.5), np.float64(0.666666666667), np.float64(1.0)))","(7, (2, 2, 3, 3, 4, 4, 4), (np.float64(0.0), np.float64(0.333333333333), np.float64(0.333333333333), np.float64(0.5), np.float64(0.5), np.float64(0.666666666667), np.float64(1.0)), (2, 2, 2, 2, 2, 2, 2), 0, 1)"
836,7,11,"(7, (2, 2, 3, 3, 4, 4, 4))","(7, (2, 2, 3, 3, 4, 4, 4), (np.float64(0.333333333333), np.float64(0.333333333333), np.float64(0.333333333333), np.float64(0.5), np.float64(0.666666666667), np.float64(1.0), np.float64(1.0)))","(7, (2, 2, 3, 3, 4, 4, 4), (np.float64(0.333333333333), np.float64(0.333333333333), np.float64(0.333333333333), np.float64(0.5), np.float64(0.666666666667), np.float64(1.0), np.float64(1.0)), (2, 2, 2, 2, 2, 2, 2), 0, 1)"
837,7,11,"(7, (2, 2, 3, 3, 4, 4, 4))","(7, (2, 2, 3, 3, 4, 4, 4), (np.float64(0.0), np.float64(0.0), np.float64(0.333333333333), np.float64(0.333333333333), np.float64(0.333333333333), np.float64(0.5), np.float64(1.0)))","(7, (2, 2, 3, 3, 4, 4, 4), (np.float64(0.0), np.float64(0.0), np.float64(0.333333333333), np.float64(0.333333333333), np.float64(0.333333333333), np.float64(0.5), np.float64(1.0)), (2, 2, 2, 2, 2, 2, 2), 0, 1)"
838,7,11,"(7, (2, 2, 3, 3, 4, 4, 4))","(7, (2, 2, 3, 3, 4, 4, 4), (np.float64(0.0), np.float64(0.333333333333), np.float64(0.333333333333), np.float64(0.5), np.float64(0.5), np.float64(0.5), np.float64(1.0)))","(7, (2, 2, 3, 3, 4, 4, 4), (np.float64(0.0), np.float64(0.333333333333), np.float64(0.333333333333), np.float64(0.5), np.float64(0.5), np.float64(0.5), np.float64(1.0)), (2, 2, 2, 2, 2, 2, 2), 0, 1)"
839,7,11,"(7, (2, 2, 3, 3, 4, 4, 4))","(7, (2, 2, 3, 3, 4, 4, 4), (np.float64(0.0), np.float64(0.0), np.float64(0.333333333333), np.float64(0.333333333333), np.float64(0.333333333333), np.float64(0.333333333333), np.float64(0.5)))","(7, (2, 2, 3, 3, 4, 4, 4), (np.float64(0.0), np.float64(0.0), np.float64(0.333333333333), np.float64(0.333333333333), np.float64(0.333333333333), np.float64(0.333333333333), np.float64(0.5)), (2, 2, 2, 2, 2, 2, 2), 0, 1)"
840,7,11,"(7, (2, 2, 3, 3, 4, 4, 4))","(7, (2, 2, 3, 3, 4, 4, 4), (np.float64(0.5), np.float64(0.5), np.float64(0.5), np.float64(0.666666666667), np.float64(0.666666666667), np.float64(1.0), np.float64(1.0)))","(7, (2, 2, 3, 3, 4, 4, 4), (np.float64(0.5), np.float64(0.5), np.float64(0.5), np.float64(0.666666666667), np.float64(0.666666666667), np.float64(1.0), np.float64(1.0)), (2, 2, 2, 2, 2, 2, 2), 0, 1)"
841,7,11,"(7, (2, 2, 3, 3, 4, 4, 4))","(7, (2, 2, 3, 3, 4, 4, 4), (np.float64(0.0), np.float64(0.0), np.float64(0.0), np.float64(0.5), np.float64(0.5), np.float64(0.5), np.float64(1.0)))","(7, (2, 2, 3, 3, 4, 4, 4), (np.float64(0.0), np.float64(0.0), np.float64(0.0), np.float64(0.5), np.float64(0.5), np.float64(0.5), np.float64(1.0)), (2, 2, 2, 3, 3, 3, 3), 0, 1)"
842,7,11,"(7, (2, 2, 3, 3, 4, 4, 4))","(7, (2, 2, 3, 3, 4, 4, 4), (np.float64(0.0), np.float64(0.0), np.float64(0.0), np.float64(0.166666666667), np.float64(0.166666666667), np.float64(0.333333333333), np.float64(0.666666666667)))","(7, (2, 2, 3, 3, 4, 4, 4), (np.float64(0.0), np.float64(0.0), np.float64(0.0), np.float64(0.166666666667), np.float64(0.166666666667), np.float64(0.333333333333), np.float64(0.666666666667)), (2, 2, 2, 2, 2, 2, 2), 0, 1)"
843,7,11,"(7, (2, 2, 3, 3, 4, 4, 4))","(7, (2, 2, 3, 3, 4, 4, 4), (np.float64(0.333333333333), np.float64(0.333333333333), np.float64(0.333333333333), np.float64(0.5), np.float64(0.5), np.float64(1.0), np.float64(1.0)))","(7, (2, 2, 3, 3, 4, 4, 4), (np.float64(0.333333333333), np.float64(0.333333333333), np.float64(0.333333333333), np.float64(0.5), np.float64(0.5), np.float64(1.0), np.float64(1.0)), (2, 2, 2, 2, 2, 2, 2), 0, 1)"
844,7,11,"(7, (2, 2, 3, 3, 4, 4, 4))","(7, (2, 2, 3, 3, 4, 4, 4), (np.float64(0.0), np.float64(0.0), np.float64(0.333333333333), np.float64(0.5), np.float64(0.666666666667), np.float64(0.666666666667), np.float64(1.0)))","(7, (2, 2, 3, 3, 4, 4, 4), (np.float64(0.0), np.float64(0.0), np.float64(0.333333333333), np.float64(0.5), np.float64(0.666666666667), np.float64(0.666666666667), np.float64(1.0)), (2, 2, 2, 3, 3, 3, 3), 0, 1)"
845,7,11,"(7, (2, 2, 3, 3, 4, 4, 4))","(7, (2, 2, 3, 3, 4, 4, 4), (np.float64(0.0), np.float64(0.0), np.float64(0.333333333333), np.float64(0.333333333333), np.float64(0.666666666667), np.float64(0.666666666667), np.float64(0.666666666667)))","(7, (2, 2, 3, 3, 4, 4, 4), (np.float64(0.0), np.float64(0.0), np.float64(0.333333333333), np.float64(0.333333333333), np.float64(0.666666666667), np.float64(0.666666666667), np.float64(0.666666666667)), (2, 2, 3, 3, 3, 3, 3), 0, 1)"
846,7,11,"(7, (2, 2, 3, 3, 4, 4, 4))","(7, (2, 2, 3, 3, 4, 4, 4), (np.float64(0.0), np.float64(0.0), np.float64(0.166666666667), np.float64(0.166666666667), np.float64(0.5), np.float64(0.666666666667), np.float64(0.666666666667)))","(7, (2, 2, 3, 3, 4, 4, 4), (np.float64(0.0), np.float64(0.0), np.float64(0.166666666667), np.float64(0.166666666667), np.float64(0.5), np.float64(0.666666666667), np.float64(0.666666666667)), (2, 2, 2, 2, 2, 2, 2), 0, 1)"
847,7,11,"(7, (2, 2, 3, 3, 4, 4, 4))","(7, (2, 2, 3, 3, 4, 4, 4), (np.float64(0.0), np.float64(0.0), np.float64(0.0), np.float64(0.333333333333), np.float64(0.333333333333), np.float64(0.333333333333), np.float64(0.333333333333)))","(7, (2, 2, 3, 3, 4, 4, 4), (np.float64(0.0), np.float64(0.0), np.float64(0.0), np.float64(0.333333333333), np.float64(0.333333333333), np.float64(0.333333333333), np.float64(0.333333333333)), (2, 2, 2, 2, 2, 2, 2), 0, 1)"
848,7,11,"(7, (2, 2, 3, 3, 4, 4, 4))","(7, (2, 2, 3, 3, 4, 4, 4), (np.float64(0.333333333333), np.float64(0.333333333333), np.float64(0.333333333333), np.float64(0.666666666667), np.float64(0.666666666667), np.float64(1.0), np.float64(1.0)))","(7, (2, 2, 3, 3, 4, 4, 4), (np.float64(0.333333333333), np.float64(0.333333333333), np.float64(0.333333333333), np.float64(0.666666666667), np.float64(0.666666666667), np.float64(1.0), np.float64(1.0)), (2, 2, 2, 2, 2, 2, 2), 0, 1)"
849,7,11,"(7, (2, 2, 3, 3, 4, 4, 4))","(7, (2, 2, 3, 3, 4, 4, 4), (np.float64(0.0), np.float64(0.0), np.float64(0.166666666667), np.float64(0.333333333333), np.float64(0.333333333333), np.float64(0.5), np.float64(0.5)))","(7, (2, 2, 3, 3, 4, 4, 4), (np.float64(0.0), np.float64(0.0), np.float64(0.166666666667), np.float64(0.333333333333), np.float64(0.333333333333), np.float64(0.5), np.float64(0.5)), (2, 2, 2, 2, 2, 2, 2), 0, 1)"
850,7,11,"(7, (2, 2, 3, 3, 4, 4, 4))","(7, (2, 2, 3, 3, 4, 4, 4), (np.float64(0.0), np.float64(0.0), np.float64(0.333333333333), np.float64(0.333333333333), np.float64(0.666666666667), np.float64(0.666666666667), np.float64(0.666666666667)))","(7, (2, 2, 3, 3, 4, 4, 4), (np.float64(0.0), np.float64(0.0), np.float64(0.333333333333), np.float64(0.333333333333), np.float64(0.666666666667), np.float64(0.666666666667), np.float64(0.666666666667)), (2, 2, 3, 3, 3, 3, 3), 0, 1)"
851,7,11,"(7, (2, 2, 3, 3, 4, 4, 4))","(7, (2, 2, 3, 3, 4, 4, 4), (np.float64(0.333333333333), np.float64(0.666666666667), np.float64(0.666666666667), np.float64(1.0), np.float64(1.0), np.float64(1.0), np.float64(1.0)))","(7, (2, 2, 3, 3, 4, 4, 4), (np.float64(0.333333333333), np.float64(0.666666666667), np.float64(0.666666666667), np.float64(1.0), np.float64(1.0), np.float64(1.0), np.float64(1.0)), (2, 2, 2, 3, 3, 3, 3), 0, 1)"
852,7,11,"(7, (2, 3, 3, 3, 3, 3, 5))","(7, (2, 3, 3, 3, 3, 3, 5), (np.float64(0.0), np.float64(0.0), np.float64(0.3), np.float64(0.333333333333), np.float64(0.333333333333), np.float64(0.666666666667), np.float64(0.666666666667)))","(7, (2, 3, 3, 3, 3, 3, 5), (np.float64(0.0), np.float64(0.0), np.float64(0.3), np.float64(0.333333333333), np.float64(0.333333333333), np.float64(0.666666666667), np.float64(0.666666666667)), (2, 2, 2, 2, 2, 2, 2), 0, 1)"
853,7,11,"(7, (2, 3, 3, 3, 3, 3, 5))","(7, (2, 3, 3, 3, 3, 3, 5), (np.float64(0.3), np.float64(0.333333333333), np.float64(0.333333333333), np.float64(0.666666666667), np.float64(0.666666666667), np.float64(0.666666666667), np.float64(1.0)))","(7, (2, 3, 3, 3, 3, 3, 5), (np.float64(0.3), np.float64(0.333333333333), np.float64(0.333333333333), np.float64(0.666666666667), np.float64(0.666666666667), np.float64(0.666666666667), np.float64(1.0)), (2, 2, 2, 2, 2, 2, 2), 0, 1)"
854,7,11,"(7, (2, 3, 3, 3, 3, 3, 5))","(7, (2, 3, 3, 3, 3, 3, 5), (np.float64(0.0), np.float64(0.3), np.float64(0.333333333333), np.float64(0.333333333333), np.float64(0.333333333333), np.float64(0.666666666667), np.float64(1.0)))","(7, (2, 3, 3, 3, 3, 3, 5), (np.float64(0.0), np.float64(0.3), np.float64(0.333333333333), np.float64(0.333333333333), np.float64(0.333333333333), np.float64(0.666666666667), np.float64(1.0)), (2, 2, 2, 2, 2, 2, 2), 0, 1)"
855,7,11,"(7, (2, 3, 3, 3, 3, 3, 5))","(7, (2, 3, 3, 3, 3, 3, 5), (np.float64(0.0), np.float64(0.333333333333), np.float64(0.333333333333), np.float64(0.4), np.float64(0.666666666667), np.float64(0.666666666667), np.float64(0.666666666667)))","(7, (2, 3, 3, 3, 3, 3, 5), (np.float64(0.0), np.float64(0.333333333333), np.float64(0.333333333333), np.float64(0.4), np.float64(0.666666666667), np.float64(0.666666666667), np.float64(0.666666666667)), (2, 2, 2, 2, 2, 2, 2), 0, 1)"
856,7,11,"(7, (2, 3, 3, 3, 3, 3, 5))","(7, (2, 3, 3, 3, 3, 3, 5), (np.float64(0.4), np.float64(0.666666666667), np.float64(0.666666666667), np.float64(1.0), np.float64(1.0), np.float64(1.0), np.float64(1.0)))","(7, (2, 3, 3, 3, 3, 3, 5), (np.float64(0.4), np.float64(0.666666666667), np.float64(0.666666666667), np.float64(1.0), np.float64(1.0), np.float64(1.0), np.float64(1.0)), (2, 2, 2, 3, 3, 3, 3), 0, 1)"
857,7,11,"(7, (2, 3, 3, 3, 3, 4, 4))","(7, (2, 3, 3, 3, 3, 4, 4), (np.float64(0.0), np.float64(0.0), np.float64(0.333333333333), np.float64(0.333333333333), np.float64(0.333333333333), np.float64(0.5), np.float64(0.666666666667)))","(7, (2, 3, 3, 3, 3, 4, 4), (np.float64(0.0), np.float64(0.0), np.float64(0.333333333333), np.float64(0.333333333333), np.float64(0.333333333333), np.float64(0.5), np.float64(0.666666666667)), (2, 2, 2, 2, 2, 2, 2), 0, 1)"
858,7,11,"(7, (2, 3, 3, 3, 3, 4, 4))","(7, (2, 3, 3, 3, 3, 4, 4), (np.float64(0.0), np.float64(0.0), np.float64(0.0), np.float64(0.166666666667), np.float64(0.333333333333), np.float64(0.333333333333), np.float64(0.666666666667)))","(7, (2, 3, 3, 3, 3, 4, 4), (np.float64(0.0), np.float64(0.0), np.float64(0.0), np.float64(0.166666666667), np.float64(0.333333333333), np.float64(0.333333333333), np.float64(0.666666666667)), (2, 2, 2, 2, 2, 2, 2), 0, 1)"
859,7,11,"(7, (2, 3, 3, 3, 3, 4, 4))","(7, (2, 3, 3, 3, 3, 4, 4), (np.float64(0.0), np.float64(0.333333333333), np.float64(0.333333333333), np.float64(0.333333333333), np.float64(0.333333333333), np.float64(0.333333333333), np.float64(0.666666666667)))","(7, (2, 3, 3, 3, 3, 4, 4), (np.float64(0.0), np.float64(0.333333333333), np.float64(0.333333333333), np.float64(0.333333333333), np.float64(0.333333333333), np.float64(0.333333333333), np.float64(0.666666666667)), (2, 2, 2, 2, 2, 2, 2), 0, 1)"
860,7,11,"(7, (2, 3, 3, 3, 3, 4, 4))","(7, (2, 3, 3, 3, 3, 4, 4), (np.float64(0.333333333333), np.float64(0.333333333333), np.float64(0.333333333333), np.float64(0.5), np.float64(0.666666666667), np.float64(0.666666666667), np.float64(1.0)))","(7, (2, 3, 3, 3, 3, 4, 4), (np.float64(0.333333333333), np.float64(0.333333333333), np.float64(0.333333333333), np.float64(0.5), np.float64(0.666666666667), np.float64(0.666666666667), np.float64(1.0)), (2, 2, 2, 2, 2, 2, 2), 0, 1)"
861,7,11,"(7, (2, 3, 3, 3, 3, 4, 4))","(7, (2, 3, 3, 3, 3, 4, 4), (np.float64(0.0), np.float64(0.0), np.float64(0.333333333333), np.float64(0.333333333333), np.float64(0.333333333333), np.float64(0.5), np.float64(0.666666666667)))","(7, (2, 3, 3, 3, 3, 4, 4), (np.float64(0.0), np.float64(0.0), np.float64(0.333333333333), np.float64(0.333333333333), np.float64(0.333333333333), np.float64(0.5), np.float64(0.666666666667)), (2, 2, 2, 2, 2, 2, 2), 0, 1)"
862,7,11,"(7, (2, 3, 3, 3, 3, 4, 4))","(7, (2, 3, 3, 3, 3, 4, 4), (np.float64(0.0), np.float64(0.166666666667), np.float64(0.166666666667), np.float64(0.333333333333), np.float64(0.333333333333), np.float64(0.333333333333), np.float64(0.333333333333)))","(7, (2, 3, 3, 3, 3, 4, 4), (np.float64(0.0), np.float64(0.166666666667), np.float64(0.166666666667), np.float64(0.333333333333), np.float64(0.333333333333), np.float64(0.333333333333), np.float64(0.333333333333)), (2, 3, 3, 3, 3, 3, 3), 0, 1)"
863,7,11,"(7, (2, 3, 3, 3, 3, 4, 4))","(7, (2, 3, 3, 3, 3, 4, 4), (np.float64(0.0), np.float64(0.166666666667), np.float64(0.333333333333), np.float64(0.333333333333), np.float64(0.333333333333), np.float64(0.666666666667), np.float64(0.666666666667)))","(7, (2, 3, 3, 3, 3, 4, 4), (np.float64(0.0), np.float64(0.166666666667), np.float64(0.333333333333), np.float64(0.333333333333), np.float64(0.333333333333), np.float64(0.666666666667), np.float64(0.666666666667)), (2, 2, 2, 2, 2, 2, 2), 0, 1)"
864,7,11,"(7, (2, 3, 3, 3, 3, 4, 4))","(7, (2, 3, 3, 3, 3, 4, 4), (np.float64(0.333333333333), np.float64(0.333333333333), np.float64(0.333333333333), np.float64(0.333333333333), np.float64(0.333333333333), np.float64(0.333333333333), np.float64(1.0)))","(7, (2, 3, 3, 3, 3, 4, 4), (np.float64(0.333333333333), np.float64(0.333333333333), np.float64(0.333333333333), np.float64(0.333333333333), np.float64(0.333333333333), np.float64(0.333333333333), np.float64(1.0)), (2, 3, 3, 3, 3, 3, 3), 0, 1)"
865,7,11,"(7, (2, 3, 3, 3, 3, 4, 4))","(7, (2, 3, 3, 3, 3, 4, 4), (np.float64(0.0), np.float64(0.0), np.float64(0.0), np.float64(0.333333333333), np.float64(0.333333333333), np.float64(0.333333333333), np.float64(0.333333333333)))","(7, (2, 3, 3, 3, 3, 4, 4), (np.float64(0.0), np.float64(0.0), np.float64(0.0), np.float64(0.333333333333), np.float64(0.333333333333), np.float64(0.333333333333), np.float64(0.333333333333)), (2, 2, 2, 2, 2, 2, 2), 0, 1)"
866,7,11,"(7, (2, 3, 3, 3, 3, 4, 4))","(7, (2, 3, 3, 3, 3, 4, 4), (np.float64(0.0), np.float64(0.333333333333), np.float64(0.333333333333), np.float64(0.5), np.float64(0.5), np.float64(0.666666666667), np.float64(0.666666666667)))","(7, (2, 3, 3, 3, 3, 4, 4), (np.float64(0.0), np.float64(0.333333333333), np.float64(0.333333333333), np.float64(0.5), np.float64(0.5), np.float64(0.666666666667), np.float64(0.666666666667)), (2, 2, 2, 2, 2, 2, 2), 0, 1)"
867,7,11,"(7, (2, 3, 3, 3, 3, 4, 4))","(7, (2, 3, 3, 3, 3, 4, 4), (np.float64(0.166666666667), np.float64(0.333333333333), np.float64(0.333333333333), np.float64(0.333333333333), np.float64(0.333333333333), np.float64(0.666666666667), np.float64(1.0)))","(7, (2, 3, 3, 3, 3, 4, 4), (np.float64(0.166666666667), np.float64(0.333333333333), np.float64(0.333333333333), np.float64(0.333333333333), np.float64(0.333333333333), np.float64(0.666666666667), np.float64(1.0)), (2, 2, 2, 2, 2, 2, 2), 0, 1)"
868,7,11,"(7, (2, 3, 3, 3, 3, 4, 4))","(7, (2, 3, 3, 3, 3, 4, 4), (np.float64(0.333333333333), np.float64(0.333333333333), np.float64(0.333333333333), np.float64(0.666666666667), np.float64(0.666666666667), np.float64(0.666666666667), np.float64(1.0)))","(7, (2, 3, 3, 3, 3, 4, 4), (np.float64(0.333333333333), np.float64(0.333333333333), np.float64(0.333333333333), np.float64(0.666666666667), np.float64(0.666666666667), np.float64(0.666666666667), np.float64(1.0)), (2, 2, 2, 2, 2, 2, 2), 0, 1)"
869,7,11,"(7, (2, 3, 3, 3, 3, 4, 4))","(7, (2, 3, 3, 3, 3, 4, 4), (np.float64(0.0), np.float64(0.0), np.float64(0.333333333333), np.float64(0.333333333333), np.float64(0.333333333333), np.float64(0.5), np.float64(0.5)))","(7, (2, 3, 3, 3, 3, 4, 4), (np.float64(0.0), np.float64(0.0), np.float64(0.333333333333), np.float64(0.333333333333), np.float64(0.333333333333), np.float64(0.5), np.float64(0.5)), (2, 2, 2, 2, 2, 2, 2), 0, 1)"
870,7,11,"(7, (2, 3, 3, 3, 3, 4, 4))","(7, (2, 3, 3, 3, 3, 4, 4), (np.float64(0.333333333333), np.float64(0.333333333333), np.float64(0.333333333333), np.float64(0.333333333333), np.float64(0.333333333333), np.float64(0.333333333333), np.float64(1.0)))","(7, (2, 3, 3, 3, 3, 4, 4), (np.float64(0.333333333333), np.float64(0.333333333333), np.float64(0.333333333333), np.float64(0.333333333333), np.float64(0.333333333333), np.float64(0.333333333333), np.float64(1.0)), (2, 3, 3, 3, 3, 3, 3), 0, 1)"
871,7,11,"(7, (2, 3, 3, 3, 3, 4, 4))","(7, (2, 3, 3, 3, 3, 4, 4), (np.float64(0.333333333333), np.float64(0.333333333333), np.float64(0.5), np.float64(0.5), np.float64(1.0), np.float64(1.0), np.float64(1.0)))","(7, (2, 3, 3, 3, 3, 4, 4), (np.float64(0.333333333333), np.float64(0.333333333333), np.float64(0.5), np.float64(0.5), np.float64(1.0), np.float64(1.0), np.float64(1.0)), (2, 2, 2, 3, 3, 3, 3), 0, 1)"
872,7,11,"(7, (2, 3, 3, 3, 3, 4, 4))","(7, (2, 3, 3, 3, 3, 4, 4), (np.float64(0.0), np.float64(0.0), np.float64(0.0), np.float64(0.0), np.float64(0.166666666667), np.float64(0.166666666667), np.float64(1.0)))","(7, (2, 3, 3, 3, 3, 4, 4), (np.float64(0.0), np.float64(0.0), np.float64(0.0), np.float64(0.0), np.float64(0.166666666667), np.float64(0.166666666667), np.float64(1.0)), (2, 3, 3, 3, 3, 3, 3), 0, 1)"
873,7,11,"(7, (2, 3, 3, 3, 3, 4, 4))","(7, (2, 3, 3, 3, 3, 4, 4), (np.float64(0.0), np.float64(0.0), np.float64(0.0), np.float64(0.166666666667), np.float64(0.166666666667), np.float64(0.666666666667), np.float64(0.666666666667)))","(7, (2, 3, 3, 3, 3, 4, 4), (np.float64(0.0), np.float64(0.0), np.float64(0.0), np.float64(0.166666666667), np.float64(0.166666666667), np.float64(0.666666666667), np.float64(0.666666666667)), (2, 2, 2, 2, 2, 2, 2), 0, 1)"
874,7,11,"(7, (2, 3, 3, 3, 3, 4, 4))","(7, (2, 3, 3, 3, 3, 4, 4), (np.int64(0), np.int64(0), np.int64(0), np.int64(0), np.int64(0), np.int64(0), np.int64(0)))","(7, (2, 3, 3, 3, 3, 4, 4), (np.int64(0), np.int64(0), np.int64(0), np.int64(0), np.int64(0), np.int64(0), np.int64(0)), (2, 3, 3, 3, 3, 3, 3), 0, 1)"
875,7,11,"(7, (3, 3, 3, 3, 3, 3, 4))","(7, (3, 3, 3, 3, 3, 3, 4), (np.float64(0.333333333333), np.float64(0.333333333333), np.float64(0.333333333333), np.float64(0.333333333333), np.float64(0.333333333333), np.float64(0.333333333333), np.float64(0.666666666667)))","(7, (3, 3, 3, 3, 3, 3, 4), (np.float64(0.333333333333), np.float64(0.333333333333), np.float64(0.333333333333), np.float64(0.333333333333), np.float64(0.333333333333), np.float64(0.333333333333), np.float64(0.666666666667)), (3, 3, 3, 3, 3, 3, 3), 0, 1)"
876,7,11,"(7, (3, 3, 3, 3, 3, 3, 4))","(7, (3, 3, 3, 3, 3, 3, 4), (np.float64(0.0), np.float64(0.0), np.float64(0.0), np.float64(0.0), np.float64(0.166666666667), np.float64(0.333333333333), np.float64(0.333333333333)))","(7, (3, 3, 3, 3, 3, 3, 4), (np.float64(0.0), np.float64(0.0), np.float64(0.0), np.float64(0.0), np.float64(0.166666666667), np.float64(0.333333333333), np.float64(0.333333333333)), (3, 3, 3, 3, 3, 3, 3), 0, 1)"
877,7,11,"(7, (3, 3, 3, 3, 3, 3, 4))","(7, (3, 3, 3, 3, 3, 3, 4), (np.float64(0.0), np.float64(0.0), np.float64(0.333333333333), np.float64(0.333333333333), np.float64(0.333333333333), np.float64(0.333333333333), np.float64(0.333333333333)))","(7, (3, 3, 3, 3, 3, 3, 4), (np.float64(0.0), np.float64(0.0), np.float64(0.333333333333), np.float64(0.333333333333), np.float64(0.333333333333), np.float64(0.333333333333), np.float64(0.333333333333)), (3, 3, 3, 3, 3, 3, 3), 0, 1)"
878,7,11,"(7, (3, 3, 3, 3, 3, 3, 4))","(7, (3, 3, 3, 3, 3, 3, 4), (np.float64(0.333333333333), np.float64(0.333333333333), np.float64(0.333333333333), np.float64(0.666666666667), np.float64(0.666666666667), np.float64(0.666666666667), np.float64(0.666666666667)))","(7, (3, 3, 3, 3, 3, 3, 4), (np.float64(0.333333333333), np.float64(0.333333333333), np.float64(0.333333333333), np.float64(0.666666666667), np.float64(0.666666666667), np.float64(0.666666666667), np.float64(0.666666666667)), (3, 3, 3, 3, 3, 3, 3), 0, 1)"
879,7,12,"(7, (0, 2, 4, 4, 4, 5, 5))","(7, (0, 2, 4, 4, 4, 5, 5), (np.float64(0.0), np.float64(0.7), np.float64(0.7), np.float64(1.0), np.float64(1.0), np.float64(1.0), np.float64(1.0)))","(7, (0, 2, 4, 4, 4, 5, 5), (np.float64(0.0), np.float64(0.7), np.float64(0.7), np.float64(1.0), np.float64(1.0), np.float64(1.0), np.float64(1.0)), (0, 2, 4, 4, 4, 4, 4), 0, 2)"
880,7,12,"(7, (0, 3, 3, 3, 5, 5, 5))","(7, (0, 3, 3, 3, 5, 5, 5), (np.float64(0.0), np.float64(0.7), np.float64(0.7), np.float64(0.7), np.float64(1.0), np.float64(1.0), np.float64(1.0)))","(7, (0, 3, 3, 3, 5, 5, 5), (np.float64(0.0), np.float64(0.7), np.float64(0.7), np.float64(0.7), np.float64(1.0), np.float64(1.0), np.float64(1.0)), (0, 3, 3, 3, 3, 3, 3), 0, 2)"
881,7,12,"(7, (0, 3, 3, 4, 4, 5, 5))","(7, (0, 3, 3, 4, 4, 5, 5), (np.float64(0.0), np.float64(0.7), np.float64(0.7), np.float64(0.833333333333), np.float64(0.833333333333), np.float64(1.0), np.float64(1.0)))","(7, (0, 3, 3, 4, 4, 5, 5), (np.float64(0.0), np.float64(0.7), np.float64(0.7), np.float64(0.833333333333), np.float64(0.833333333333), np.float64(1.0), np.float64(1.0)), (0, 3, 3, 3, 3, 3, 3), 0, 2)"
882,7,12,"(7, (0, 3, 4, 4, 4, 4, 5))","(7, (0, 3, 4, 4, 4, 4, 5), (np.float64(0.0), np.float64(0.666666666667), np.float64(0.666666666667), np.float64(0.666666666667), np.float64(0.7), np.float64(0.833333333333), np.float64(0.833333333333)))","(7, (0, 3, 4, 4, 4, 4, 5), (np.float64(0.0), np.float64(0.666666666667), np.float64(0.666666666667), np.float64(0.666666666667), np.float64(0.7), np.float64(0.833333333333), np.float64(0.833333333333)), (0, 3, 3, 3, 3, 3, 3), 0, 2)"
883,7,12,"(7, (0, 4, 4, 4, 4, 4, 4))","(7, (0, 4, 4, 4, 4, 4, 4), (np.float64(0.0), np.float64(0.666666666667), np.float64(0.666666666667), np.float64(0.666666666667), np.float64(0.666666666667), np.float64(0.666666666667), np.float64(0.666666666667)))","(7, (0, 4, 4, 4, 4, 4, 4), (np.float64(0.0), np.float64(0.666666666667), np.float64(0.666666666667), np.float64(0.666666666667), np.float64(0.666666666667), np.float64(0.666666666667), np.float64(0.666666666667)), (0, 4, 4, 4, 4, 4, 4), 0, 2)"
884,7,12,"(7, (1, 1, 4, 4, 4, 4, 6))","(7, (1, 1, 4, 4, 4, 4, 6), (np.float64(0.0), np.float64(0.0), np.float64(0.4), np.float64(1.0), np.float64(1.0), np.float64(1.0), np.float64(1.0)))","(7, (1, 1, 4, 4, 4, 4, 6), (np.float64(0.0), np.float64(0.0), np.float64(0.4), np.float64(1.0), np.float64(1.0), np.float64(1.0), np.float64(1.0)), (1, 1, 4, 4, 4, 4, 4), 2, 1)"
885,7,12,"(7, (1, 1, 4, 4, 4, 5, 5))","(7, (1, 1, 4, 4, 4, 5, 5), (np.float64(0.0), np.float64(0.0), np.float64(0.6), np.float64(0.6), np.float64(1.0), np.float64(1.0), np.float64(1.0)))","(7, (1, 1, 4, 4, 4, 5, 5), (np.float64(0.0), np.float64(0.0), np.float64(0.6), np.float64(0.6), np.float64(1.0), np.float64(1.0), np.float64(1.0)), (1, 1, 4, 4, 4, 4, 4), 2, 1)"
886,7,12,"(7, (1, 2, 3, 3, 4, 5, 6))","(7, (1, 2, 3, 3, 4, 5, 6), (np.float64(0.0), np.float64(0.4), np.float64(0.6), np.float64(0.833333333333), np.float64(1.0), np.float64(1.0), np.float64(1.0)))","(7, (1, 2, 3, 3, 4, 5, 6), (np.float64(0.0), np.float64(0.4), np.float64(0.6), np.float64(0.833333333333), np.float64(1.0), np.float64(1.0), np.float64(1.0)), (1, 2, 3, 3, 3, 3, 3), 1, 1)"
887,7,12,"(7, (1, 2, 3, 3, 5, 5, 5))","(7, (1, 2, 3, 3, 5, 5, 5), (np.float64(0.0), np.float64(0.5), np.float64(0.6), np.float64(0.6), np.float64(1.0), np.float64(1.0), np.float64(1.0)))","(7, (1, 2, 3, 3, 5, 5, 5), (np.float64(0.0), np.float64(0.5), np.float64(0.6), np.float64(0.6), np.float64(1.0), np.float64(1.0), np.float64(1.0)), (1, 2, 3, 3, 3, 3, 3), 1, 1)"
888,7,12,"(7, (1, 2, 3, 4, 4, 4, 6))","(7, (1, 2, 3, 4, 4, 4, 6), (np.float64(0.0), np.float64(0.4), np.float64(0.666666666667), np.float64(0.833333333333), np.float64(0.833333333333), np.float64(1.0), np.float64(1.0)))","(7, (1, 2, 3, 4, 4, 4, 6), (np.float64(0.0), np.float64(0.4), np.float64(0.666666666667), np.float64(0.833333333333), np.float64(0.833333333333), np.float64(1.0), np.float64(1.0)), (1, 2, 3, 3, 3, 3, 3), 1, 1)"
889,7,12,"(7, (1, 2, 3, 4, 4, 5, 5))","(7, (1, 2, 3, 4, 4, 5, 5), (np.float64(0.0), np.float64(0.5), np.float64(0.6), np.float64(0.666666666667), np.float64(0.833333333333), np.float64(1.0), np.float64(1.0)))","(7, (1, 2, 3, 4, 4, 5, 5), (np.float64(0.0), np.float64(0.5), np.float64(0.6), np.float64(0.666666666667), np.float64(0.833333333333), np.float64(1.0), np.float64(1.0)), (1, 2, 3, 3, 3, 3, 3), 1, 1)"
890,7,12,"(7, (1, 2, 3, 4, 4, 5, 5))","(7, (1, 2, 3, 4, 4, 5, 5), (np.float64(0.0), np.float64(0.5), np.float64(0.6), np.float64(0.6), np.float64(0.833333333333), np.float64(1.0), np.float64(1.0)))","(7, (1, 2, 3, 4, 4, 5, 5), (np.float64(0.0), np.float64(0.5), np.float64(0.6), np.float64(0.6), np.float64(0.833333333333), np.float64(1.0), np.float64(1.0)), (1, 2, 3, 3, 3, 3, 3), 1, 1)"
891,7,12,"(7, (1, 2, 3, 4, 4, 5, 5))","(7, (1, 2, 3, 4, 4, 5, 5), (np.float64(0.0), np.float64(0.4), np.float64(0.6), np.float64(0.833333333333), np.float64(0.833333333333), np.float64(1.0), np.float64(1.0)))","(7, (1, 2, 3, 4, 4, 5, 5), (np.float64(0.0), np.float64(0.4), np.float64(0.6), np.float64(0.833333333333), np.float64(0.833333333333), np.float64(1.0), np.float64(1.0)), (1, 2, 3, 3, 3, 3, 3), 1, 1)"
892,7,12,"(7, (1, 2, 4, 4, 4, 4, 5))","(7, (1, 2, 4, 4, 4, 4, 5), (np.float64(0.0), np.float64(0.5), np.float64(0.6), np.float64(0.666666666667), np.float64(0.833333333333), np.float64(0.833333333333), np.float64(1.0)))","(7, (1, 2, 4, 4, 4, 4, 5), (np.float64(0.0), np.float64(0.5), np.float64(0.6), np.float64(0.666666666667), np.float64(0.833333333333), np.float64(0.833333333333), np.float64(1.0)), (1, 2, 3, 3, 3, 3, 3), 1, 1)"
893,7,12,"(7, (1, 2, 4, 4, 4, 4, 5))","(7, (1, 2, 4, 4, 4, 4, 5), (np.float64(0.0), np.float64(0.0), np.float64(0.5), np.float64(0.5), np.float64(0.5), np.float64(0.833333333333), np.float64(0.833333333333)))","(7, (1, 2, 4, 4, 4, 4, 5), (np.float64(0.0), np.float64(0.0), np.float64(0.5), np.float64(0.5), np.float64(0.5), np.float64(0.833333333333), np.float64(0.833333333333)), (1, 2, 3, 3, 3, 3, 3), 1, 1)"
894,7,12,"(7, (1, 2, 4, 4, 4, 4, 5))","(7, (1, 2, 4, 4, 4, 4, 5), (np.float64(0.0), np.float64(0.0), np.float64(0.3), np.float64(0.5), np.float64(0.833333333333), np.float64(0.833333333333), np.float64(0.833333333333)))","(7, (1, 2, 4, 4, 4, 4, 5), (np.float64(0.0), np.float64(0.0), np.float64(0.3), np.float64(0.5), np.float64(0.833333333333), np.float64(0.833333333333), np.float64(0.833333333333)), (1, 2, 3, 3, 3, 3, 3), 1, 1)"
895,7,12,"(7, (1, 2, 4, 4, 4, 4, 5))","(7, (1, 2, 4, 4, 4, 4, 5), (np.float64(0.0), np.float64(0.0), np.float64(0.6), np.float64(1.0), np.float64(1.0), np.float64(1.0), np.float64(1.0)))","(7, (1, 2, 4, 4, 4, 4, 5), (np.float64(0.0), np.float64(0.0), np.float64(0.6), np.float64(1.0), np.float64(1.0), np.float64(1.0), np.float64(1.0)), (1, 1, 4, 4, 4, 4, 4), 2, 1)"
896,7,12,"(7, (1, 3, 3, 3, 3, 5, 6))","(7, (1, 3, 3, 3, 3, 5, 6), (np.float64(0.0), np.float64(0.4), np.float64(0.6), np.float64(1.0), np.float64(1.0), np.float64(1.0), np.float64(1.0)))","(7, (1, 3, 3, 3, 3, 5, 6), (np.float64(0.0), np.float64(0.4), np.float64(0.6), np.float64(1.0), np.float64(1.0), np.float64(1.0), np.float64(1.0)), (1, 3, 3, 3, 3, 3, 3), 1, 1)"
897,7,12,"(7, (1, 3, 3, 3, 4, 4, 6))","(7, (1, 3, 3, 3, 4, 4, 6), (np.float64(0.0), np.float64(0.4), np.float64(0.666666666667), np.float64(0.666666666667), np.float64(0.666666666667), np.float64(0.666666666667), np.float64(1.0)))","(7, (1, 3, 3, 3, 4, 4, 6), (np.float64(0.0), np.float64(0.4), np.float64(0.666666666667), np.float64(0.666666666667), np.float64(0.666666666667), np.float64(0.666666666667), np.float64(1.0)), (1, 3, 3, 3, 3, 3, 3), 1, 1)"
898,7,12,"(7, (1, 3, 3, 3, 4, 4, 6))","(7, (1, 3, 3, 3, 4, 4, 6), (np.float64(0.0), np.float64(0.4), np.float64(0.5), np.float64(0.5), np.float64(0.666666666667), np.float64(0.666666666667), np.float64(0.666666666667)))","(7, (1, 3, 3, 3, 4, 4, 6), (np.float64(0.0), np.float64(0.4), np.float64(0.5), np.float64(0.5), np.float64(0.666666666667), np.float64(0.666666666667), np.float64(0.666666666667)), (1, 3, 3, 3, 3, 3, 3), 1, 1)"
899,7,12,"(7, (1, 3, 3, 3, 4, 5, 5))","(7, (1, 3, 3, 3, 4, 5, 5), (np.float64(0.0), np.float64(0.4), np.float64(0.6), np.float64(0.666666666667), np.float64(0.666666666667), np.float64(0.666666666667), np.float64(1.0)))","(7, (1, 3, 3, 3, 4, 5, 5), (np.float64(0.0), np.float64(0.4), np.float64(0.6), np.float64(0.666666666667), np.float64(0.666666666667), np.float64(0.666666666667), np.float64(1.0)), (1, 3, 3, 3, 3, 3, 3), 1, 1)"
900,7,12,"(7, (1, 3, 3, 3, 4, 5, 5))","(7, (1, 3, 3, 3, 4, 5, 5), (np.float64(0.0), np.float64(0.333333333333), np.float64(0.6), np.float64(0.6), np.float64(0.833333333333), np.float64(1.0), np.float64(1.0)))","(7, (1, 3, 3, 3, 4, 5, 5), (np.float64(0.0), np.float64(0.333333333333), np.float64(0.6), np.float64(0.6), np.float64(0.833333333333), np.float64(1.0), np.float64(1.0)), (1, 2, 3, 3, 3, 3, 3), 1, 1)"
901,7,12,"(7, (1, 3, 3, 3, 4, 5, 5))","(7, (1, 3, 3, 3, 4, 5, 5), (np.float64(0.0), np.float64(0.5), np.float64(0.6), np.float64(0.6), np.float64(1.0), np.float64(1.0), np.float64(1.0)))","(7, (1, 3, 3, 3, 4, 5, 5), (np.float64(0.0), np.float64(0.5), np.float64(0.6), np.float64(0.6), np.float64(1.0), np.float64(1.0), np.float64(1.0)), (1, 3, 3, 3, 3, 3, 3), 1, 1)"
902,7,12,"(7, (1, 3, 3, 3, 4, 5, 5))","(7, (1, 3, 3, 3, 4, 5, 5), (np.float64(0.0), np.float64(0.3), np.float64(0.5), np.float64(0.6), np.float64(0.666666666667), np.float64(0.666666666667), np.float64(0.666666666667)))","(7, (1, 3, 3, 3, 4, 5, 5), (np.float64(0.0), np.float64(0.3), np.float64(0.5), np.float64(0.6), np.float64(0.666666666667), np.float64(0.666666666667), np.float64(0.666666666667)), (1, 3, 3, 3, 3, 3, 3), 1, 1)"
903,7,12,"(7, (1, 3, 3, 4, 4, 4, 5))","(7, (1, 3, 3, 4, 4, 4, 5), (np.float64(0.0), np.float64(0.333333333333), np.float64(0.6), np.float64(0.666666666667), np.float64(0.666666666667), np.float64(0.666666666667), np.float64(1.0)))","(7, (1, 3, 3, 4, 4, 4, 5), (np.float64(0.0), np.float64(0.333333333333), np.float64(0.6), np.float64(0.666666666667), np.float64(0.666666666667), np.float64(0.666666666667), np.float64(1.0)), (1, 3, 3, 3, 3, 3, 3), 1, 1)"
904,7,12,"(7, (1, 3, 3, 4, 4, 4, 5))","(7, (1, 3, 3, 4, 4, 4, 5), (np.float64(0.0), np.float64(0.5), np.float64(0.6), np.float64(0.666666666667), np.float64(0.666666666667), np.float64(0.666666666667), np.float64(0.666666666667)))","(7, (1, 3, 3, 4, 4, 4, 5), (np.float64(0.0), np.float64(0.5), np.float64(0.6), np.float64(0.666666666667), np.float64(0.666666666667), np.float64(0.666666666667), np.float64(0.666666666667)), (1, 3, 3, 3, 3, 3, 3), 1, 1)"
905,7,12,"(7, (1, 3, 3, 4, 4, 4, 5))","(7, (1, 3, 3, 4, 4, 4, 5), (np.float64(0.0), np.float64(0.333333333333), np.float64(0.6), np.float64(0.666666666667), np.float64(0.833333333333), np.float64(0.833333333333), np.float64(1.0)))","(7, (1, 3, 3, 4, 4, 4, 5), (np.float64(0.0), np.float64(0.333333333333), np.float64(0.6), np.float64(0.666666666667), np.float64(0.833333333333), np.float64(0.833333333333), np.float64(1.0)), (1, 2, 3, 3, 3, 3, 3), 1, 1)"
906,7,12,"(7, (1, 3, 3, 4, 4, 4, 5))","(7, (1, 3, 3, 4, 4, 4, 5), (np.float64(0.0), np.float64(0.333333333333), np.float64(0.333333333333), np.float64(0.4), np.float64(0.666666666667), np.float64(0.666666666667), np.float64(0.666666666667)))","(7, (1, 3, 3, 4, 4, 4, 5), (np.float64(0.0), np.float64(0.333333333333), np.float64(0.333333333333), np.float64(0.4), np.float64(0.666666666667), np.float64(0.666666666667), np.float64(0.666666666667)), (1, 3, 3, 3, 3, 3, 3), 1, 1)"
907,7,12,"(7, (1, 3, 3, 4, 4, 4, 5))","(7, (1, 3, 3, 4, 4, 4, 5), (np.float64(0.0), np.float64(0.3), np.float64(0.5), np.float64(0.666666666667), np.float64(0.666666666667), np.float64(0.666666666667), np.float64(0.666666666667)))","(7, (1, 3, 3, 4, 4, 4, 5), (np.float64(0.0), np.float64(0.3), np.float64(0.5), np.float64(0.666666666667), np.float64(0.666666666667), np.float64(0.666666666667), np.float64(0.666666666667)), (1, 3, 3, 3, 3, 3, 3), 1, 1)"
908,7,12,"(7, (1, 3, 3, 4, 4, 4, 5))","(7, (1, 3, 3, 4, 4, 4, 5), (np.float64(0.0), np.float64(0.4), np.float64(0.5), np.float64(0.5), np.float64(0.666666666667), np.float64(0.666666666667), np.float64(0.666666666667)))","(7, (1, 3, 3, 4, 4, 4, 5), (np.float64(0.0), np.float64(0.4), np.float64(0.5), np.float64(0.5), np.float64(0.666666666667), np.float64(0.666666666667), np.float64(0.666666666667)), (1, 3, 3, 3, 3, 3, 3), 1, 1)"
909,7,12,"(7, (1, 3, 3, 4, 4, 4, 5))","(7, (1, 3, 3, 4, 4, 4, 5), (np.float64(0.0), np.float64(0.333333333333), np.float64(0.5), np.float64(0.5), np.float64(0.6), np.float64(0.666666666667), np.float64(0.666666666667)))","(7, (1, 3, 3, 4, 4, 4, 5), (np.float64(0.0), np.float64(0.333333333333), np.float64(0.5), np.float64(0.5), np.float64(0.6), np.float64(0.666666666667), np.float64(0.666666666667)), (1, 3, 3, 3, 3, 3, 3), 1, 1)"
910,7,12,"(7, (1, 3, 4, 4, 4, 4, 4))","(7, (1, 3, 4, 4, 4, 4, 4), (np.float64(0.0), np.float64(0.333333333333), np.float64(0.5), np.float64(0.5), np.float64(0.666666666667), np.float64(0.666666666667), np.float64(0.666666666667)))","(7, (1, 3, 4, 4, 4, 4, 4), (np.float64(0.0), np.float64(0.333333333333), np.float64(0.5), np.float64(0.5), np.float64(0.666666666667), np.float64(0.666666666667), np.float64(0.666666666667)), (1, 3, 3, 3, 3, 3, 3), 1, 1)"
911,7,12,"(7, (1, 3, 4, 4, 4, 4, 4))","(7, (1, 3, 4, 4, 4, 4, 4), (np.float64(0.0), np.float64(0.166666666667), np.float64(0.333333333333), np.float64(0.666666666667), np.float64(0.666666666667), np.float64(0.666666666667), np.float64(0.666666666667)))","(7, (1, 3, 4, 4, 4, 4, 4), (np.float64(0.0), np.float64(0.166666666667), np.float64(0.333333333333), np.float64(0.666666666667), np.float64(0.666666666667), np.float64(0.666666666667), np.float64(0.666666666667)), (1, 3, 3, 3, 3, 3, 3), 1, 1)"
912,7,12,"(7, (1, 3, 4, 4, 4, 4, 4))","(7, (1, 3, 4, 4, 4, 4, 4), (np.float64(0.0), np.float64(0.0), np.float64(0.5), np.float64(0.5), np.float64(0.833333333333), np.float64(0.833333333333), np.float64(0.833333333333)))","(7, (1, 3, 4, 4, 4, 4, 4), (np.float64(0.0), np.float64(0.0), np.float64(0.5), np.float64(0.5), np.float64(0.833333333333), np.float64(0.833333333333), np.float64(0.833333333333)), (1, 2, 3, 3, 3, 3, 3), 1, 1)"
913,7,12,"(7, (2, 2, 2, 3, 3, 6, 6))","(7, (2, 2, 2, 3, 3, 6, 6), (np.float64(0.4), np.float64(0.4), np.float64(1.0), np.float64(1.0), np.float64(1.0), np.float64(1.0), np.float64(1.0)))","(7, (2, 2, 2, 3, 3, 6, 6), (np.float64(0.4), np.float64(0.4), np.float64(1.0), np.float64(1.0), np.float64(1.0), np.float64(1.0), np.float64(1.0)), (2, 2, 2, 3, 3, 3, 3), 0, 1)"
914,7,12,"(7, (2, 2, 2, 3, 4, 5, 6))","(7, (2, 2, 2, 3, 4, 5, 6), (np.float64(0.4), np.float64(0.5), np.float64(0.666666666667), np.float64(1.0), np.float64(1.0), np.float64(1.0), np.float64(1.0)))","(7, (2, 2, 2, 3, 4, 5, 6), (np.float64(0.4), np.float64(0.5), np.float64(0.666666666667), np.float64(1.0), np.float64(1.0), np.float64(1.0), np.float64(1.0)), (2, 2, 2, 3, 3, 3, 3), 0, 1)"
915,7,12,"(7, (2, 2, 2, 3, 5, 5, 5))","(7, (2, 2, 2, 3, 5, 5, 5), (np.float64(0.5), np.float64(0.5), np.float64(0.5), np.float64(1.0), np.float64(1.0), np.float64(1.0), np.float64(1.0)))","(7, (2, 2, 2, 3, 5, 5, 5), (np.float64(0.5), np.float64(0.5), np.float64(0.5), np.float64(1.0), np.float64(1.0), np.float64(1.0), np.float64(1.0)), (2, 2, 2, 3, 3, 3, 3), 0, 1)"
916,7,12,"(7, (2, 2, 2, 4, 4, 4, 6))","(7, (2, 2, 2, 4, 4, 4, 6), (np.float64(0.4), np.float64(0.666666666667), np.float64(0.666666666667), np.float64(0.666666666667), np.float64(1.0), np.float64(1.0), np.float64(1.0)))","(7, (2, 2, 2, 4, 4, 4, 6), (np.float64(0.4), np.float64(0.666666666667), np.float64(0.666666666667), np.float64(0.666666666667), np.float64(1.0), np.float64(1.0), np.float64(1.0)), (2, 2, 2, 3, 3, 3, 3), 0, 1)"
917,7,12,"(7, (2, 2, 2, 4, 4, 5, 5))","(7, (2, 2, 2, 4, 4, 5, 5), (np.float64(0.5), np.float64(0.5), np.float64(0.666666666667), np.float64(0.666666666667), np.float64(1.0), np.float64(1.0), np.float64(1.0)))","(7, (2, 2, 2, 4, 4, 5, 5), (np.float64(0.5), np.float64(0.5), np.float64(0.666666666667), np.float64(0.666666666667), np.float64(1.0), np.float64(1.0), np.float64(1.0)), (2, 2, 2, 3, 3, 3, 3), 0, 1)"
918,7,12,"(7, (2, 2, 2, 4, 4, 5, 5))","(7, (2, 2, 2, 4, 4, 5, 5), (np.float64(0.5), np.float64(0.5), np.float64(0.666666666667), np.float64(0.666666666667), np.float64(1.0), np.float64(1.0), np.float64(1.0)))","(7, (2, 2, 2, 4, 4, 5, 5), (np.float64(0.5), np.float64(0.5), np.float64(0.666666666667), np.float64(0.666666666667), np.float64(1.0), np.float64(1.0), np.float64(1.0)), (2, 2, 2, 3, 3, 3, 3), 0, 1)"
919,7,12,"(7, (2, 2, 3, 3, 3, 5, 6))","(7, (2, 2, 3, 3, 3, 5, 6), (np.float64(0.4), np.float64(0.5), np.float64(0.666666666667), np.float64(1.0), np.float64(1.0), np.float64(1.0), np.float64(1.0)))","(7, (2, 2, 3, 3, 3, 5, 6), (np.float64(0.4), np.float64(0.5), np.float64(0.666666666667), np.float64(1.0), np.float64(1.0), np.float64(1.0), np.float64(1.0)), (2, 2, 2, 3, 3, 3, 3), 0, 1)"
920,7,12,"(7, (2, 2, 3, 3, 3, 5, 6))","(7, (2, 2, 3, 3, 3, 5, 6), (np.float64(0.4), np.float64(0.4), np.float64(0.666666666667), np.float64(0.666666666667), np.float64(0.666666666667), np.float64(1.0), np.float64(1.0)))","(7, (2, 2, 3, 3, 3, 5, 6), (np.float64(0.4), np.float64(0.4), np.float64(0.666666666667), np.float64(0.666666666667), np.float64(0.666666666667), np.float64(1.0), np.float64(1.0)), (2, 2, 3, 3, 3, 3, 3), 0, 1)"
921,7,12,"(7, (2, 2, 3, 3, 4, 4, 6))","(7, (2, 2, 3, 3, 4, 4, 6), (np.float64(0.4), np.float64(0.666666666667), np.float64(0.666666666667), np.float64(0.666666666667), np.float64(1.0), np.float64(1.0), np.float64(1.0)))","(7, (2, 2, 3, 3, 4, 4, 6), (np.float64(0.4), np.float64(0.666666666667), np.float64(0.666666666667), np.float64(0.666666666667), np.float64(1.0), np.float64(1.0), np.float64(1.0)), (2, 2, 2, 3, 3, 3, 3), 0, 1)"
922,7,12,"(7, (2, 2, 3, 3, 4, 4, 6))","(7, (2, 2, 3, 3, 4, 4, 6), (np.float64(0.4), np.float64(0.5), np.float64(0.5), np.float64(0.666666666667), np.float64(0.666666666667), np.float64(1.0), np.float64(1.0)))","(7, (2, 2, 3, 3, 4, 4, 6), (np.float64(0.4), np.float64(0.5), np.float64(0.5), np.float64(0.666666666667), np.float64(0.666666666667), np.float64(1.0), np.float64(1.0)), (2, 2, 3, 3, 3, 3, 3), 0, 1)"
923,7,12,"(7, (2, 2, 3, 3, 4, 4, 6))","(7, (2, 2, 3, 3, 4, 4, 6), (np.float64(0.4), np.float64(0.5), np.float64(0.5), np.float64(0.666666666667), np.float64(0.666666666667), np.float64(1.0), np.float64(1.0)))","(7, (2, 2, 3, 3, 4, 4, 6), (np.float64(0.4), np.float64(0.5), np.float64(0.5), np.float64(0.666666666667), np.float64(0.666666666667), np.float64(1.0), np.float64(1.0)), (2, 2, 3, 3, 3, 3, 3), 0, 1)"
924,7,12,"(7, (2, 2, 3, 3, 4, 4, 6))","(7, (2, 2, 3, 3, 4, 4, 6), (np.float64(0.4), np.float64(0.5), np.float64(0.666666666667), np.float64(1.0), np.float64(1.0), np.float64(1.0), np.float64(1.0)))","(7, (2, 2, 3, 3, 4, 4, 6), (np.float64(0.4), np.float64(0.5), np.float64(0.666666666667), np.float64(1.0), np.float64(1.0), np.float64(1.0), np.float64(1.0)), (2, 2, 2, 3, 3, 3, 3), 0, 1)"
925,7,12,"(7, (2, 2, 3, 3, 4, 4, 6))","(7, (2, 2, 3, 3, 4, 4, 6), (np.float64(0.4), np.float64(0.833333333333), np.float64(0.833333333333), np.float64(1.0), np.float64(1.0), np.float64(1.0), np.float64(1.0)))","(7, (2, 2, 3, 3, 4, 4, 6), (np.float64(0.4), np.float64(0.833333333333), np.float64(0.833333333333), np.float64(1.0), np.float64(1.0), np.float64(1.0), np.float64(1.0)), (2, 2, 3, 3, 3, 3, 3), 0, 1)"
926,7,12,"(7, (2, 2, 3, 3, 4, 5, 5))","(7, (2, 2, 3, 3, 4, 5, 5), (np.float64(0.5), np.float64(0.5), np.float64(0.666666666667), np.float64(0.666666666667), np.float64(1.0), np.float64(1.0), np.float64(1.0)))","(7, (2, 2, 3, 3, 4, 5, 5), (np.float64(0.5), np.float64(0.5), np.float64(0.666666666667), np.float64(0.666666666667), np.float64(1.0), np.float64(1.0), np.float64(1.0)), (2, 2, 2, 3, 3, 3, 3), 0, 1)"
927,7,12,"(7, (2, 2, 3, 3, 4, 5, 5))","(7, (2, 2, 3, 3, 4, 5, 5), (np.float64(0.4), np.float64(0.5), np.float64(0.5), np.float64(0.666666666667), np.float64(0.666666666667), np.float64(1.0), np.float64(1.0)))","(7, (2, 2, 3, 3, 4, 5, 5), (np.float64(0.4), np.float64(0.5), np.float64(0.5), np.float64(0.666666666667), np.float64(0.666666666667), np.float64(1.0), np.float64(1.0)), (2, 2, 3, 3, 3, 3, 3), 0, 1)"
928,7,12,"(7, (2, 2, 3, 3, 4, 5, 5))","(7, (2, 2, 3, 3, 4, 5, 5), (np.float64(0.0), np.float64(0.333333333333), np.float64(0.4), np.float64(0.5), np.float64(0.666666666667), np.float64(1.0), np.float64(1.0)))","(7, (2, 2, 3, 3, 4, 5, 5), (np.float64(0.0), np.float64(0.333333333333), np.float64(0.4), np.float64(0.5), np.float64(0.666666666667), np.float64(1.0), np.float64(1.0)), (2, 2, 2, 3, 3, 3, 3), 0, 1)"
929,7,12,"(7, (2, 2, 3, 3, 4, 5, 5))","(7, (2, 2, 3, 3, 4, 5, 5), (np.float64(0.0), np.float64(0.3), np.float64(0.333333333333), np.float64(0.5), np.float64(0.666666666667), np.float64(0.666666666667), np.float64(1.0)))","(7, (2, 2, 3, 3, 4, 5, 5), (np.float64(0.0), np.float64(0.3), np.float64(0.333333333333), np.float64(0.5), np.float64(0.666666666667), np.float64(0.666666666667), np.float64(1.0)), (2, 2, 3, 3, 3, 3, 3), 0, 1)"
930,7,12,"(7, (2, 2, 3, 3, 4, 5, 5))","(7, (2, 2, 3, 3, 4, 5, 5), (np.float64(0.0), np.float64(0.333333333333), np.float64(0.5), np.float64(0.5), np.float64(0.5), np.float64(1.0), np.float64(1.0)))","(7, (2, 2, 3, 3, 4, 5, 5), (np.float64(0.0), np.float64(0.333333333333), np.float64(0.5), np.float64(0.5), np.float64(0.5), np.float64(1.0), np.float64(1.0)), (2, 2, 2, 3, 3, 3, 3), 0, 1)"
931,7,12,"(7, (2, 2, 3, 3, 4, 5, 5))","(7, (2, 2, 3, 3, 4, 5, 5), (np.float64(0.5), np.float64(0.5), np.float64(0.5), np.float64(1.0), np.float64(1.0), np.float64(1.0), np.float64(1.0)))","(7, (2, 2, 3, 3, 4, 5, 5), (np.float64(0.5), np.float64(0.5), np.float64(0.5), np.float64(1.0), np.float64(1.0), np.float64(1.0), np.float64(1.0)), (2, 2, 2, 3, 3, 3, 3), 0, 1)"
932,7,12,"(7, (2, 2, 3, 3, 4, 5, 5))","(7, (2, 2, 3, 3, 4, 5, 5), (np.float64(0.4), np.float64(0.4), np.float64(0.666666666667), np.float64(0.666666666667), np.float64(0.666666666667), np.float64(1.0), np.float64(1.0)))","(7, (2, 2, 3, 3, 4, 5, 5), (np.float64(0.4), np.float64(0.4), np.float64(0.666666666667), np.float64(0.666666666667), np.float64(0.666666666667), np.float64(1.0), np.float64(1.0)), (2, 2, 3, 3, 3, 3, 3), 0, 1)"
933,7,12,"(7, (2, 2, 3, 3, 4, 5, 5))","(7, (2, 2, 3, 3, 4, 5, 5), (np.float64(0.0), np.float64(0.0), np.float64(0.5), np.float64(0.5), np.float64(0.833333333333), np.float64(1.0), np.float64(1.0)))","(7, (2, 2, 3, 3, 4, 5, 5), (np.float64(0.0), np.float64(0.0), np.float64(0.5), np.float64(0.5), np.float64(0.833333333333), np.float64(1.0), np.float64(1.0)), (2, 2, 3, 3, 3, 3, 3), 0, 1)"
934,7,12,"(7, (2, 2, 3, 3, 4, 5, 5))","(7, (2, 2, 3, 3, 4, 5, 5), (np.float64(0.0), np.float64(0.0), np.float64(0.2), np.float64(0.2), np.float64(0.666666666667), np.float64(0.666666666667), np.float64(0.666666666667)))","(7, (2, 2, 3, 3, 4, 5, 5), (np.float64(0.0), np.float64(0.0), np.float64(0.2), np.float64(0.2), np.float64(0.666666666667), np.float64(0.666666666667), np.float64(0.666666666667)), (2, 2, 3, 3, 3, 3, 3), 0, 1)"
935,7,12,"(7, (2, 2, 3, 4, 4, 4, 5))","(7, (2, 2, 3, 4, 4, 4, 5), (np.float64(0.0), np.float64(0.333333333333), np.float64(0.5), np.float64(0.5), np.float64(0.666666666667), np.float64(1.0), np.float64(1.0)))","(7, (2, 2, 3, 4, 4, 4, 5), (np.float64(0.0), np.float64(0.333333333333), np.float64(0.5), np.float64(0.5), np.float64(0.666666666667), np.float64(1.0), np.float64(1.0)), (2, 2, 2, 3, 3, 3, 3), 0, 1)"
936,7,12,"(7, (2, 2, 3, 4, 4, 4, 5))","(7, (2, 2, 3, 4, 4, 4, 5), (np.float64(0.5), np.float64(0.5), np.float64(0.5), np.float64(0.5), np.float64(0.666666666667), np.float64(1.0), np.float64(1.0)))","(7, (2, 2, 3, 4, 4, 4, 5), (np.float64(0.5), np.float64(0.5), np.float64(0.5), np.float64(0.5), np.float64(0.666666666667), np.float64(1.0), np.float64(1.0)), (2, 2, 3, 3, 3, 3, 3), 0, 1)"
937,7,12,"(7, (2, 2, 3, 4, 4, 4, 5))","(7, (2, 2, 3, 4, 4, 4, 5), (np.float64(0.0), np.float64(0.333333333333), np.float64(0.5), np.float64(0.5), np.float64(0.666666666667), np.float64(0.666666666667), np.float64(1.0)))","(7, (2, 2, 3, 4, 4, 4, 5), (np.float64(0.0), np.float64(0.333333333333), np.float64(0.5), np.float64(0.5), np.float64(0.666666666667), np.float64(0.666666666667), np.float64(1.0)), (2, 2, 2, 3, 3, 3, 3), 0, 1)"
938,7,12,"(7, (2, 2, 3, 4, 4, 4, 5))","(7, (2, 2, 3, 4, 4, 4, 5), (np.float64(0.0), np.float64(0.3), np.float64(0.333333333333), np.float64(0.5), np.float64(0.666666666667), np.float64(0.666666666667), np.float64(1.0)))","(7, (2, 2, 3, 4, 4, 4, 5), (np.float64(0.0), np.float64(0.3), np.float64(0.333333333333), np.float64(0.5), np.float64(0.666666666667), np.float64(0.666666666667), np.float64(1.0)), (2, 2, 3, 3, 3, 3, 3), 0, 1)"
939,7,12,"(7, (2, 2, 3, 4, 4, 4, 5))","(7, (2, 2, 3, 4, 4, 4, 5), (np.float64(0.0), np.float64(0.333333333333), np.float64(0.333333333333), np.float64(0.5), np.float64(0.5), np.float64(0.666666666667), np.float64(1.0)))","(7, (2, 2, 3, 4, 4, 4, 5), (np.float64(0.0), np.float64(0.333333333333), np.float64(0.333333333333), np.float64(0.5), np.float64(0.5), np.float64(0.666666666667), np.float64(1.0)), (2, 2, 3, 3, 3, 3, 3), 0, 1)"
940,7,12,"(7, (2, 2, 3, 4, 4, 4, 5))","(7, (2, 2, 3, 4, 4, 4, 5), (np.float64(0.5), np.float64(0.666666666667), np.float64(0.666666666667), np.float64(0.666666666667), np.float64(0.666666666667), np.float64(1.0), np.float64(1.0)))","(7, (2, 2, 3, 4, 4, 4, 5), (np.float64(0.5), np.float64(0.666666666667), np.float64(0.666666666667), np.float64(0.666666666667), np.float64(0.666666666667), np.float64(1.0), np.float64(1.0)), (2, 2, 2, 3, 3, 3, 3), 0, 1)"
941,7,12,"(7, (2, 2, 3, 4, 4, 4, 5))","(7, (2, 2, 3, 4, 4, 4, 5), (np.float64(0.4), np.float64(0.5), np.float64(0.5), np.float64(0.666666666667), np.float64(0.666666666667), np.float64(1.0), np.float64(1.0)))","(7, (2, 2, 3, 4, 4, 4, 5), (np.float64(0.4), np.float64(0.5), np.float64(0.5), np.float64(0.666666666667), np.float64(0.666666666667), np.float64(1.0), np.float64(1.0)), (2, 2, 3, 3, 3, 3, 3), 0, 1)"
942,7,12,"(7, (2, 2, 3, 4, 4, 4, 5))","(7, (2, 2, 3, 4, 4, 4, 5), (np.float64(0.0), np.float64(0.333333333333), np.float64(0.4), np.float64(0.666666666667), np.float64(0.666666666667), np.float64(0.666666666667), np.float64(1.0)))","(7, (2, 2, 3, 4, 4, 4, 5), (np.float64(0.0), np.float64(0.333333333333), np.float64(0.4), np.float64(0.666666666667), np.float64(0.666666666667), np.float64(0.666666666667), np.float64(1.0)), (2, 2, 2, 3, 3, 3, 3), 0, 1)"
943,7,12,"(7, (2, 2, 3, 4, 4, 4, 5))","(7, (2, 2, 3, 4, 4, 4, 5), (np.float64(0.0), np.float64(0.0), np.float64(0.5), np.float64(0.5), np.float64(0.833333333333), np.float64(0.833333333333), np.float64(1.0)))","(7, (2, 2, 3, 4, 4, 4, 5), (np.float64(0.0), np.float64(0.0), np.float64(0.5), np.float64(0.5), np.float64(0.833333333333), np.float64(0.833333333333), np.float64(1.0)), (2, 2, 3, 3, 3, 3, 3), 0, 1)"
944,7,12,"(7, (2, 2, 3, 4, 4, 4, 5))","(7, (2, 2, 3, 4, 4, 4, 5), (np.float64(0.0), np.float64(0.0), np.float64(0.166666666667), np.float64(0.3), np.float64(0.666666666667), np.float64(0.666666666667), np.float64(1.0)))","(7, (2, 2, 3, 4, 4, 4, 5), (np.float64(0.0), np.float64(0.0), np.float64(0.166666666667), np.float64(0.3), np.float64(0.666666666667), np.float64(0.666666666667), np.float64(1.0)), (2, 2, 2, 3, 3, 3, 3), 0, 1)"
945,7,12,"(7, (2, 2, 3, 4, 4, 4, 5))","(7, (2, 2, 3, 4, 4, 4, 5), (np.float64(0.4), np.float64(0.833333333333), np.float64(0.833333333333), np.float64(0.833333333333), np.float64(1.0), np.float64(1.0), np.float64(1.0)))","(7, (2, 2, 3, 4, 4, 4, 5), (np.float64(0.4), np.float64(0.833333333333), np.float64(0.833333333333), np.float64(0.833333333333), np.float64(1.0), np.float64(1.0), np.float64(1.0)), (2, 2, 3, 3, 3, 3, 3), 0, 1)"
946,7,12,"(7, (2, 2, 4, 4, 4, 4, 4))","(7, (2, 2, 4, 4, 4, 4, 4), (np.float64(0.5), np.float64(0.5), np.float64(0.5), np.float64(0.5), np.float64(0.666666666667), np.float64(1.0), np.float64(1.0)))","(7, (2, 2, 4, 4, 4, 4, 4), (np.float64(0.5), np.float64(0.5), np.float64(0.5), np.float64(0.5), np.float64(0.666666666667), np.float64(1.0), np.float64(1.0)), (2, 2, 3, 3, 3, 3, 3), 0, 1)"
947,7,12,"(7, (2, 2, 4, 4, 4, 4, 4))","(7, (2, 2, 4, 4, 4, 4, 4), (np.float64(0.0), np.float64(0.0), np.float64(0.166666666667), np.float64(0.5), np.float64(0.5), np.float64(0.666666666667), np.float64(0.666666666667)))","(7, (2, 2, 4, 4, 4, 4, 4), (np.float64(0.0), np.float64(0.0), np.float64(0.166666666667), np.float64(0.5), np.float64(0.5), np.float64(0.666666666667), np.float64(0.666666666667)), (2, 2, 2, 3, 3, 3, 3), 0, 1)"
948,7,12,"(7, (2, 2, 4, 4, 4, 4, 4))","(7, (2, 2, 4, 4, 4, 4, 4), (np.float64(0.0), np.float64(0.0), np.float64(0.333333333333), np.float64(0.333333333333), np.float64(0.333333333333), np.float64(0.333333333333), np.float64(0.666666666667)))","(7, (2, 2, 4, 4, 4, 4, 4), (np.float64(0.0), np.float64(0.0), np.float64(0.333333333333), np.float64(0.333333333333), np.float64(0.333333333333), np.float64(0.333333333333), np.float64(0.666666666667)), (2, 2, 3, 3, 3, 3, 3), 0, 1)"
949,7,12,"(7, (2, 2, 4, 4, 4, 4, 4))","(7, (2, 2, 4, 4, 4, 4, 4), (np.float64(0.0), np.float64(0.0), np.float64(0.5), np.float64(0.5), np.float64(0.833333333333), np.float64(0.833333333333), np.float64(0.833333333333)))","(7, (2, 2, 4, 4, 4, 4, 4), (np.float64(0.0), np.float64(0.0), np.float64(0.5), np.float64(0.5), np.float64(0.833333333333), np.float64(0.833333333333), np.float64(0.833333333333)), (2, 2, 3, 3, 3, 3, 3), 0, 1)"
950,7,12,"(7, (2, 3, 3, 3, 3, 4, 6))","(7, (2, 3, 3, 3, 3, 4, 6), (np.float64(0.4), np.float64(0.666666666667), np.float64(0.666666666667), np.float64(0.666666666667), np.float64(1.0), np.float64(1.0), np.float64(1.0)))","(7, (2, 3, 3, 3, 3, 4, 6), (np.float64(0.4), np.float64(0.666666666667), np.float64(0.666666666667), np.float64(0.666666666667), np.float64(1.0), np.float64(1.0), np.float64(1.0)), (2, 2, 2, 3, 3, 3, 3), 0, 1)"
951,7,12,"(7, (2, 3, 3, 3, 3, 4, 6))","(7, (2, 3, 3, 3, 3, 4, 6), (np.float64(0.4), np.float64(0.5), np.float64(0.666666666667), np.float64(0.666666666667), np.float64(0.666666666667), np.float64(0.666666666667), np.float64(1.0)))","(7, (2, 3, 3, 3, 3, 4, 6), (np.float64(0.4), np.float64(0.5), np.float64(0.666666666667), np.float64(0.666666666667), np.float64(0.666666666667), np.float64(0.666666666667), np.float64(1.0)), (2, 3, 3, 3, 3, 3, 3), 0, 1)"
952,7,12,"(7, (2, 3, 3, 3, 3, 4, 6))","(7, (2, 3, 3, 3, 3, 4, 6), (np.float64(0.4), np.float64(0.5), np.float64(0.666666666667), np.float64(0.666666666667), np.float64(0.666666666667), np.float64(0.666666666667), np.float64(1.0)))","(7, (2, 3, 3, 3, 3, 4, 6), (np.float64(0.4), np.float64(0.5), np.float64(0.666666666667), np.float64(0.666666666667), np.float64(0.666666666667), np.float64(0.666666666667), np.float64(1.0)), (2, 2, 3, 3, 3, 3, 3), 0, 1)"
953,7,12,"(7, (2, 3, 3, 3, 3, 5, 5))","(7, (2, 3, 3, 3, 3, 5, 5), (np.float64(0.0), np.float64(0.333333333333), np.float64(0.4), np.float64(0.5), np.float64(0.666666666667), np.float64(1.0), np.float64(1.0)))","(7, (2, 3, 3, 3, 3, 5, 5), (np.float64(0.0), np.float64(0.333333333333), np.float64(0.4), np.float64(0.5), np.float64(0.666666666667), np.float64(1.0), np.float64(1.0)), (2, 2, 2, 3, 3, 3, 3), 0, 1)"
954,7,12,"(7, (2, 3, 3, 3, 3, 5, 5))","(7, (2, 3, 3, 3, 3, 5, 5), (np.float64(0.4), np.float64(0.5), np.float64(0.666666666667), np.float64(0.666666666667), np.float64(0.666666666667), np.float64(0.666666666667), np.float64(1.0)))","(7, (2, 3, 3, 3, 3, 5, 5), (np.float64(0.4), np.float64(0.5), np.float64(0.666666666667), np.float64(0.666666666667), np.float64(0.666666666667), np.float64(0.666666666667), np.float64(1.0)), (2, 2, 3, 3, 3, 3, 3), 0, 1)"
955,7,12,"(7, (2, 3, 3, 3, 3, 5, 5))","(7, (2, 3, 3, 3, 3, 5, 5), (np.float64(0.333333333333), np.float64(0.333333333333), np.float64(0.4), np.float64(0.4), np.float64(0.666666666667), np.float64(0.666666666667), np.float64(1.0)))","(7, (2, 3, 3, 3, 3, 5, 5), (np.float64(0.333333333333), np.float64(0.333333333333), np.float64(0.4), np.float64(0.4), np.float64(0.666666666667), np.float64(0.666666666667), np.float64(1.0)), (2, 3, 3, 3, 3, 3, 3), 0, 1)"
956,7,12,"(7, (2, 3, 3, 3, 3, 5, 5))","(7, (2, 3, 3, 3, 3, 5, 5), (np.float64(0.0), np.float64(0.333333333333), np.float64(0.333333333333), np.float64(0.5), np.float64(0.5), np.float64(1.0), np.float64(1.0)))","(7, (2, 3, 3, 3, 3, 5, 5), (np.float64(0.0), np.float64(0.333333333333), np.float64(0.333333333333), np.float64(0.5), np.float64(0.5), np.float64(1.0), np.float64(1.0)), (2, 2, 2, 3, 3, 3, 3), 0, 1)"
957,7,12,"(7, (2, 3, 3, 3, 3, 5, 5))","(7, (2, 3, 3, 3, 3, 5, 5), (np.float64(0.0), np.float64(0.333333333333), np.float64(0.333333333333), np.float64(0.333333333333), np.float64(0.4), np.float64(0.4), np.float64(1.0)))","(7, (2, 3, 3, 3, 3, 5, 5), (np.float64(0.0), np.float64(0.333333333333), np.float64(0.333333333333), np.float64(0.333333333333), np.float64(0.4), np.float64(0.4), np.float64(1.0)), (2, 3, 3, 3, 3, 3, 3), 0, 1)"
958,7,12,"(7, (2, 3, 3, 3, 3, 5, 5))","(7, (2, 3, 3, 3, 3, 5, 5), (np.float64(0.0), np.float64(0.2), np.float64(0.2), np.float64(0.666666666667), np.float64(0.666666666667), np.float64(0.666666666667), np.float64(0.666666666667)))","(7, (2, 3, 3, 3, 3, 5, 5), (np.float64(0.0), np.float64(0.2), np.float64(0.2), np.float64(0.666666666667), np.float64(0.666666666667), np.float64(0.666666666667), np.float64(0.666666666667)), (2, 3, 3, 3, 3, 3, 3), 0, 1)"
959,7,12,"(7, (2, 3, 3, 3, 4, 4, 5))","(7, (2, 3, 3, 3, 4, 4, 5), (np.float64(0.4), np.float64(0.5), np.float64(0.666666666667), np.float64(0.666666666667), np.float64(0.666666666667), np.float64(0.666666666667), np.float64(1.0)))","(7, (2, 3, 3, 3, 4, 4, 5), (np.float64(0.4), np.float64(0.5), np.float64(0.666666666667), np.float64(0.666666666667), np.float64(0.666666666667), np.float64(0.666666666667), np.float64(1.0)), (2, 2, 3, 3, 3, 3, 3), 0, 1)"
960,7,12,"(7, (2, 3, 3, 3, 4, 4, 5))","(7, (2, 3, 3, 3, 4, 4, 5), (np.float64(0.0), np.float64(0.166666666667), np.float64(0.3), np.float64(0.333333333333), np.float64(0.5), np.float64(0.666666666667), np.float64(0.666666666667)))","(7, (2, 3, 3, 3, 4, 4, 5), (np.float64(0.0), np.float64(0.166666666667), np.float64(0.3), np.float64(0.333333333333), np.float64(0.5), np.float64(0.666666666667), np.float64(0.666666666667)), (2, 3, 3, 3, 3, 3, 3), 0, 1)"
961,7,12,"(7, (2, 3, 3, 3, 4, 4, 5))","(7, (2, 3, 3, 3, 4, 4, 5), (np.float64(0.333333333333), np.float64(0.333333333333), np.float64(0.4), np.float64(0.5), np.float64(0.666666666667), np.float64(0.666666666667), np.float64(1.0)))","(7, (2, 3, 3, 3, 4, 4, 5), (np.float64(0.333333333333), np.float64(0.333333333333), np.float64(0.4), np.float64(0.5), np.float64(0.666666666667), np.float64(0.666666666667), np.float64(1.0)), (2, 3, 3, 3, 3, 3, 3), 0, 1)"
962,7,12,"(7, (2, 3, 3, 3, 4, 4, 5))","(7, (2, 3, 3, 3, 4, 4, 5), (np.float64(0.333333333333), np.float64(0.333333333333), np.float64(0.4), np.float64(0.5), np.float64(0.5), np.float64(0.666666666667), np.float64(1.0)))","(7, (2, 3, 3, 3, 4, 4, 5), (np.float64(0.333333333333), np.float64(0.333333333333), np.float64(0.4), np.float64(0.5), np.float64(0.5), np.float64(0.666666666667), np.float64(1.0)), (2, 3, 3, 3, 3, 3, 3), 0, 1)"
963,7,12,"(7, (2, 3, 3, 3, 4, 4, 5))","(7, (2, 3, 3, 3, 4, 4, 5), (np.float64(0.333333333333), np.float64(0.333333333333), np.float64(0.4), np.float64(0.5), np.float64(0.5), np.float64(0.666666666667), np.float64(1.0)))","(7, (2, 3, 3, 3, 4, 4, 5), (np.float64(0.333333333333), np.float64(0.333333333333), np.float64(0.4), np.float64(0.5), np.float64(0.5), np.float64(0.666666666667), np.float64(1.0)), (2, 3, 3, 3, 3, 3, 3), 0, 1)"
964,7,12,"(7, (2, 3, 3, 3, 4, 4, 5))","(7, (2, 3, 3, 3, 4, 4, 5), (np.float64(0.0), np.float64(0.0), np.float64(0.333333333333), np.float64(0.4), np.float64(0.5), np.float64(0.666666666667), np.float64(1.0)))","(7, (2, 3, 3, 3, 4, 4, 5), (np.float64(0.0), np.float64(0.0), np.float64(0.333333333333), np.float64(0.4), np.float64(0.5), np.float64(0.666666666667), np.float64(1.0)), (2, 2, 2, 3, 3, 3, 3), 0, 1)"
965,7,12,"(7, (2, 3, 3, 3, 4, 4, 5))","(7, (2, 3, 3, 3, 4, 4, 5), (np.float64(0.0), np.float64(0.333333333333), np.float64(0.5), np.float64(0.5), np.float64(0.666666666667), np.float64(0.666666666667), np.float64(1.0)))","(7, (2, 3, 3, 3, 4, 4, 5), (np.float64(0.0), np.float64(0.333333333333), np.float64(0.5), np.float64(0.5), np.float64(0.666666666667), np.float64(0.666666666667), np.float64(1.0)), (2, 2, 2, 3, 3, 3, 3), 0, 1)"
966,7,12,"(7, (2, 3, 3, 3, 4, 4, 5))","(7, (2, 3, 3, 3, 4, 4, 5), (np.float64(0.0), np.float64(0.333333333333), np.float64(0.333333333333), np.float64(0.5), np.float64(0.5), np.float64(0.666666666667), np.float64(0.666666666667)))","(7, (2, 3, 3, 3, 4, 4, 5), (np.float64(0.0), np.float64(0.333333333333), np.float64(0.333333333333), np.float64(0.5), np.float64(0.5), np.float64(0.666666666667), np.float64(0.666666666667)), (2, 2, 3, 3, 3, 3, 3), 0, 1)"
967,7,12,"(7, (2, 3, 3, 3, 4, 4, 5))","(7, (2, 3, 3, 3, 4, 4, 5), (np.float64(0.333333333333), np.float64(0.333333333333), np.float64(0.4), np.float64(0.666666666667), np.float64(0.666666666667), np.float64(1.0), np.float64(1.0)))","(7, (2, 3, 3, 3, 4, 4, 5), (np.float64(0.333333333333), np.float64(0.333333333333), np.float64(0.4), np.float64(0.666666666667), np.float64(0.666666666667), np.float64(1.0), np.float64(1.0)), (2, 2, 2, 3, 3, 3, 3), 0, 1)"
968,7,12,"(7, (2, 3, 3, 3, 4, 4, 5))","(7, (2, 3, 3, 3, 4, 4, 5), (np.float64(0.5), np.float64(0.5), np.float64(0.5), np.float64(0.666666666667), np.float64(0.666666666667), np.float64(0.666666666667), np.float64(1.0)))","(7, (2, 3, 3, 3, 4, 4, 5), (np.float64(0.5), np.float64(0.5), np.float64(0.5), np.float64(0.666666666667), np.float64(0.666666666667), np.float64(0.666666666667), np.float64(1.0)), (2, 3, 3, 3, 3, 3, 3), 0, 1)"
969,7,12,"(7, (2, 3, 3, 3, 4, 4, 5))","(7, (2, 3, 3, 3, 4, 4, 5), (np.float64(0.3), np.float64(0.333333333333), np.float64(0.333333333333), np.float64(0.666666666667), np.float64(0.666666666667), np.float64(0.666666666667), np.float64(1.0)))","(7, (2, 3, 3, 3, 4, 4, 5), (np.float64(0.3), np.float64(0.333333333333), np.float64(0.333333333333), np.float64(0.666666666667), np.float64(0.666666666667), np.float64(0.666666666667), np.float64(1.0)), (2, 2, 3, 3, 3, 3, 3), 0, 1)"
970,7,12,"(7, (2, 3, 3, 3, 4, 4, 5))","(7, (2, 3, 3, 3, 4, 4, 5), (np.float64(0.3), np.float64(0.333333333333), np.float64(0.5), np.float64(0.666666666667), np.float64(0.666666666667), np.float64(0.666666666667), np.float64(1.0)))","(7, (2, 3, 3, 3, 4, 4, 5), (np.float64(0.3), np.float64(0.333333333333), np.float64(0.5), np.float64(0.666666666667), np.float64(0.666666666667), np.float64(0.666666666667), np.float64(1.0)), (2, 3, 3, 3, 3, 3, 3), 0, 1)"
971,7,12,"(7, (2, 3, 3, 3, 4, 4, 5))","(7, (2, 3, 3, 3, 4, 4, 5), (np.float64(0.0), np.float64(0.333333333333), np.float64(0.333333333333), np.float64(0.5), np.float64(0.666666666667), np.float64(0.666666666667), np.float64(1.0)))","(7, (2, 3, 3, 3, 4, 4, 5), (np.float64(0.0), np.float64(0.333333333333), np.float64(0.333333333333), np.float64(0.5), np.float64(0.666666666667), np.float64(0.666666666667), np.float64(1.0)), (2, 2, 2, 3, 3, 3, 3), 0, 1)"
972,7,12,"(7, (2, 3, 3, 3, 4, 4, 5))","(7, (2, 3, 3, 3, 4, 4, 5), (np.float64(0.0), np.float64(0.333333333333), np.float64(0.4), np.float64(0.5), np.float64(0.5), np.float64(0.666666666667), np.float64(0.666666666667)))","(7, (2, 3, 3, 3, 4, 4, 5), (np.float64(0.0), np.float64(0.333333333333), np.float64(0.4), np.float64(0.5), np.float64(0.5), np.float64(0.666666666667), np.float64(0.666666666667)), (2, 2, 3, 3, 3, 3, 3), 0, 1)"
973,7,12,"(7, (2, 3, 3, 3, 4, 4, 5))","(7, (2, 3, 3, 3, 4, 4, 5), (np.float64(0.0), np.float64(0.333333333333), np.float64(0.333333333333), np.float64(0.5), np.float64(0.5), np.float64(0.666666666667), np.float64(0.666666666667)))","(7, (2, 3, 3, 3, 4, 4, 5), (np.float64(0.0), np.float64(0.333333333333), np.float64(0.333333333333), np.float64(0.5), np.float64(0.5), np.float64(0.666666666667), np.float64(0.666666666667)), (2, 2, 3, 3, 3, 3, 3), 0, 1)"
974,7,12,"(7, (2, 3, 3, 3, 4, 4, 5))","(7, (2, 3, 3, 3, 4, 4, 5), (np.float64(0.0), np.float64(0.333333333333), np.float64(0.333333333333), np.float64(0.5), np.float64(0.666666666667), np.float64(0.666666666667), np.float64(0.666666666667)))","(7, (2, 3, 3, 3, 4, 4, 5), (np.float64(0.0), np.float64(0.333333333333), np.float64(0.333333333333), np.float64(0.5), np.float64(0.666666666667), np.float64(0.666666666667), np.float64(0.666666666667)), (2, 3, 3, 3, 3, 3, 3), 0, 1)"
975,7,12,"(7, (2, 3, 3, 3, 4, 4, 5))","(7, (2, 3, 3, 3, 4, 4, 5), (np.float64(0.0), np.float64(0.333333333333), np.float64(0.333333333333), np.float64(0.333333333333), np.float64(0.4), np.float64(0.5), np.float64(1.0)))","(7, (2, 3, 3, 3, 4, 4, 5), (np.float64(0.0), np.float64(0.333333333333), np.float64(0.333333333333), np.float64(0.333333333333), np.float64(0.4), np.float64(0.5), np.float64(1.0)), (2, 3, 3, 3, 3, 3, 3), 0, 1)"
976,7,12,"(7, (2, 3, 3, 3, 4, 4, 5))","(7, (2, 3, 3, 3, 4, 4, 5), (np.float64(0.5), np.float64(0.5), np.float64(0.666666666667), np.float64(0.666666666667), np.float64(1.0), np.float64(1.0), np.float64(1.0)))","(7, (2, 3, 3, 3, 4, 4, 5), (np.float64(0.5), np.float64(0.5), np.float64(0.666666666667), np.float64(0.666666666667), np.float64(1.0), np.float64(1.0), np.float64(1.0)), (2, 2, 2, 3, 3, 3, 3), 0, 1)"
977,7,12,"(7, (2, 3, 3, 3, 4, 4, 5))","(7, (2, 3, 3, 3, 4, 4, 5), (np.float64(0.0), np.float64(0.0), np.float64(0.333333333333), np.float64(0.333333333333), np.float64(0.4), np.float64(0.666666666667), np.float64(0.666666666667)))","(7, (2, 3, 3, 3, 4, 4, 5), (np.float64(0.0), np.float64(0.0), np.float64(0.333333333333), np.float64(0.333333333333), np.float64(0.4), np.float64(0.666666666667), np.float64(0.666666666667)), (2, 2, 3, 3, 3, 3, 3), 0, 1)"
978,7,12,"(7, (2, 3, 3, 3, 4, 4, 5))","(7, (2, 3, 3, 3, 4, 4, 5), (np.float64(0.0), np.float64(0.0), np.float64(0.3), np.float64(0.333333333333), np.float64(0.333333333333), np.float64(0.333333333333), np.float64(0.5)))","(7, (2, 3, 3, 3, 4, 4, 5), (np.float64(0.0), np.float64(0.0), np.float64(0.3), np.float64(0.333333333333), np.float64(0.333333333333), np.float64(0.333333333333), np.float64(0.5)), (2, 3, 3, 3, 3, 3, 3), 0, 1)"
979,7,12,"(7, (2, 3, 3, 4, 4, 4, 4))","(7, (2, 3, 3, 4, 4, 4, 4), (np.float64(0.333333333333), np.float64(0.333333333333), np.float64(0.5), np.float64(0.5), np.float64(0.5), np.float64(0.666666666667), np.float64(1.0)))","(7, (2, 3, 3, 4, 4, 4, 4), (np.float64(0.333333333333), np.float64(0.333333333333), np.float64(0.5), np.float64(0.5), np.float64(0.5), np.float64(0.666666666667), np.float64(1.0)), (2, 3, 3, 3, 3, 3, 3), 0, 1)"
980,7,12,"(7, (2, 3, 3, 4, 4, 4, 4))","(7, (2, 3, 3, 4, 4, 4, 4), (np.float64(0.0), np.float64(0.166666666667), np.float64(0.333333333333), np.float64(0.333333333333), np.float64(0.5), np.float64(0.5), np.float64(0.666666666667)))","(7, (2, 3, 3, 4, 4, 4, 4), (np.float64(0.0), np.float64(0.166666666667), np.float64(0.333333333333), np.float64(0.333333333333), np.float64(0.5), np.float64(0.5), np.float64(0.666666666667)), (2, 3, 3, 3, 3, 3, 3), 0, 1)"
981,7,12,"(7, (2, 3, 3, 4, 4, 4, 4))","(7, (2, 3, 3, 4, 4, 4, 4), (np.float64(0.0), np.float64(0.333333333333), np.float64(0.333333333333), np.float64(0.5), np.float64(0.5), np.float64(0.666666666667), np.float64(0.666666666667)))","(7, (2, 3, 3, 4, 4, 4, 4), (np.float64(0.0), np.float64(0.333333333333), np.float64(0.333333333333), np.float64(0.5), np.float64(0.5), np.float64(0.666666666667), np.float64(0.666666666667)), (2, 2, 3, 3, 3, 3, 3), 0, 1)"
982,7,12,"(7, (2, 3, 3, 4, 4, 4, 4))","(7, (2, 3, 3, 4, 4, 4, 4), (np.float64(0.333333333333), np.float64(0.333333333333), np.float64(0.5), np.float64(0.5), np.float64(0.666666666667), np.float64(0.666666666667), np.float64(1.0)))","(7, (2, 3, 3, 4, 4, 4, 4), (np.float64(0.333333333333), np.float64(0.333333333333), np.float64(0.5), np.float64(0.5), np.float64(0.666666666667), np.float64(0.666666666667), np.float64(1.0)), (2, 3, 3, 3, 3, 3, 3), 0, 1)"
983,7,12,"(7, (2, 3, 3, 4, 4, 4, 4))","(7, (2, 3, 3, 4, 4, 4, 4), (np.float64(0.0), np.float64(0.333333333333), np.float64(0.333333333333), np.float64(0.333333333333), np.float64(0.333333333333), np.float64(0.5), np.float64(0.5)))","(7, (2, 3, 3, 4, 4, 4, 4), (np.float64(0.0), np.float64(0.333333333333), np.float64(0.333333333333), np.float64(0.333333333333), np.float64(0.333333333333), np.float64(0.5), np.float64(0.5)), (2, 3, 3, 3, 3, 3, 3), 0, 1)"
984,7,12,"(7, (2, 3, 3, 4, 4, 4, 4))","(7, (2, 3, 3, 4, 4, 4, 4), (np.float64(0.0), np.float64(0.0), np.float64(0.333333333333), np.float64(0.5), np.float64(0.5), np.float64(0.666666666667), np.float64(0.666666666667)))","(7, (2, 3, 3, 4, 4, 4, 4), (np.float64(0.0), np.float64(0.0), np.float64(0.333333333333), np.float64(0.5), np.float64(0.5), np.float64(0.666666666667), np.float64(0.666666666667)), (2, 2, 2, 3, 3, 3, 3), 0, 1)"
985,7,12,"(7, (2, 3, 3, 4, 4, 4, 4))","(7, (2, 3, 3, 4, 4, 4, 4), (np.float64(0.0), np.float64(0.0), np.float64(0.333333333333), np.float64(0.333333333333), np.float64(0.333333333333), np.float64(0.666666666667), np.float64(0.666666666667)))","(7, (2, 3, 3, 4, 4, 4, 4), (np.float64(0.0), np.float64(0.0), np.float64(0.333333333333), np.float64(0.333333333333), np.float64(0.333333333333), np.float64(0.666666666667), np.float64(0.666666666667)), (2, 2, 3, 3, 3, 3, 3), 0, 1)"
986,7,12,"(7, (2, 3, 3, 4, 4, 4, 4))","(7, (2, 3, 3, 4, 4, 4, 4), (np.float64(0.333333333333), np.float64(0.333333333333), np.float64(0.5), np.float64(0.666666666667), np.float64(0.666666666667), np.float64(1.0), np.float64(1.0)))","(7, (2, 3, 3, 4, 4, 4, 4), (np.float64(0.333333333333), np.float64(0.333333333333), np.float64(0.5), np.float64(0.666666666667), np.float64(0.666666666667), np.float64(1.0), np.float64(1.0)), (2, 2, 2, 3, 3, 3, 3), 0, 1)"
987,7,12,"(7, (2, 3, 3, 4, 4, 4, 4))","(7, (2, 3, 3, 4, 4, 4, 4), (np.float64(0.166666666667), np.float64(0.333333333333), np.float64(0.333333333333), np.float64(0.333333333333), np.float64(0.5), np.float64(0.5), np.float64(1.0)))","(7, (2, 3, 3, 4, 4, 4, 4), (np.float64(0.166666666667), np.float64(0.333333333333), np.float64(0.333333333333), np.float64(0.333333333333), np.float64(0.5), np.float64(0.5), np.float64(1.0)), (2, 3, 3, 3, 3, 3, 3), 0, 1)"
988,7,12,"(7, (2, 3, 3, 4, 4, 4, 4))","(7, (2, 3, 3, 4, 4, 4, 4), (np.float64(0.0), np.float64(0.0), np.float64(0.166666666667), np.float64(0.166666666667), np.float64(0.333333333333), np.float64(0.5), np.float64(0.5)))","(7, (2, 3, 3, 4, 4, 4, 4), (np.float64(0.0), np.float64(0.0), np.float64(0.166666666667), np.float64(0.166666666667), np.float64(0.333333333333), np.float64(0.5), np.float64(0.5)), (2, 3, 3, 3, 3, 3, 3), 0, 1)"
989,7,12,"(7, (2, 3, 3, 4, 4, 4, 4))","(7, (2, 3, 3, 4, 4, 4, 4), (np.float64(0.0), np.float64(0.333333333333), np.float64(0.333333333333), np.float64(0.333333333333), np.float64(0.333333333333), np.float64(0.666666666667), np.float64(0.666666666667)))","(7, (2, 3, 3, 4, 4, 4, 4), (np.float64(0.0), np.float64(0.333333333333), np.float64(0.333333333333), np.float64(0.333333333333), np.float64(0.333333333333), np.float64(0.666666666667), np.float64(0.666666666667)), (2, 3, 3, 3, 3, 3, 3), 0, 1)"
990,7,12,"(7, (2, 3, 3, 4, 4, 4, 4))","(7, (2, 3, 3, 4, 4, 4, 4), (np.float64(0.333333333333), np.float64(0.333333333333), np.float64(0.5), np.float64(0.5), np.float64(0.666666666667), np.float64(0.666666666667), np.float64(1.0)))","(7, (2, 3, 3, 4, 4, 4, 4), (np.float64(0.333333333333), np.float64(0.333333333333), np.float64(0.5), np.float64(0.5), np.float64(0.666666666667), np.float64(0.666666666667), np.float64(1.0)), (2, 3, 3, 3, 3, 3, 3), 0, 1)"
991,7,12,"(7, (2, 3, 3, 4, 4, 4, 4))","(7, (2, 3, 3, 4, 4, 4, 4), (np.float64(0.0), np.float64(0.333333333333), np.float64(0.333333333333), np.float64(0.666666666667), np.float64(0.666666666667), np.float64(0.666666666667), np.float64(0.666666666667)))","(7, (2, 3, 3, 4, 4, 4, 4), (np.float64(0.0), np.float64(0.333333333333), np.float64(0.333333333333), np.float64(0.666666666667), np.float64(0.666666666667), np.float64(0.666666666667), np.float64(0.666666666667)), (2, 2, 2, 3, 3, 3, 3), 0, 1)"
992,7,12,"(7, (3, 3, 3, 3, 3, 4, 5))","(7, (3, 3, 3, 3, 3, 4, 5), (np.float64(0.333333333333), np.float64(0.333333333333), np.float64(0.4), np.float64(0.5), np.float64(0.666666666667), np.float64(0.666666666667), np.float64(0.666666666667)))","(7, (3, 3, 3, 3, 3, 4, 5), (np.float64(0.333333333333), np.float64(0.333333333333), np.float64(0.4), np.float64(0.5), np.float64(0.666666666667), np.float64(0.666666666667), np.float64(0.666666666667)), (3, 3, 3, 3, 3, 3, 3), 0, 1)"
993,7,12,"(7, (3, 3, 3, 3, 3, 4, 5))","(7, (3, 3, 3, 3, 3, 4, 5), (np.float64(0.0), np.float64(0.333333333333), np.float64(0.333333333333), np.float64(0.333333333333), np.float64(0.4), np.float64(0.666666666667), np.float64(0.666666666667)))","(7, (3, 3, 3, 3, 3, 4, 5), (np.float64(0.0), np.float64(0.333333333333), np.float64(0.333333333333), np.float64(0.333333333333), np.float64(0.4), np.float64(0.666666666667), np.float64(0.666666666667)), (3, 3, 3, 3, 3, 3, 3), 0, 1)"
994,7,12,"(7, (3, 3, 3, 3, 3, 4, 5))","(7, (3, 3, 3, 3, 3, 4, 5), (np.float64(0.0), np.float64(0.333333333333), np.float64(0.333333333333), np.float64(0.333333333333), np.float64(0.4), np.float64(0.5), np.float64(0.666666666667)))","(7, (3, 3, 3, 3, 3, 4, 5), (np.float64(0.0), np.float64(0.333333333333), np.float64(0.333333333333), np.float64(0.333333333333), np.float64(0.4), np.float64(0.5), np.float64(0.666666666667)), (3, 3, 3, 3, 3, 3, 3), 0, 1)"
995,7,12,"(7, (3, 3, 3, 3, 3, 4, 5))","(7, (3, 3, 3, 3, 3, 4, 5), (np.float64(0.166666666667), np.float64(0.3), np.float64(0.333333333333), np.float64(0.333333333333), np.float64(0.666666666667), np.float64(0.666666666667), np.float64(0.666666666667)))","(7, (3, 3, 3, 3, 3, 4, 5), (np.float64(0.166666666667), np.float64(0.3), np.float64(0.333333333333), np.float64(0.333333333333), np.float64(0.666666666667), np.float64(0.666666666667), np.float64(0.666666666667)), (3, 3, 3, 3, 3, 3, 3), 0, 1)"
996,7,12,"(7, (3, 3, 3, 3, 3, 4, 5))","(7, (3, 3, 3, 3, 3, 4, 5), (np.float64(0.333333333333), np.float64(0.4), np.float64(0.5), np.float64(0.666666666667), np.float64(0.666666666667), np.float64(1.0), np.float64(1.0)))","(7, (3, 3, 3, 3, 3, 4, 5), (np.float64(0.333333333333), np.float64(0.4), np.float64(0.5), np.float64(0.666666666667), np.float64(0.666666666667), np.float64(1.0), np.float64(1.0)), (3, 3, 3, 3, 3, 3, 3), 0, 1)"
997,7,12,"(7, (3, 3, 3, 3, 4, 4, 4))","(7, (3, 3, 3, 3, 4, 4, 4), (np.float64(0.333333333333), np.float64(0.333333333333), np.float64(0.333333333333), np.float64(0.333333333333), np.float64(0.333333333333), np.float64(0.5), np.float64(0.666666666667)))","(7, (3, 3, 3, 3, 4, 4, 4), (np.float64(0.333333333333), np.float64(0.333333333333), np.float64(0.333333333333), np.float64(0.333333333333), np.float64(0.333333333333), np.float64(0.5), np.float64(0.666666666667)), (3, 3, 3, 3, 3, 3, 3), 0, 1)"
998,7,12,"(7, (3, 3, 3, 3, 4, 4, 4))","(7, (3, 3, 3, 3, 4, 4, 4), (np.float64(0.333333333333), np.float64(0.333333333333), np.float64(0.5), np.float64(0.5), np.float64(0.5), np.float64(0.666666666667), np.float64(0.666666666667)))","(7, (3, 3, 3, 3, 4, 4, 4), (np.float64(0.333333333333), np.float64(0.333333333333), np.float64(0.5), np.float64(0.5), np.float64(0.5), np.float64(0.666666666667), np.float64(0.666666666667)), (3, 3, 3, 3, 3, 3, 3), 0, 1)"
999,7,12,"(7, (3, 3, 3, 3, 4, 4, 4))","(7, (3, 3, 3, 3, 4, 4, 4), (np.float64(0.333333333333), np.float64(0.333333333333), np.float64(0.333333333333), np.float64(0.333333333333), np.float64(0.333333333333), np.float64(0.666666666667), np.float64(0.666666666667)))","(7, (3, 3, 3, 3, 4, 4, 4), (np.float64(0.333333333333), np.float64(0.333333333333), np.float64(0.333333333333), np.float64(0.333333333333), np.float64(0.333333333333), np.float64(0.666666666667), np.float64(0.666666666667)), (3, 3, 3, 3, 3, 3, 3), 0, 1)"
1000,7,12,"(7, (3, 3, 3, 3, 4, 4, 4))","(7, (3, 3, 3, 3, 4, 4, 4), (np.float64(0.0), np.float64(0.0), np.float64(0.333333333333), np.float64(0.333333333333), np.float64(0.333333333333), np.float64(0.333333333333), np.float64(0.5)))","(7, (3, 3, 3, 3, 4, 4, 4), (np.float64(0.0), np.float64(0.0), np.float64(0.333333333333), np.float64(0.333333333333), np.float64(0.333333333333), np.float64(0.333333333333), np.float64(0.5)), (3, 3, 3, 3, 3, 3, 3), 0, 1)"
1001,7,12,"(7, (3, 3, 3, 3, 4, 4, 4))","(7, (3, 3, 3, 3, 4, 4, 4), (np.float64(0.333333333333), np.float64(0.333333333333), np.float64(0.333333333333), np.float64(0.333333333333), np.float64(0.333333333333), np.float64(0.5), np.float64(0.5)))","(7, (3, 3, 3, 3, 4, 4, 4), (np.float64(0.333333333333), np.float64(0.333333333333), np.float64(0.333333333333), np.float64(0.333333333333), np.float64(0.333333333333), np.float64(0.5), np.float64(0.5)), (3, 3, 3, 3, 3, 3, 3), 0, 1)"
1002,7,12,"(7, (3, 3, 3, 3, 4, 4, 4))","(7, (3, 3, 3, 3, 4, 4, 4), (np.float64(0.333333333333), np.float64(0.333333333333), np.float64(0.5), np.float64(0.666666666667), np.float64(0.666666666667), np.float64(0.666666666667), np.float64(0.666666666667)))","(7, (3, 3, 3, 3, 4, 4, 4), (np.float64(0.333333333333), np.float64(0.333333333333), np.float64(0.5), np.float64(0.666666666667), np.float64(0.666666666667), np.float64(0.666666666667), np.float64(0.666666666667)), (3, 3, 3, 3, 3, 3, 3), 0, 1)"
1003,7,12,"(7, (3, 3, 3, 3, 4, 4, 4))","(7, (3, 3, 3, 3, 4, 4, 4), (np.float64(0.166666666667), np.float64(0.333333333333), np.float64(0.333333333333), np.float64(0.333333333333), np.float64(0.333333333333), np.float64(0.333333333333), np.float64(0.333333333333)))","(7, (3, 3, 3, 3, 4, 4, 4), (np.float64(0.166666666667), np.float64(0.333333333333), np.float64(0.333333333333), np.float64(0.333333333333), np.float64(0.333333333333), np.float64(0.333333333333), np.float64(0.333333333333)), (3, 3, 3, 3, 3, 3, 3), 0, 1)"
1004,7,12,"(7, (3, 3, 3, 3, 4, 4, 4))","(7, (3, 3, 3, 3, 4, 4, 4), (np.float64(0.0), np.float64(0.0), np.float64(0.0), np.float64(0.166666666667), np.float64(0.166666666667), np.float64(0.333333333333), np.float64(0.666666666667)))","(7, (3, 3, 3, 3, 4, 4, 4), (np.float64(0.0), np.float64(0.0), np.float64(0.0), np.float64(0.166666666667), np.float64(0.166666666667), np.float64(0.333333333333), np.float64(0.666666666667)), (3, 3, 3, 3, 3, 3, 3), 0, 1)"
1005,7,12,"(7, (3, 3, 3, 3, 4, 4, 4))","(7, (3, 3, 3, 3, 4, 4, 4), (np.float64(0.0), np.float64(0.333333333333), np.float64(0.333333333333), np.float64(0.333333333333), np.float64(0.5), np.float64(0.5), np.float64(0.5)))","(7, (3, 3, 3, 3, 4, 4, 4), (np.float64(0.0), np.float64(0.333333333333), np.float64(0.333333333333), np.float64(0.333333333333), np.float64(0.5), np.float64(0.5), np.float64(0.5)), (3, 3, 3, 3, 3, 3, 3), 0, 1)"
1006,7,12,"(7, (3, 3, 3, 3, 4, 4, 4))","(7, (3, 3, 3, 3, 4, 4, 4), (np.float64(0.333333333333), np.float64(0.333333333333), np.float64(0.333333333333), np.float64(0.5), np.float64(0.5), np.float64(0.5), np.float64(1.0)))","(7, (3, 3, 3, 3, 4, 4, 4), (np.float64(0.333333333333), np.float64(0.333333333333), np.float64(0.333333333333), np.float64(0.5), np.float64(0.5), np.float64(0.5), np.float64(1.0)), (3, 3, 3, 3, 3, 3, 3), 0, 1)"
1007,7,12,"(7, (3, 3, 3, 3, 4, 4, 4))","(7, (3, 3, 3, 3, 4, 4, 4), (np.int64(0), np.int64(0), np.int64(0), np.int64(0), np.int64(0), np.int64(0), np.int64(0)))","(7, (3, 3, 3, 3, 4, 4, 4), (np.int64(0), np.int64(0), np.int64(0), np.int64(0), np.int64(0), np.int64(0), np.int64(0)), (3, 3, 3, 3, 3, 3, 3), 0, 1)"
1008,7,12,"(7, (3, 3, 3, 3, 3, 3, 6))","(7, (3, 3, 3, 3, 3, 3, 6), (np.float64(0.4), np.float64(0.666666666667), np.float64(0.666666666667), np.float64(0.666666666667), np.float64(0.666666666667), np.float64(0.666666666667), np.float64(0.666666666667)))","(7, (3, 3, 3, 3, 3, 3, 6), (np.float64(0.4), np.float64(0.666666666667), np.float64(0.666666666667), np.float64(0.666666666667), np.float64(0.666666666667), np.float64(0.666666666667), np.float64(0.666666666667)), (3, 3, 3, 3, 3, 3, 3), 0, 1)"
1009,7,12,"(7, (3, 3, 3, 3, 3, 3, 6))","(7, (3, 3, 3, 3, 3, 3, 6), (np.float64(0.4), np.float64(1.0), np.float64(1.0), np.float64(1.0), np.float64(1.0), np.float64(1.0), np.float64(1.0)))","(7, (3, 3, 3, 3, 3, 3, 6), (np.float64(0.4), np.float64(1.0), np.float64(1.0), np.float64(1.0), np.float64(1.0), np.float64(1.0), np.float64(1.0)), (3, 3, 3, 3, 3, 3, 3), 0, 1)"
1010,7,13,"(7, (0, 3, 4, 4, 5, 5, 5))","(7, (0, 3, 4, 4, 5, 5, 5), (np.float64(0.0), np.float64(0.8), np.float64(0.8), np.float64(0.8), np.float64(1.0), np.float64(1.0), np.float64(1.0)))","(7, (0, 3, 4, 4, 5, 5, 5), (np.float64(0.0), np.float64(0.8), np.float64(0.8), np.float64(0.8), np.float64(1.0), np.float64(1.0), np.float64(1.0)), (0, 3, 4, 4, 4, 4, 4), 0, 2)"
1011,7,13,"(7, (0, 4, 4, 4, 4, 5, 5))","(7, (0, 4, 4, 4, 4, 5, 5), (np.float64(0.0), np.float64(0.8), np.float64(0.8), np.float64(0.833333333333), np.float64(0.833333333333), np.float64(0.833333333333), np.float64(0.833333333333)))","(7, (0, 4, 4, 4, 4, 5, 5), (np.float64(0.0), np.float64(0.8), np.float64(0.8), np.float64(0.833333333333), np.float64(0.833333333333), np.float64(0.833333333333), np.float64(0.833333333333)), (0, 4, 4, 4, 4, 4, 4), 0, 2)"
1012,7,13,"(7, (1, 2, 4, 4, 5, 5, 5))","(7, (1, 2, 4, 4, 5, 5, 5), (np.float64(0.0), np.float64(0.6), np.float64(0.7), np.float64(0.7), np.float64(1.0), np.float64(1.0), np.float64(1.0)))","(7, (1, 2, 4, 4, 5, 5, 5), (np.float64(0.0), np.float64(0.6), np.float64(0.7), np.float64(0.7), np.float64(1.0), np.float64(1.0), np.float64(1.0)), (1, 2, 4, 4, 4, 4, 4), 1, 1)"
1013,7,13,"(7, (1, 2, 4, 4, 4, 5, 6))","(7, (1, 2, 4, 4, 4, 5, 6), (np.float64(0.0), np.float64(0.466666666667), np.float64(0.7), np.float64(1.0), np.float64(1.0), np.float64(1.0), np.float64(1.0)))","(7, (1, 2, 4, 4, 4, 5, 6), (np.float64(0.0), np.float64(0.466666666667), np.float64(0.7), np.float64(1.0), np.float64(1.0), np.float64(1.0), np.float64(1.0)), (1, 2, 4, 4, 4, 4, 4), 1, 1)"
1014,7,13,"(7, (1, 3, 3, 3, 5, 5, 6))","(7, (1, 3, 3, 3, 5, 5, 6), (np.float64(0.0), np.float64(0.466666666667), np.float64(0.7), np.float64(0.7), np.float64(1.0), np.float64(1.0), np.float64(1.0)))","(7, (1, 3, 3, 3, 5, 5, 6), (np.float64(0.0), np.float64(0.466666666667), np.float64(0.7), np.float64(0.7), np.float64(1.0), np.float64(1.0), np.float64(1.0)), (1, 3, 3, 3, 3, 3, 3), 1, 1)"
1015,7,13,"(7, (1, 3, 3, 4, 4, 5, 6))","(7, (1, 3, 3, 4, 4, 5, 6), (np.float64(0.0), np.float64(0.466666666667), np.float64(0.7), np.float64(0.833333333333), np.float64(0.833333333333), np.float64(1.0), np.float64(1.0)))","(7, (1, 3, 3, 4, 4, 5, 6), (np.float64(0.0), np.float64(0.466666666667), np.float64(0.7), np.float64(0.833333333333), np.float64(0.833333333333), np.float64(1.0), np.float64(1.0)), (1, 3, 3, 3, 3, 3, 3), 1, 1)"
1016,7,13,"(7, (1, 3, 3, 4, 5, 5, 5))","(7, (1, 3, 3, 4, 5, 5, 5), (np.float64(0.0), np.float64(0.5), np.float64(0.7), np.float64(0.7), np.float64(0.833333333333), np.float64(1.0), np.float64(1.0)))","(7, (1, 3, 3, 4, 5, 5, 5), (np.float64(0.0), np.float64(0.5), np.float64(0.7), np.float64(0.7), np.float64(0.833333333333), np.float64(1.0), np.float64(1.0)), (1, 3, 3, 3, 3, 3, 3), 1, 1)"
1017,7,13,"(7, (1, 3, 3, 4, 5, 5, 5))","(7, (1, 3, 3, 4, 5, 5, 5), (np.float64(0.0), np.float64(0.5), np.float64(0.7), np.float64(0.7), np.float64(0.7), np.float64(1.0), np.float64(1.0)))","(7, (1, 3, 3, 4, 5, 5, 5), (np.float64(0.0), np.float64(0.5), np.float64(0.7), np.float64(0.7), np.float64(0.7), np.float64(1.0), np.float64(1.0)), (1, 3, 3, 3, 3, 3, 3), 1, 1)"
1018,7,13,"(7, (1, 3, 4, 4, 4, 4, 6))","(7, (1, 3, 4, 4, 4, 4, 6), (np.float64(0.0), np.float64(0.466666666667), np.float64(0.666666666667), np.float64(0.666666666667), np.float64(0.666666666667), np.float64(0.833333333333), np.float64(0.833333333333)))","(7, (1, 3, 4, 4, 4, 4, 6), (np.float64(0.0), np.float64(0.466666666667), np.float64(0.666666666667), np.float64(0.666666666667), np.float64(0.666666666667), np.float64(0.833333333333), np.float64(0.833333333333)), (1, 3, 3, 3, 3, 3, 3), 1, 1)"
1019,7,13,"(7, (1, 3, 4, 4, 4, 5, 5))","(7, (1, 3, 4, 4, 4, 5, 5), (np.float64(0.0), np.float64(0.4), np.float64(0.666666666667), np.float64(0.666666666667), np.float64(0.7), np.float64(0.833333333333), np.float64(0.833333333333)))","(7, (1, 3, 4, 4, 4, 5, 5), (np.float64(0.0), np.float64(0.4), np.float64(0.666666666667), np.float64(0.666666666667), np.float64(0.7), np.float64(0.833333333333), np.float64(0.833333333333)), (1, 3, 3, 3, 3, 3, 3), 1, 1)"
1020,7,13,"(7, (1, 3, 4, 4, 4, 5, 5))","(7, (1, 3, 4, 4, 4, 5, 5), (np.float64(0.0), np.float64(0.5), np.float64(0.666666666667), np.float64(0.666666666667), np.float64(0.666666666667), np.float64(0.7), np.float64(0.833333333333)))","(7, (1, 3, 4, 4, 4, 5, 5), (np.float64(0.0), np.float64(0.5), np.float64(0.666666666667), np.float64(0.666666666667), np.float64(0.666666666667), np.float64(0.7), np.float64(0.833333333333)), (1, 3, 3, 3, 3, 3, 3), 1, 1)"
1021,7,13,"(7, (1, 3, 4, 4, 4, 5, 5))","(7, (1, 3, 4, 4, 4, 5, 5), (np.float64(0.0), np.float64(0.5), np.float64(0.7), np.float64(0.7), np.float64(0.833333333333), np.float64(0.833333333333), np.float64(1.0)))","(7, (1, 3, 4, 4, 4, 5, 5), (np.float64(0.0), np.float64(0.5), np.float64(0.7), np.float64(0.7), np.float64(0.833333333333), np.float64(0.833333333333), np.float64(1.0)), (1, 3, 3, 3, 3, 3, 3), 1, 1)"
1022,7,13,"(7, (1, 3, 4, 4, 4, 5, 5))","(7, (1, 3, 4, 4, 4, 5, 5), (np.float64(0.0), np.float64(0.333333333333), np.float64(0.7), np.float64(0.7), np.float64(1.0), np.float64(1.0), np.float64(1.0)))","(7, (1, 3, 4, 4, 4, 5, 5), (np.float64(0.0), np.float64(0.333333333333), np.float64(0.7), np.float64(0.7), np.float64(1.0), np.float64(1.0), np.float64(1.0)), (1, 2, 4, 4, 4, 4, 4), 1, 1)"
1023,7,13,"(7, (1, 4, 4, 4, 4, 4, 5))","(7, (1, 4, 4, 4, 4, 4, 5), (np.float64(0.0), np.float64(0.333333333333), np.float64(0.666666666667), np.float64(0.666666666667), np.float64(0.7), np.float64(0.833333333333), np.float64(0.833333333333)))","(7, (1, 4, 4, 4, 4, 4, 5), (np.float64(0.0), np.float64(0.333333333333), np.float64(0.666666666667), np.float64(0.666666666667), np.float64(0.7), np.float64(0.833333333333), np.float64(0.833333333333)), (1, 3, 3, 3, 3, 3, 3), 1, 1)"
1024,7,13,"(7, (1, 4, 4, 4, 4, 4, 5))","(7, (1, 4, 4, 4, 4, 4, 5), (np.float64(0.0), np.float64(0.4), np.float64(0.666666666667), np.float64(0.666666666667), np.float64(0.666666666667), np.float64(0.666666666667), np.float64(0.666666666667)))","(7, (1, 4, 4, 4, 4, 4, 5), (np.float64(0.0), np.float64(0.4), np.float64(0.666666666667), np.float64(0.666666666667), np.float64(0.666666666667), np.float64(0.666666666667), np.float64(0.666666666667)), (1, 4, 4, 4, 4, 4, 4), 1, 1)"
1025,7,13,"(7, (2, 2, 3, 3, 4, 6, 6))","(7, (2, 2, 3, 3, 4, 6, 6), (np.float64(0.466666666667), np.float64(0.466666666667), np.float64(0.833333333333), np.float64(1.0), np.float64(1.0), np.float64(1.0), np.float64(1.0)))","(7, (2, 2, 3, 3, 4, 6, 6), (np.float64(0.466666666667), np.float64(0.466666666667), np.float64(0.833333333333), np.float64(1.0), np.float64(1.0), np.float64(1.0), np.float64(1.0)), (2, 2, 3, 3, 3, 3, 3), 0, 1)"
1026,7,13,"(7, (2, 2, 3, 3, 5, 5, 6))","(7, (2, 2, 3, 3, 5, 5, 6), (np.float64(0.466666666667), np.float64(0.6), np.float64(0.6), np.float64(1.0), np.float64(1.0), np.float64(1.0), np.float64(1.0)))","(7, (2, 2, 3, 3, 5, 5, 6), (np.float64(0.466666666667), np.float64(0.6), np.float64(0.6), np.float64(1.0), np.float64(1.0), np.float64(1.0), np.float64(1.0)), (2, 2, 3, 3, 3, 3, 3), 0, 1)"
1027,7,13,"(7, (2, 2, 3, 4, 4, 5, 6))","(7, (2, 2, 3, 4, 4, 5, 6), (np.float64(0.466666666667), np.float64(0.6), np.float64(0.666666666667), np.float64(0.833333333333), np.float64(1.0), np.float64(1.0), np.float64(1.0)))","(7, (2, 2, 3, 4, 4, 5, 6), (np.float64(0.466666666667), np.float64(0.6), np.float64(0.666666666667), np.float64(0.833333333333), np.float64(1.0), np.float64(1.0), np.float64(1.0)), (2, 2, 3, 3, 3, 3, 3), 0, 1)"
1028,7,13,"(7, (2, 2, 3, 4, 4, 5, 6))","(7, (2, 2, 3, 4, 4, 5, 6), (np.float64(0.466666666667), np.float64(0.5), np.float64(0.833333333333), np.float64(0.833333333333), np.float64(1.0), np.float64(1.0), np.float64(1.0)))","(7, (2, 2, 3, 4, 4, 5, 6), (np.float64(0.466666666667), np.float64(0.5), np.float64(0.833333333333), np.float64(0.833333333333), np.float64(1.0), np.float64(1.0), np.float64(1.0)), (2, 2, 3, 3, 3, 3, 3), 0, 1)"
1029,7,13,"(7, (2, 2, 3, 4, 5, 5, 5))","(7, (2, 2, 3, 4, 5, 5, 5), (np.float64(0.5), np.float64(0.6), np.float64(0.6), np.float64(0.833333333333), np.float64(1.0), np.float64(1.0), np.float64(1.0)))","(7, (2, 2, 3, 4, 5, 5, 5), (np.float64(0.5), np.float64(0.6), np.float64(0.6), np.float64(0.833333333333), np.float64(1.0), np.float64(1.0), np.float64(1.0)), (2, 2, 3, 3, 3, 3, 3), 0, 1)"
1030,7,13,"(7, (2, 2, 3, 4, 5, 5, 5))","(7, (2, 2, 3, 4, 5, 5, 5), (np.float64(0.6), np.float64(0.6), np.float64(0.6), np.float64(0.666666666667), np.float64(1.0), np.float64(1.0), np.float64(1.0)))","(7, (2, 2, 3, 4, 5, 5, 5), (np.float64(0.6), np.float64(0.6), np.float64(0.6), np.float64(0.666666666667), np.float64(1.0), np.float64(1.0), np.float64(1.0)), (2, 2, 3, 3, 3, 3, 3), 0, 1)"
1031,7,13,"(7, (2, 2, 4, 4, 4, 4, 6))","(7, (2, 2, 4, 4, 4, 4, 6), (np.float64(0.466666666667), np.float64(0.666666666667), np.float64(0.666666666667), np.float64(0.833333333333), np.float64(0.833333333333), np.float64(1.0), np.float64(1.0)))","(7, (2, 2, 4, 4, 4, 4, 6), (np.float64(0.466666666667), np.float64(0.666666666667), np.float64(0.666666666667), np.float64(0.833333333333), np.float64(0.833333333333), np.float64(1.0), np.float64(1.0)), (2, 2, 3, 3, 3, 3, 3), 0, 1)"
1032,7,13,"(7, (2, 2, 4, 4, 4, 4, 6))","(7, (2, 2, 4, 4, 4, 4, 6), (np.float64(0.466666666667), np.float64(1.0), np.float64(1.0), np.float64(1.0), np.float64(1.0), np.float64(1.0), np.float64(1.0)))","(7, (2, 2, 4, 4, 4, 4, 6), (np.float64(0.466666666667), np.float64(1.0), np.float64(1.0), np.float64(1.0), np.float64(1.0), np.float64(1.0), np.float64(1.0)), (2, 2, 4, 4, 4, 4, 4), 0, 1)"
1033,7,13,"(7, (2, 2, 4, 4, 4, 5, 5))","(7, (2, 2, 4, 4, 4, 5, 5), (np.float64(0.6), np.float64(0.6), np.float64(0.666666666667), np.float64(0.666666666667), np.float64(0.833333333333), np.float64(1.0), np.float64(1.0)))","(7, (2, 2, 4, 4, 4, 5, 5), (np.float64(0.6), np.float64(0.6), np.float64(0.666666666667), np.float64(0.666666666667), np.float64(0.833333333333), np.float64(1.0), np.float64(1.0)), (2, 2, 3, 3, 3, 3, 3), 0, 1)"
1034,7,13,"(7, (2, 2, 4, 4, 4, 5, 5))","(7, (2, 2, 4, 4, 4, 5, 5), (np.float64(0.0), np.float64(0.4), np.float64(0.5), np.float64(0.6), np.float64(0.833333333333), np.float64(0.833333333333), np.float64(1.0)))","(7, (2, 2, 4, 4, 4, 5, 5), (np.float64(0.0), np.float64(0.4), np.float64(0.5), np.float64(0.6), np.float64(0.833333333333), np.float64(0.833333333333), np.float64(1.0)), (2, 2, 3, 3, 3, 3, 3), 0, 1)"
1035,7,13,"(7, (2, 2, 4, 4, 4, 5, 5))","(7, (2, 2, 4, 4, 4, 5, 5), (np.float64(0.0), np.float64(0.5), np.float64(0.5), np.float64(0.6), np.float64(0.6), np.float64(0.833333333333), np.float64(1.0)))","(7, (2, 2, 4, 4, 4, 5, 5), (np.float64(0.0), np.float64(0.5), np.float64(0.5), np.float64(0.6), np.float64(0.6), np.float64(0.833333333333), np.float64(1.0)), (2, 2, 3, 3, 3, 3, 3), 0, 1)"
1036,7,13,"(7, (2, 2, 4, 4, 4, 5, 5))","(7, (2, 2, 4, 4, 4, 5, 5), (np.float64(0.0), np.float64(0.0), np.float64(0.6), np.float64(0.6), np.float64(1.0), np.float64(1.0), np.float64(1.0)))","(7, (2, 2, 4, 4, 4, 5, 5), (np.float64(0.0), np.float64(0.0), np.float64(0.6), np.float64(0.6), np.float64(1.0), np.float64(1.0), np.float64(1.0)), (2, 2, 4, 4, 4, 4, 4), 0, 1)"
1037,7,13,"(7, (2, 2, 4, 4, 4, 5, 5))","(7, (2, 2, 4, 4, 4, 5, 5), (np.float64(0.0), np.float64(0.0), np.float64(0.3), np.float64(0.3), np.float64(0.833333333333), np.float64(0.833333333333), np.float64(0.833333333333)))","(7, (2, 2, 4, 4, 4, 5, 5), (np.float64(0.0), np.float64(0.0), np.float64(0.3), np.float64(0.3), np.float64(0.833333333333), np.float64(0.833333333333), np.float64(0.833333333333)), (2, 2, 3, 3, 3, 3, 3), 0, 1)"
1038,7,13,"(7, (2, 3, 3, 3, 3, 6, 6))","(7, (2, 3, 3, 3, 3, 6, 6), (np.float64(0.466666666667), np.float64(0.466666666667), np.float64(1.0), np.float64(1.0), np.float64(1.0), np.float64(1.0), np.float64(1.0)))","(7, (2, 3, 3, 3, 3, 6, 6), (np.float64(0.466666666667), np.float64(0.466666666667), np.float64(1.0), np.float64(1.0), np.float64(1.0), np.float64(1.0), np.float64(1.0)), (2, 3, 3, 3, 3, 3, 3), 0, 1)"
1039,7,13,"(7, (2, 3, 3, 3, 4, 5, 6))","(7, (2, 3, 3, 3, 4, 5, 6), (np.float64(0.466666666667), np.float64(0.5), np.float64(0.666666666667), np.float64(0.666666666667), np.float64(0.666666666667), np.float64(1.0), np.float64(1.0)))","(7, (2, 3, 3, 3, 4, 5, 6), (np.float64(0.466666666667), np.float64(0.5), np.float64(0.666666666667), np.float64(0.666666666667), np.float64(0.666666666667), np.float64(1.0), np.float64(1.0)), (2, 3, 3, 3, 3, 3, 3), 0, 1)"
1040,7,13,"(7, (2, 3, 3, 3, 4, 5, 6))","(7, (2, 3, 3, 3, 4, 5, 6), (np.float64(0.466666666667), np.float64(0.6), np.float64(0.666666666667), np.float64(1.0), np.float64(1.0), np.float64(1.0), np.float64(1.0)))","(7, (2, 3, 3, 3, 4, 5, 6), (np.float64(0.466666666667), np.float64(0.6), np.float64(0.666666666667), np.float64(1.0), np.float64(1.0), np.float64(1.0), np.float64(1.0)), (2, 3, 3, 3, 3, 3, 3), 0, 1)"
1041,7,13,"(7, (2, 3, 3, 3, 4, 5, 6))","(7, (2, 3, 3, 3, 4, 5, 6), (np.float64(0.466666666667), np.float64(0.6), np.float64(0.666666666667), np.float64(0.833333333333), np.float64(1.0), np.float64(1.0), np.float64(1.0)))","(7, (2, 3, 3, 3, 4, 5, 6), (np.float64(0.466666666667), np.float64(0.6), np.float64(0.666666666667), np.float64(0.833333333333), np.float64(1.0), np.float64(1.0), np.float64(1.0)), (2, 2, 3, 3, 3, 3, 3), 0, 1)"
1042,7,13,"(7, (2, 3, 3, 3, 4, 5, 6))","(7, (2, 3, 3, 3, 4, 5, 6), (np.float64(0.4), np.float64(0.466666666667), np.float64(0.5), np.float64(0.666666666667), np.float64(0.666666666667), np.float64(0.666666666667), np.float64(1.0)))","(7, (2, 3, 3, 3, 4, 5, 6), (np.float64(0.4), np.float64(0.466666666667), np.float64(0.5), np.float64(0.666666666667), np.float64(0.666666666667), np.float64(0.666666666667), np.float64(1.0)), (2, 3, 3, 3, 3, 3, 3), 0, 1)"
1043,7,13,"(7, (2, 3, 3, 3, 5, 5, 5))","(7, (2, 3, 3, 3, 5, 5, 5), (np.float64(0.5), np.float64(0.5), np.float64(0.6), np.float64(0.666666666667), np.float64(0.666666666667), np.float64(1.0), np.float64(1.0)))","(7, (2, 3, 3, 3, 5, 5, 5), (np.float64(0.5), np.float64(0.5), np.float64(0.6), np.float64(0.666666666667), np.float64(0.666666666667), np.float64(1.0), np.float64(1.0)), (2, 3, 3, 3, 3, 3, 3), 0, 1)"
1044,7,13,"(7, (2, 3, 3, 3, 5, 5, 5))","(7, (2, 3, 3, 3, 5, 5, 5), (np.float64(0.0), np.float64(0.333333333333), np.float64(0.5), np.float64(0.6), np.float64(0.6), np.float64(1.0), np.float64(1.0)))","(7, (2, 3, 3, 3, 5, 5, 5), (np.float64(0.0), np.float64(0.333333333333), np.float64(0.5), np.float64(0.6), np.float64(0.6), np.float64(1.0), np.float64(1.0)), (2, 2, 3, 3, 3, 3, 3), 0, 1)"
1045,7,13,"(7, (2, 3, 3, 3, 5, 5, 5))","(7, (2, 3, 3, 3, 5, 5, 5), (np.float64(0.0), np.float64(0.3), np.float64(0.3), np.float64(0.6), np.float64(0.666666666667), np.float64(0.666666666667), np.float64(0.666666666667)))","(7, (2, 3, 3, 3, 5, 5, 5), (np.float64(0.0), np.float64(0.3), np.float64(0.3), np.float64(0.6), np.float64(0.666666666667), np.float64(0.666666666667), np.float64(0.666666666667)), (2, 3, 3, 3, 3, 3, 3), 0, 1)"
1046,7,13,"(7, (2, 3, 3, 4, 4, 4, 6))","(7, (2, 3, 3, 4, 4, 4, 6), (np.float64(0.466666666667), np.float64(0.5), np.float64(0.666666666667), np.float64(0.666666666667), np.float64(0.666666666667), np.float64(1.0), np.float64(1.0)))","(7, (2, 3, 3, 4, 4, 4, 6), (np.float64(0.466666666667), np.float64(0.5), np.float64(0.666666666667), np.float64(0.666666666667), np.float64(0.666666666667), np.float64(1.0), np.float64(1.0)), (2, 3, 3, 3, 3, 3, 3), 0, 1)"
1047,7,13,"(7, (2, 3, 3, 4, 4, 4, 6))","(7, (2, 3, 3, 4, 4, 4, 6), (np.float64(0.466666666667), np.float64(0.666666666667), np.float64(0.666666666667), np.float64(0.833333333333), np.float64(0.833333333333), np.float64(1.0), np.float64(1.0)))","(7, (2, 3, 3, 4, 4, 4, 6), (np.float64(0.466666666667), np.float64(0.666666666667), np.float64(0.666666666667), np.float64(0.833333333333), np.float64(0.833333333333), np.float64(1.0), np.float64(1.0)), (2, 2, 3, 3, 3, 3, 3), 0, 1)"
1048,7,13,"(7, (2, 3, 3, 4, 4, 4, 6))","(7, (2, 3, 3, 4, 4, 4, 6), (np.float64(0.466666666667), np.float64(0.666666666667), np.float64(0.666666666667), np.float64(0.666666666667), np.float64(0.666666666667), np.float64(0.666666666667), np.float64(1.0)))","(7, (2, 3, 3, 4, 4, 4, 6), (np.float64(0.466666666667), np.float64(0.666666666667), np.float64(0.666666666667), np.float64(0.666666666667), np.float64(0.666666666667), np.float64(0.666666666667), np.float64(1.0)), (2, 3, 3, 3, 3, 3, 3), 0, 1)"
1049,7,13,"(7, (2, 3, 3, 4, 4, 4, 6))","(7, (2, 3, 3, 4, 4, 4, 6), (np.float64(0.466666666667), np.float64(0.5), np.float64(0.5), np.float64(0.5), np.float64(0.666666666667), np.float64(0.666666666667), np.float64(1.0)))","(7, (2, 3, 3, 4, 4, 4, 6), (np.float64(0.466666666667), np.float64(0.5), np.float64(0.5), np.float64(0.5), np.float64(0.666666666667), np.float64(0.666666666667), np.float64(1.0)), (2, 3, 3, 3, 3, 3, 3), 0, 1)"
1050,7,13,"(7, (2, 3, 3, 4, 4, 5, 5))","(7, (2, 3, 3, 4, 4, 5, 5), (np.float64(0.0), np.float64(0.333333333333), np.float64(0.5), np.float64(0.6), np.float64(0.666666666667), np.float64(0.833333333333), np.float64(1.0)))","(7, (2, 3, 3, 4, 4, 5, 5), (np.float64(0.0), np.float64(0.333333333333), np.float64(0.5), np.float64(0.6), np.float64(0.666666666667), np.float64(0.833333333333), np.float64(1.0)), (2, 2, 3, 3, 3, 3, 3), 0, 1)"
1051,7,13,"(7, (2, 3, 3, 4, 4, 5, 5))","(7, (2, 3, 3, 4, 4, 5, 5), (np.float64(0.5), np.float64(0.5), np.float64(0.6), np.float64(0.666666666667), np.float64(0.666666666667), np.float64(1.0), np.float64(1.0)))","(7, (2, 3, 3, 4, 4, 5, 5), (np.float64(0.5), np.float64(0.5), np.float64(0.6), np.float64(0.666666666667), np.float64(0.666666666667), np.float64(1.0), np.float64(1.0)), (2, 3, 3, 3, 3, 3, 3), 0, 1)"
1052,7,13,"(7, (2, 3, 3, 4, 4, 5, 5))","(7, (2, 3, 3, 4, 4, 5, 5), (np.float64(0.0), np.float64(0.333333333333), np.float64(0.4), np.float64(0.6), np.float64(0.666666666667), np.float64(0.666666666667), np.float64(1.0)))","(7, (2, 3, 3, 4, 4, 5, 5), (np.float64(0.0), np.float64(0.333333333333), np.float64(0.4), np.float64(0.6), np.float64(0.666666666667), np.float64(0.666666666667), np.float64(1.0)), (2, 3, 3, 3, 3, 3, 3), 0, 1)"
1053,7,13,"(7, (2, 3, 3, 4, 4, 5, 5))","(7, (2, 3, 3, 4, 4, 5, 5), (np.float64(0.4), np.float64(0.5), np.float64(0.5), np.float64(0.666666666667), np.float64(0.666666666667), np.float64(0.666666666667), np.float64(1.0)))","(7, (2, 3, 3, 4, 4, 5, 5), (np.float64(0.4), np.float64(0.5), np.float64(0.5), np.float64(0.666666666667), np.float64(0.666666666667), np.float64(0.666666666667), np.float64(1.0)), (2, 3, 3, 3, 3, 3, 3), 0, 1)"
1054,7,13,"(7, (2, 3, 3, 4, 4, 5, 5))","(7, (2, 3, 3, 4, 4, 5, 5), (np.float64(0.5), np.float64(0.6), np.float64(0.666666666667), np.float64(0.666666666667), np.float64(0.666666666667), np.float64(0.666666666667), np.float64(1.0)))","(7, (2, 3, 3, 4, 4, 5, 5), (np.float64(0.5), np.float64(0.6), np.float64(0.666666666667), np.float64(0.666666666667), np.float64(0.666666666667), np.float64(0.666666666667), np.float64(1.0)), (2, 3, 3, 3, 3, 3, 3), 0, 1)"
1055,7,13,"(7, (2, 3, 3, 4, 4, 5, 5))","(7, (2, 3, 3, 4, 4, 5, 5), (np.float64(0.0), np.float64(0.333333333333), np.float64(0.5), np.float64(0.6), np.float64(0.6), np.float64(0.833333333333), np.float64(1.0)))","(7, (2, 3, 3, 4, 4, 5, 5), (np.float64(0.0), np.float64(0.333333333333), np.float64(0.5), np.float64(0.6), np.float64(0.6), np.float64(0.833333333333), np.float64(1.0)), (2, 2, 3, 3, 3, 3, 3), 0, 1)"
1056,7,13,"(7, (2, 3, 3, 4, 4, 5, 5))","(7, (2, 3, 3, 4, 4, 5, 5), (np.float64(0.333333333333), np.float64(0.333333333333), np.float64(0.5), np.float64(0.5), np.float64(0.666666666667), np.float64(0.666666666667), np.float64(1.0)))","(7, (2, 3, 3, 4, 4, 5, 5), (np.float64(0.333333333333), np.float64(0.333333333333), np.float64(0.5), np.float64(0.5), np.float64(0.666666666667), np.float64(0.666666666667), np.float64(1.0)), (2, 3, 3, 3, 3, 3, 3), 0, 1)"
1057,7,13,"(7, (2, 3, 3, 4, 4, 5, 5))","(7, (2, 3, 3, 4, 4, 5, 5), (np.float64(0.4), np.float64(0.5), np.float64(0.5), np.float64(0.6), np.float64(0.666666666667), np.float64(0.666666666667), np.float64(1.0)))","(7, (2, 3, 3, 4, 4, 5, 5), (np.float64(0.4), np.float64(0.5), np.float64(0.5), np.float64(0.6), np.float64(0.666666666667), np.float64(0.666666666667), np.float64(1.0)), (2, 3, 3, 3, 3, 3, 3), 0, 1)"
1058,7,13,"(7, (2, 3, 3, 4, 4, 5, 5))","(7, (2, 3, 3, 4, 4, 5, 5), (np.float64(0.5), np.float64(0.6), np.float64(0.666666666667), np.float64(0.833333333333), np.float64(0.833333333333), np.float64(1.0), np.float64(1.0)))","(7, (2, 3, 3, 4, 4, 5, 5), (np.float64(0.5), np.float64(0.6), np.float64(0.666666666667), np.float64(0.833333333333), np.float64(0.833333333333), np.float64(1.0), np.float64(1.0)), (2, 2, 3, 3, 3, 3, 3), 0, 1)"
1059,7,13,"(7, (2, 3, 3, 4, 4, 5, 5))","(7, (2, 3, 3, 4, 4, 5, 5), (np.float64(0.0), np.float64(0.3), np.float64(0.3), np.float64(0.666666666667), np.float64(0.666666666667), np.float64(0.666666666667), np.float64(0.666666666667)))","(7, (2, 3, 3, 4, 4, 5, 5), (np.float64(0.0), np.float64(0.3), np.float64(0.3), np.float64(0.666666666667), np.float64(0.666666666667), np.float64(0.666666666667), np.float64(0.666666666667)), (2, 3, 3, 3, 3, 3, 3), 0, 1)"
1060,7,13,"(7, (2, 3, 3, 4, 4, 5, 5))","(7, (2, 3, 3, 4, 4, 5, 5), (np.float64(0.5), np.float64(0.5), np.float64(0.5), np.float64(0.5), np.float64(0.666666666667), np.float64(0.666666666667), np.float64(1.0)))","(7, (2, 3, 3, 4, 4, 5, 5), (np.float64(0.5), np.float64(0.5), np.float64(0.5), np.float64(0.5), np.float64(0.666666666667), np.float64(0.666666666667), np.float64(1.0)), (2, 3, 3, 3, 3, 3, 3), 0, 1)"
1061,7,13,"(7, (2, 3, 3, 4, 4, 5, 5))","(7, (2, 3, 3, 4, 4, 5, 5), (np.float64(0.0), np.float64(0.5), np.float64(0.5), np.float64(0.6), np.float64(0.6), np.float64(1.0), np.float64(1.0)))","(7, (2, 3, 3, 4, 4, 5, 5), (np.float64(0.0), np.float64(0.5), np.float64(0.5), np.float64(0.6), np.float64(0.6), np.float64(1.0), np.float64(1.0)), (2, 3, 3, 3, 3, 3, 3), 0, 1)"
1062,7,13,"(7, (2, 3, 3, 4, 4, 5, 5))","(7, (2, 3, 3, 4, 4, 5, 5), (np.float64(0.333333333333), np.float64(0.333333333333), np.float64(0.5), np.float64(0.5), np.float64(0.666666666667), np.float64(0.666666666667), np.float64(1.0)))","(7, (2, 3, 3, 4, 4, 5, 5), (np.float64(0.333333333333), np.float64(0.333333333333), np.float64(0.5), np.float64(0.5), np.float64(0.666666666667), np.float64(0.666666666667), np.float64(1.0)), (2, 3, 3, 3, 3, 3, 3), 0, 1)"
1063,7,13,"(7, (2, 3, 3, 4, 4, 5, 5))","(7, (2, 3, 3, 4, 4, 5, 5), (np.float64(0.6), np.float64(0.6), np.float64(0.666666666667), np.float64(0.666666666667), np.float64(1.0), np.float64(1.0), np.float64(1.0)))","(7, (2, 3, 3, 4, 4, 5, 5), (np.float64(0.6), np.float64(0.6), np.float64(0.666666666667), np.float64(0.666666666667), np.float64(1.0), np.float64(1.0), np.float64(1.0)), (2, 3, 3, 3, 3, 3, 3), 0, 1)"
1064,7,13,"(7, (2, 3, 4, 4, 4, 4, 5))","(7, (2, 3, 4, 4, 4, 4, 5), (np.float64(0.0), np.float64(0.333333333333), np.float64(0.5), np.float64(0.6), np.float64(0.666666666667), np.float64(0.666666666667), np.float64(0.666666666667)))","(7, (2, 3, 4, 4, 4, 4, 5), (np.float64(0.0), np.float64(0.333333333333), np.float64(0.5), np.float64(0.6), np.float64(0.666666666667), np.float64(0.666666666667), np.float64(0.666666666667)), (2, 3, 3, 3, 3, 3, 3), 0, 1)"
1065,7,13,"(7, (2, 3, 4, 4, 4, 4, 5))","(7, (2, 3, 4, 4, 4, 4, 5), (np.float64(0.4), np.float64(0.5), np.float64(0.5), np.float64(0.666666666667), np.float64(0.666666666667), np.float64(0.666666666667), np.float64(1.0)))","(7, (2, 3, 4, 4, 4, 4, 5), (np.float64(0.4), np.float64(0.5), np.float64(0.5), np.float64(0.666666666667), np.float64(0.666666666667), np.float64(0.666666666667), np.float64(1.0)), (2, 3, 3, 3, 3, 3, 3), 0, 1)"
1066,7,13,"(7, (2, 3, 4, 4, 4, 4, 5))","(7, (2, 3, 4, 4, 4, 4, 5), (np.float64(0.0), np.float64(0.166666666667), np.float64(0.333333333333), np.float64(0.4), np.float64(0.666666666667), np.float64(0.666666666667), np.float64(0.666666666667)))","(7, (2, 3, 4, 4, 4, 4, 5), (np.float64(0.0), np.float64(0.166666666667), np.float64(0.333333333333), np.float64(0.4), np.float64(0.666666666667), np.float64(0.666666666667), np.float64(0.666666666667)), (2, 3, 3, 3, 3, 3, 3), 0, 1)"
1067,7,13,"(7, (2, 3, 4, 4, 4, 4, 5))","(7, (2, 3, 4, 4, 4, 4, 5), (np.float64(0.0), np.float64(0.333333333333), np.float64(0.4), np.float64(0.5), np.float64(0.5), np.float64(0.666666666667), np.float64(0.666666666667)))","(7, (2, 3, 4, 4, 4, 4, 5), (np.float64(0.0), np.float64(0.333333333333), np.float64(0.4), np.float64(0.5), np.float64(0.5), np.float64(0.666666666667), np.float64(0.666666666667)), (2, 3, 3, 3, 3, 3, 3), 0, 1)"
1068,7,13,"(7, (2, 3, 4, 4, 4, 4, 5))","(7, (2, 3, 4, 4, 4, 4, 5), (np.float64(0.0), np.float64(0.333333333333), np.float64(0.5), np.float64(0.6), np.float64(0.666666666667), np.float64(0.833333333333), np.float64(0.833333333333)))","(7, (2, 3, 4, 4, 4, 4, 5), (np.float64(0.0), np.float64(0.333333333333), np.float64(0.5), np.float64(0.6), np.float64(0.666666666667), np.float64(0.833333333333), np.float64(0.833333333333)), (2, 2, 3, 3, 3, 3, 3), 0, 1)"
1069,7,13,"(7, (2, 3, 4, 4, 4, 4, 5))","(7, (2, 3, 4, 4, 4, 4, 5), (np.float64(0.5), np.float64(0.5), np.float64(0.5), np.float64(0.5), np.float64(0.666666666667), np.float64(0.666666666667), np.float64(1.0)))","(7, (2, 3, 4, 4, 4, 4, 5), (np.float64(0.5), np.float64(0.5), np.float64(0.5), np.float64(0.5), np.float64(0.666666666667), np.float64(0.666666666667), np.float64(1.0)), (2, 3, 3, 3, 3, 3, 3), 0, 1)"
1070,7,13,"(7, (2, 3, 4, 4, 4, 4, 5))","(7, (2, 3, 4, 4, 4, 4, 5), (np.float64(0.333333333333), np.float64(0.333333333333), np.float64(0.5), np.float64(0.666666666667), np.float64(0.666666666667), np.float64(0.666666666667), np.float64(1.0)))","(7, (2, 3, 4, 4, 4, 4, 5), (np.float64(0.333333333333), np.float64(0.333333333333), np.float64(0.5), np.float64(0.666666666667), np.float64(0.666666666667), np.float64(0.666666666667), np.float64(1.0)), (2, 3, 3, 3, 3, 3, 3), 0, 1)"
1071,7,13,"(7, (2, 3, 4, 4, 4, 4, 5))","(7, (2, 3, 4, 4, 4, 4, 5), (np.float64(0.5), np.float64(0.5), np.float64(0.6), np.float64(0.666666666667), np.float64(0.666666666667), np.float64(1.0), np.float64(1.0)))","(7, (2, 3, 4, 4, 4, 4, 5), (np.float64(0.5), np.float64(0.5), np.float64(0.6), np.float64(0.666666666667), np.float64(0.666666666667), np.float64(1.0), np.float64(1.0)), (2, 3, 3, 3, 3, 3, 3), 0, 1)"
1072,7,13,"(7, (2, 3, 4, 4, 4, 4, 5))","(7, (2, 3, 4, 4, 4, 4, 5), (np.float64(0.0), np.float64(0.333333333333), np.float64(0.333333333333), np.float64(0.5), np.float64(0.5), np.float64(0.6), np.float64(0.666666666667)))","(7, (2, 3, 4, 4, 4, 4, 5), (np.float64(0.0), np.float64(0.333333333333), np.float64(0.333333333333), np.float64(0.5), np.float64(0.5), np.float64(0.6), np.float64(0.666666666667)), (2, 3, 3, 3, 3, 3, 3), 0, 1)"
1073,7,13,"(7, (2, 3, 4, 4, 4, 4, 5))","(7, (2, 3, 4, 4, 4, 4, 5), (np.float64(0.0), np.float64(0.0), np.float64(0.5), np.float64(0.5), np.float64(0.5), np.float64(0.833333333333), np.float64(0.833333333333)))","(7, (2, 3, 4, 4, 4, 4, 5), (np.float64(0.0), np.float64(0.0), np.float64(0.5), np.float64(0.5), np.float64(0.5), np.float64(0.833333333333), np.float64(0.833333333333)), (2, 2, 3, 3, 3, 3, 3), 0, 1)"
1074,7,13,"(7, (2, 3, 4, 4, 4, 4, 5))","(7, (2, 3, 4, 4, 4, 4, 5), (np.float64(0.333333333333), np.float64(0.4), np.float64(0.5), np.float64(0.833333333333), np.float64(0.833333333333), np.float64(0.833333333333), np.float64(1.0)))","(7, (2, 3, 4, 4, 4, 4, 5), (np.float64(0.333333333333), np.float64(0.4), np.float64(0.5), np.float64(0.833333333333), np.float64(0.833333333333), np.float64(0.833333333333), np.float64(1.0)), (2, 2, 3, 3, 3, 3, 3), 0, 1)"
1075,7,13,"(7, (2, 4, 4, 4, 4, 4, 4))","(7, (2, 4, 4, 4, 4, 4, 4), (np.float64(0.0), np.float64(0.333333333333), np.float64(0.333333333333), np.float64(0.5), np.float64(0.5), np.float64(0.666666666667), np.float64(0.666666666667)))","(7, (2, 4, 4, 4, 4, 4, 4), (np.float64(0.0), np.float64(0.333333333333), np.float64(0.333333333333), np.float64(0.5), np.float64(0.5), np.float64(0.666666666667), np.float64(0.666666666667)), (2, 3, 3, 3, 3, 3, 3), 0, 1)"
1076,7,13,"(7, (2, 4, 4, 4, 4, 4, 4))","(7, (2, 4, 4, 4, 4, 4, 4), (np.float64(0.333333333333), np.float64(0.333333333333), np.float64(0.666666666667), np.float64(0.666666666667), np.float64(0.666666666667), np.float64(0.666666666667), np.float64(1.0)))","(7, (2, 4, 4, 4, 4, 4, 4), (np.float64(0.333333333333), np.float64(0.333333333333), np.float64(0.666666666667), np.float64(0.666666666667), np.float64(0.666666666667), np.float64(0.666666666667), np.float64(1.0)), (2, 3, 3, 3, 3, 3, 3), 0, 1)"
1077,7,13,"(7, (3, 3, 3, 3, 3, 5, 6))","(7, (3, 3, 3, 3, 3, 5, 6), (np.float64(0.466666666667), np.float64(0.5), np.float64(0.666666666667), np.float64(0.666666666667), np.float64(0.666666666667), np.float64(1.0), np.float64(1.0)))","(7, (3, 3, 3, 3, 3, 5, 6), (np.float64(0.466666666667), np.float64(0.5), np.float64(0.666666666667), np.float64(0.666666666667), np.float64(0.666666666667), np.float64(1.0), np.float64(1.0)), (3, 3, 3, 3, 3, 3, 3), 0, 1)"
1078,7,13,"(7, (3, 3, 3, 3, 4, 4, 6))","(7, (3, 3, 3, 3, 4, 4, 6), (np.float64(0.466666666667), np.float64(0.666666666667), np.float64(0.666666666667), np.float64(0.666666666667), np.float64(0.666666666667), np.float64(0.666666666667), np.float64(1.0)))","(7, (3, 3, 3, 3, 4, 4, 6), (np.float64(0.466666666667), np.float64(0.666666666667), np.float64(0.666666666667), np.float64(0.666666666667), np.float64(0.666666666667), np.float64(0.666666666667), np.float64(1.0)), (3, 3, 3, 3, 3, 3, 3), 0, 1)"
1079,7,13,"(7, (3, 3, 3, 3, 4, 4, 6))","(7, (3, 3, 3, 3, 4, 4, 6), (np.float64(0.466666666667), np.float64(0.5), np.float64(0.5), np.float64(0.666666666667), np.float64(0.666666666667), np.float64(0.666666666667), np.float64(0.666666666667)))","(7, (3, 3, 3, 3, 4, 4, 6), (np.float64(0.466666666667), np.float64(0.5), np.float64(0.5), np.float64(0.666666666667), np.float64(0.666666666667), np.float64(0.666666666667), np.float64(0.666666666667)), (3, 3, 3, 3, 3, 3, 3), 0, 1)"
1080,7,13,"(7, (3, 3, 3, 3, 4, 4, 6))","(7, (3, 3, 3, 3, 4, 4, 6), (np.float64(0.466666666667), np.float64(0.5), np.float64(0.5), np.float64(0.666666666667), np.float64(0.666666666667), np.float64(0.666666666667), np.float64(0.666666666667)))","(7, (3, 3, 3, 3, 4, 4, 6), (np.float64(0.466666666667), np.float64(0.5), np.float64(0.5), np.float64(0.666666666667), np.float64(0.666666666667), np.float64(0.666666666667), np.float64(0.666666666667)), (3, 3, 3, 3, 3, 3, 3), 0, 1)"
1081,7,13,"(7, (3, 3, 3, 3, 4, 4, 6))","(7, (3, 3, 3, 3, 4, 4, 6), (np.float64(0.466666666667), np.float64(0.666666666667), np.float64(0.666666666667), np.float64(1.0), np.float64(1.0), np.float64(1.0), np.float64(1.0)))","(7, (3, 3, 3, 3, 4, 4, 6), (np.float64(0.466666666667), np.float64(0.666666666667), np.float64(0.666666666667), np.float64(1.0), np.float64(1.0), np.float64(1.0), np.float64(1.0)), (3, 3, 3, 3, 3, 3, 3), 0, 1)"
1082,7,13,"(7, (3, 3, 3, 3, 4, 5, 5))","(7, (3, 3, 3, 3, 4, 5, 5), (np.float64(0.333333333333), np.float64(0.333333333333), np.float64(0.5), np.float64(0.5), np.float64(0.666666666667), np.float64(0.666666666667), np.float64(1.0)))","(7, (3, 3, 3, 3, 4, 5, 5), (np.float64(0.333333333333), np.float64(0.333333333333), np.float64(0.5), np.float64(0.5), np.float64(0.666666666667), np.float64(0.666666666667), np.float64(1.0)), (3, 3, 3, 3, 3, 3, 3), 0, 1)"
1083,7,13,"(7, (3, 3, 3, 3, 4, 5, 5))","(7, (3, 3, 3, 3, 4, 5, 5), (np.float64(0.5), np.float64(0.5), np.float64(0.5), np.float64(0.666666666667), np.float64(0.666666666667), np.float64(0.666666666667), np.float64(0.666666666667)))","(7, (3, 3, 3, 3, 4, 5, 5), (np.float64(0.5), np.float64(0.5), np.float64(0.5), np.float64(0.666666666667), np.float64(0.666666666667), np.float64(0.666666666667), np.float64(0.666666666667)), (3, 3, 3, 3, 3, 3, 3), 0, 1)"
1084,7,13,"(7, (3, 3, 3, 3, 4, 5, 5))","(7, (3, 3, 3, 3, 4, 5, 5), (np.float64(0.333333333333), np.float64(0.333333333333), np.float64(0.4), np.float64(0.5), np.float64(0.666666666667), np.float64(0.666666666667), np.float64(0.666666666667)))","(7, (3, 3, 3, 3, 4, 5, 5), (np.float64(0.333333333333), np.float64(0.333333333333), np.float64(0.4), np.float64(0.5), np.float64(0.666666666667), np.float64(0.666666666667), np.float64(0.666666666667)), (3, 3, 3, 3, 3, 3, 3), 0, 1)"
1085,7,13,"(7, (3, 3, 3, 3, 4, 5, 5))","(7, (3, 3, 3, 3, 4, 5, 5), (np.float64(0.0), np.float64(0.333333333333), np.float64(0.333333333333), np.float64(0.5), np.float64(0.5), np.float64(0.5), np.float64(1.0)))","(7, (3, 3, 3, 3, 4, 5, 5), (np.float64(0.0), np.float64(0.333333333333), np.float64(0.333333333333), np.float64(0.5), np.float64(0.5), np.float64(0.5), np.float64(1.0)), (3, 3, 3, 3, 3, 3, 3), 0, 1)"
1086,7,13,"(7, (3, 3, 3, 3, 4, 5, 5))","(7, (3, 3, 3, 3, 4, 5, 5), (np.float64(0.5), np.float64(0.5), np.float64(0.666666666667), np.float64(0.666666666667), np.float64(0.666666666667), np.float64(1.0), np.float64(1.0)))","(7, (3, 3, 3, 3, 4, 5, 5), (np.float64(0.5), np.float64(0.5), np.float64(0.666666666667), np.float64(0.666666666667), np.float64(0.666666666667), np.float64(1.0), np.float64(1.0)), (3, 3, 3, 3, 3, 3, 3), 0, 1)"
1087,7,13,"(7, (3, 3, 3, 3, 4, 5, 5))","(7, (3, 3, 3, 3, 4, 5, 5), (np.float64(0.3), np.float64(0.3), np.float64(0.666666666667), np.float64(0.666666666667), np.float64(0.666666666667), np.float64(0.666666666667), np.float64(0.666666666667)))","(7, (3, 3, 3, 3, 4, 5, 5), (np.float64(0.3), np.float64(0.3), np.float64(0.666666666667), np.float64(0.666666666667), np.float64(0.666666666667), np.float64(0.666666666667), np.float64(0.666666666667)), (3, 3, 3, 3, 3, 3, 3), 0, 1)"
1088,7,13,"(7, (3, 3, 3, 3, 4, 5, 5))","(7, (3, 3, 3, 3, 4, 5, 5), (np.float64(0.0), np.float64(0.333333333333), np.float64(0.333333333333), np.float64(0.333333333333), np.float64(0.333333333333), np.float64(0.4), np.float64(0.4)))","(7, (3, 3, 3, 3, 4, 5, 5), (np.float64(0.0), np.float64(0.333333333333), np.float64(0.333333333333), np.float64(0.333333333333), np.float64(0.333333333333), np.float64(0.4), np.float64(0.4)), (3, 3, 3, 3, 3, 3, 3), 0, 1)"
1089,7,13,"(7, (3, 3, 3, 4, 4, 4, 5))","(7, (3, 3, 3, 4, 4, 4, 5), (np.float64(0.333333333333), np.float64(0.333333333333), np.float64(0.4), np.float64(0.5), np.float64(0.666666666667), np.float64(0.666666666667), np.float64(0.666666666667)))","(7, (3, 3, 3, 4, 4, 4, 5), (np.float64(0.333333333333), np.float64(0.333333333333), np.float64(0.4), np.float64(0.5), np.float64(0.666666666667), np.float64(0.666666666667), np.float64(0.666666666667)), (3, 3, 3, 3, 3, 3, 3), 0, 1)"
1090,7,13,"(7, (3, 3, 3, 4, 4, 4, 5))","(7, (3, 3, 3, 4, 4, 4, 5), (np.float64(0.333333333333), np.float64(0.333333333333), np.float64(0.5), np.float64(0.5), np.float64(0.5), np.float64(0.5), np.float64(0.666666666667)))","(7, (3, 3, 3, 4, 4, 4, 5), (np.float64(0.333333333333), np.float64(0.333333333333), np.float64(0.5), np.float64(0.5), np.float64(0.5), np.float64(0.5), np.float64(0.666666666667)), (3, 3, 3, 3, 3, 3, 3), 0, 1)"
1091,7,13,"(7, (3, 3, 3, 4, 4, 4, 5))","(7, (3, 3, 3, 4, 4, 4, 5), (np.float64(0.333333333333), np.float64(0.5), np.float64(0.5), np.float64(0.5), np.float64(0.666666666667), np.float64(0.666666666667), np.float64(1.0)))","(7, (3, 3, 3, 4, 4, 4, 5), (np.float64(0.333333333333), np.float64(0.5), np.float64(0.5), np.float64(0.5), np.float64(0.666666666667), np.float64(0.666666666667), np.float64(1.0)), (3, 3, 3, 3, 3, 3, 3), 0, 1)"
1092,7,13,"(7, (3, 3, 3, 4, 4, 4, 5))","(7, (3, 3, 3, 4, 4, 4, 5), (np.float64(0.166666666667), np.float64(0.333333333333), np.float64(0.333333333333), np.float64(0.4), np.float64(0.5), np.float64(0.5), np.float64(0.666666666667)))","(7, (3, 3, 3, 4, 4, 4, 5), (np.float64(0.166666666667), np.float64(0.333333333333), np.float64(0.333333333333), np.float64(0.4), np.float64(0.5), np.float64(0.5), np.float64(0.666666666667)), (3, 3, 3, 3, 3, 3, 3), 0, 1)"
1093,7,13,"(7, (3, 3, 3, 4, 4, 4, 5))","(7, (3, 3, 3, 4, 4, 4, 5), (np.float64(0.333333333333), np.float64(0.4), np.float64(0.5), np.float64(0.5), np.float64(0.666666666667), np.float64(0.666666666667), np.float64(0.666666666667)))","(7, (3, 3, 3, 4, 4, 4, 5), (np.float64(0.333333333333), np.float64(0.4), np.float64(0.5), np.float64(0.5), np.float64(0.666666666667), np.float64(0.666666666667), np.float64(0.666666666667)), (3, 3, 3, 3, 3, 3, 3), 0, 1)"
1094,7,13,"(7, (3, 3, 3, 4, 4, 4, 5))","(7, (3, 3, 3, 4, 4, 4, 5), (np.float64(0.0), np.float64(0.333333333333), np.float64(0.333333333333), np.float64(0.333333333333), np.float64(0.5), np.float64(0.5), np.float64(0.666666666667)))","(7, (3, 3, 3, 4, 4, 4, 5), (np.float64(0.0), np.float64(0.333333333333), np.float64(0.333333333333), np.float64(0.333333333333), np.float64(0.5), np.float64(0.5), np.float64(0.666666666667)), (3, 3, 3, 3, 3, 3, 3), 0, 1)"
1095,7,13,"(7, (3, 3, 3, 4, 4, 4, 5))","(7, (3, 3, 3, 4, 4, 4, 5), (np.float64(0.333333333333), np.float64(0.333333333333), np.float64(0.5), np.float64(0.5), np.float64(0.5), np.float64(0.666666666667), np.float64(0.666666666667)))","(7, (3, 3, 3, 4, 4, 4, 5), (np.float64(0.333333333333), np.float64(0.333333333333), np.float64(0.5), np.float64(0.5), np.float64(0.5), np.float64(0.666666666667), np.float64(0.666666666667)), (3, 3, 3, 3, 3, 3, 3), 0, 1)"
1096,7,13,"(7, (3, 3, 3, 4, 4, 4, 5))","(7, (3, 3, 3, 4, 4, 4, 5), (np.float64(0.0), np.float64(0.333333333333), np.float64(0.333333333333), np.float64(0.5), np.float64(0.5), np.float64(0.666666666667), np.float64(0.666666666667)))","(7, (3, 3, 3, 4, 4, 4, 5), (np.float64(0.0), np.float64(0.333333333333), np.float64(0.333333333333), np.float64(0.5), np.float64(0.5), np.float64(0.666666666667), np.float64(0.666666666667)), (3, 3, 3, 3, 3, 3, 3), 0, 1)"
1097,7,13,"(7, (3, 3, 3, 4, 4, 4, 5))","(7, (3, 3, 3, 4, 4, 4, 5), (np.float64(0.5), np.float64(0.5), np.float64(0.5), np.float64(0.666666666667), np.float64(0.666666666667), np.float64(0.666666666667), np.float64(0.666666666667)))","(7, (3, 3, 3, 4, 4, 4, 5), (np.float64(0.5), np.float64(0.5), np.float64(0.5), np.float64(0.666666666667), np.float64(0.666666666667), np.float64(0.666666666667), np.float64(0.666666666667)), (3, 3, 3, 3, 3, 3, 3), 0, 1)"
1098,7,13,"(7, (3, 3, 3, 4, 4, 4, 5))","(7, (3, 3, 3, 4, 4, 4, 5), (np.float64(0.333333333333), np.float64(0.333333333333), np.float64(0.5), np.float64(0.666666666667), np.float64(0.666666666667), np.float64(0.666666666667), np.float64(0.666666666667)))","(7, (3, 3, 3, 4, 4, 4, 5), (np.float64(0.333333333333), np.float64(0.333333333333), np.float64(0.5), np.float64(0.666666666667), np.float64(0.666666666667), np.float64(0.666666666667), np.float64(0.666666666667)), (3, 3, 3, 3, 3, 3, 3), 0, 1)"
1099,7,13,"(7, (3, 3, 3, 4, 4, 4, 5))","(7, (3, 3, 3, 4, 4, 4, 5), (np.float64(0.333333333333), np.float64(0.4), np.float64(0.666666666667), np.float64(0.666666666667), np.float64(0.666666666667), np.float64(0.666666666667), np.float64(1.0)))","(7, (3, 3, 3, 4, 4, 4, 5), (np.float64(0.333333333333), np.float64(0.4), np.float64(0.666666666667), np.float64(0.666666666667), np.float64(0.666666666667), np.float64(0.666666666667), np.float64(1.0)), (3, 3, 3, 3, 3, 3, 3), 0, 1)"
1100,7,13,"(7, (3, 3, 4, 4, 4, 4, 4))","(7, (3, 3, 4, 4, 4, 4, 4), (np.float64(0.333333333333), np.float64(0.333333333333), np.float64(0.333333333333), np.float64(0.333333333333), np.float64(0.5), np.float64(0.5), np.float64(0.5)))","(7, (3, 3, 4, 4, 4, 4, 4), (np.float64(0.333333333333), np.float64(0.333333333333), np.float64(0.333333333333), np.float64(0.333333333333), np.float64(0.5), np.float64(0.5), np.float64(0.5)), (3, 3, 3, 3, 3, 3, 3), 0, 1)"
1101,7,13,"(7, (3, 3, 4, 4, 4, 4, 4))","(7, (3, 3, 4, 4, 4, 4, 4), (np.float64(0.333333333333), np.float64(0.5), np.float64(0.5), np.float64(0.5), np.float64(0.5), np.float64(0.666666666667), np.float64(0.666666666667)))","(7, (3, 3, 4, 4, 4, 4, 4), (np.float64(0.333333333333), np.float64(0.5), np.float64(0.5), np.float64(0.5), np.float64(0.5), np.float64(0.666666666667), np.float64(0.666666666667)), (3, 3, 3, 3, 3, 3, 3), 0, 1)"
1102,7,13,"(7, (3, 3, 4, 4, 4, 4, 4))","(7, (3, 3, 4, 4, 4, 4, 4), (np.float64(0.333333333333), np.float64(0.333333333333), np.float64(0.333333333333), np.float64(0.333333333333), np.float64(0.5), np.float64(0.5), np.float64(0.666666666667)))","(7, (3, 3, 4, 4, 4, 4, 4), (np.float64(0.333333333333), np.float64(0.333333333333), np.float64(0.333333333333), np.float64(0.333333333333), np.float64(0.5), np.float64(0.5), np.float64(0.666666666667)), (3, 3, 3, 3, 3, 3, 3), 0, 1)"
1103,7,13,"(7, (3, 3, 4, 4, 4, 4, 4))","(7, (3, 3, 4, 4, 4, 4, 4), (np.float64(0.333333333333), np.float64(0.333333333333), np.float64(0.333333333333), np.float64(0.5), np.float64(0.5), np.float64(0.666666666667), np.float64(0.666666666667)))","(7, (3, 3, 4, 4, 4, 4, 4), (np.float64(0.333333333333), np.float64(0.333333333333), np.float64(0.333333333333), np.float64(0.5), np.float64(0.5), np.float64(0.666666666667), np.float64(0.666666666667)), (3, 3, 3, 3, 3, 3, 3), 0, 1)"
1104,7,13,"(7, (3, 3, 4, 4, 4, 4, 4))","(7, (3, 3, 4, 4, 4, 4, 4), (np.float64(0.333333333333), np.float64(0.333333333333), np.float64(0.5), np.float64(0.5), np.float64(0.5), np.float64(0.5), np.float64(0.666666666667)))","(7, (3, 3, 4, 4, 4, 4, 4), (np.float64(0.333333333333), np.float64(0.333333333333), np.float64(0.5), np.float64(0.5), np.float64(0.5), np.float64(0.5), np.float64(0.666666666667)), (3, 3, 3, 3, 3, 3, 3), 0, 1)"
1105,7,13,"(7, (3, 3, 4, 4, 4, 4, 4))","(7, (3, 3, 4, 4, 4, 4, 4), (np.float64(0.0), np.float64(0.0), np.float64(0.333333333333), np.float64(0.333333333333), np.float64(0.333333333333), np.float64(0.333333333333), np.float64(0.666666666667)))","(7, (3, 3, 4, 4, 4, 4, 4), (np.float64(0.0), np.float64(0.0), np.float64(0.333333333333), np.float64(0.333333333333), np.float64(0.333333333333), np.float64(0.333333333333), np.float64(0.666666666667)), (3, 3, 3, 3, 3, 3, 3), 0, 1)"
1106,7,13,"(7, (3, 3, 4, 4, 4, 4, 4))","(7, (3, 3, 4, 4, 4, 4, 4), (np.float64(0.0), np.float64(0.0), np.float64(0.166666666667), np.float64(0.166666666667), np.float64(0.166666666667), np.float64(0.5), np.float64(0.5)))","(7, (3, 3, 4, 4, 4, 4, 4), (np.float64(0.0), np.float64(0.0), np.float64(0.166666666667), np.float64(0.166666666667), np.float64(0.166666666667), np.float64(0.5), np.float64(0.5)), (3, 3, 3, 3, 3, 3, 3), 0, 1)"
1107,7,14,"(7, (0, 4, 4, 5, 5, 5, 5))","(7, (0, 4, 4, 5, 5, 5, 5), (np.float64(0.0), np.float64(0.9), np.float64(0.9), np.float64(0.9), np.float64(0.9), np.float64(1.0), np.float64(1.0)))","(7, (0, 4, 4, 5, 5, 5, 5), (np.float64(0.0), np.float64(0.9), np.float64(0.9), np.float64(0.9), np.float64(0.9), np.float64(1.0), np.float64(1.0)), (0, 4, 4, 4, 4, 4, 4), 0, 2)"
1108,7,14,"(7, (1, 3, 4, 4, 5, 5, 6))","(7, (1, 3, 4, 4, 5, 5, 6), (np.float64(0.0), np.float64(0.533333333333), np.float64(0.8), np.float64(0.8), np.float64(1.0), np.float64(1.0), np.float64(1.0)))","(7, (1, 3, 4, 4, 5, 5, 6), (np.float64(0.0), np.float64(0.533333333333), np.float64(0.8), np.float64(0.8), np.float64(1.0), np.float64(1.0), np.float64(1.0)), (1, 3, 4, 4, 4, 4, 4), 1, 1)"
1109,7,14,"(7, (1, 3, 4, 5, 5, 5, 5))","(7, (1, 3, 4, 5, 5, 5, 5), (np.float64(0.0), np.float64(0.6), np.float64(0.8), np.float64(0.8), np.float64(0.8), np.float64(1.0), np.float64(1.0)))","(7, (1, 3, 4, 5, 5, 5, 5), (np.float64(0.0), np.float64(0.6), np.float64(0.8), np.float64(0.8), np.float64(0.8), np.float64(1.0), np.float64(1.0)), (1, 3, 4, 4, 4, 4, 4), 1, 1)"
1110,7,14,"(7, (1, 4, 4, 4, 4, 5, 6))","(7, (1, 4, 4, 4, 4, 5, 6), (np.float64(0.0), np.float64(0.533333333333), np.float64(0.8), np.float64(0.833333333333), np.float64(0.833333333333), np.float64(0.833333333333), np.float64(0.833333333333)))","(7, (1, 4, 4, 4, 4, 5, 6), (np.float64(0.0), np.float64(0.533333333333), np.float64(0.8), np.float64(0.833333333333), np.float64(0.833333333333), np.float64(0.833333333333), np.float64(0.833333333333)), (1, 4, 4, 4, 4, 4, 4), 1, 1)"
1111,7,14,"(7, (1, 4, 4, 4, 5, 5, 5))","(7, (1, 4, 4, 4, 5, 5, 5), (np.float64(0.0), np.float64(0.5), np.float64(0.8), np.float64(0.8), np.float64(0.833333333333), np.float64(0.833333333333), np.float64(0.833333333333)))","(7, (1, 4, 4, 4, 5, 5, 5), (np.float64(0.0), np.float64(0.5), np.float64(0.8), np.float64(0.8), np.float64(0.833333333333), np.float64(0.833333333333), np.float64(0.833333333333)), (1, 4, 4, 4, 4, 4, 4), 1, 1)"
1112,7,14,"(7, (1, 4, 4, 4, 5, 5, 5))","(7, (1, 4, 4, 4, 5, 5, 5), (np.float64(0.0), np.float64(0.5), np.float64(0.8), np.float64(0.8), np.float64(0.8), np.float64(1.0), np.float64(1.0)))","(7, (1, 4, 4, 4, 5, 5, 5), (np.float64(0.0), np.float64(0.5), np.float64(0.8), np.float64(0.8), np.float64(0.8), np.float64(1.0), np.float64(1.0)), (1, 3, 4, 4, 4, 4, 4), 1, 1)"
1113,7,14,"(7, (2, 2, 4, 4, 4, 6, 6))","(7, (2, 2, 4, 4, 4, 6, 6), (np.float64(0.533333333333), np.float64(0.533333333333), np.float64(1.0), np.float64(1.0), np.float64(1.0), np.float64(1.0), np.float64(1.0)))","(7, (2, 2, 4, 4, 4, 6, 6), (np.float64(0.533333333333), np.float64(0.533333333333), np.float64(1.0), np.float64(1.0), np.float64(1.0), np.float64(1.0), np.float64(1.0)), (2, 2, 4, 4, 4, 4, 4), 0, 1)"
1114,7,14,"(7, (2, 2, 4, 4, 5, 5, 6))","(7, (2, 2, 4, 4, 5, 5, 6), (np.float64(0.533333333333), np.float64(0.7), np.float64(0.7), np.float64(1.0), np.float64(1.0), np.float64(1.0), np.float64(1.0)))","(7, (2, 2, 4, 4, 5, 5, 6), (np.float64(0.533333333333), np.float64(0.7), np.float64(0.7), np.float64(1.0), np.float64(1.0), np.float64(1.0), np.float64(1.0)), (2, 2, 4, 4, 4, 4, 4), 0, 1)"
1115,7,14,"(7, (2, 2, 4, 5, 5, 5, 5))","(7, (2, 2, 4, 5, 5, 5, 5), (np.float64(0.7), np.float64(0.7), np.float64(0.7), np.float64(0.7), np.float64(1.0), np.float64(1.0), np.float64(1.0)))","(7, (2, 2, 4, 5, 5, 5, 5), (np.float64(0.7), np.float64(0.7), np.float64(0.7), np.float64(0.7), np.float64(1.0), np.float64(1.0), np.float64(1.0)), (2, 2, 4, 4, 4, 4, 4), 0, 1)"
1116,7,14,"(7, (2, 3, 3, 3, 5, 6, 6))","(7, (2, 3, 3, 3, 5, 6, 6), (np.float64(0.533333333333), np.float64(0.533333333333), np.float64(0.7), np.float64(1.0), np.float64(1.0), np.float64(1.0), np.float64(1.0)))","(7, (2, 3, 3, 3, 5, 6, 6), (np.float64(0.533333333333), np.float64(0.533333333333), np.float64(0.7), np.float64(1.0), np.float64(1.0), np.float64(1.0), np.float64(1.0)), (2, 3, 3, 3, 3, 3, 3), 0, 1)"
1117,7,14,"(7, (2, 3, 3, 4, 4, 6, 6))","(7, (2, 3, 3, 4, 4, 6, 6), (np.float64(0.533333333333), np.float64(0.533333333333), np.float64(0.833333333333), np.float64(0.833333333333), np.float64(1.0), np.float64(1.0), np.float64(1.0)))","(7, (2, 3, 3, 4, 4, 6, 6), (np.float64(0.533333333333), np.float64(0.533333333333), np.float64(0.833333333333), np.float64(0.833333333333), np.float64(1.0), np.float64(1.0), np.float64(1.0)), (2, 3, 3, 3, 3, 3, 3), 0, 1)"
1118,7,14,"(7, (2, 3, 3, 4, 5, 5, 6))","(7, (2, 3, 3, 4, 5, 5, 6), (np.float64(0.533333333333), np.float64(0.6), np.float64(0.7), np.float64(0.833333333333), np.float64(1.0), np.float64(1.0), np.float64(1.0)))","(7, (2, 3, 3, 4, 5, 5, 6), (np.float64(0.533333333333), np.float64(0.6), np.float64(0.7), np.float64(0.833333333333), np.float64(1.0), np.float64(1.0), np.float64(1.0)), (2, 3, 3, 3, 3, 3, 3), 0, 1)"
1119,7,14,"(7, (2, 3, 3, 4, 5, 5, 6))","(7, (2, 3, 3, 4, 5, 5, 6), (np.float64(0.533333333333), np.float64(0.666666666667), np.float64(0.7), np.float64(0.7), np.float64(1.0), np.float64(1.0), np.float64(1.0)))","(7, (2, 3, 3, 4, 5, 5, 6), (np.float64(0.533333333333), np.float64(0.666666666667), np.float64(0.7), np.float64(0.7), np.float64(1.0), np.float64(1.0), np.float64(1.0)), (2, 3, 3, 3, 3, 3, 3), 0, 1)"
1120,7,14,"(7, (2, 3, 3, 5, 5, 5, 5))","(7, (2, 3, 3, 5, 5, 5, 5), (np.float64(0.6), np.float64(0.6), np.float64(0.7), np.float64(0.7), np.float64(1.0), np.float64(1.0), np.float64(1.0)))","(7, (2, 3, 3, 5, 5, 5, 5), (np.float64(0.6), np.float64(0.6), np.float64(0.7), np.float64(0.7), np.float64(1.0), np.float64(1.0), np.float64(1.0)), (2, 3, 3, 3, 3, 3, 3), 0, 1)"
1121,7,14,"(7, (2, 3, 4, 4, 4, 5, 6))","(7, (2, 3, 4, 4, 4, 5, 6), (np.float64(0.533333333333), np.float64(0.666666666667), np.float64(0.7), np.float64(0.833333333333), np.float64(0.833333333333), np.float64(1.0), np.float64(1.0)))","(7, (2, 3, 4, 4, 4, 5, 6), (np.float64(0.533333333333), np.float64(0.666666666667), np.float64(0.7), np.float64(0.833333333333), np.float64(0.833333333333), np.float64(1.0), np.float64(1.0)), (2, 3, 3, 3, 3, 3, 3), 0, 1)"
1122,7,14,"(7, (2, 3, 4, 4, 4, 5, 6))","(7, (2, 3, 4, 4, 4, 5, 6), (np.float64(0.5), np.float64(0.533333333333), np.float64(0.666666666667), np.float64(0.666666666667), np.float64(0.833333333333), np.float64(0.833333333333), np.float64(1.0)))","(7, (2, 3, 4, 4, 4, 5, 6), (np.float64(0.5), np.float64(0.533333333333), np.float64(0.666666666667), np.float64(0.666666666667), np.float64(0.833333333333), np.float64(0.833333333333), np.float64(1.0)), (2, 3, 3, 3, 3, 3, 3), 0, 1)"
1123,7,14,"(7, (2, 3, 4, 4, 4, 5, 6))","(7, (2, 3, 4, 4, 4, 5, 6), (np.float64(0.533333333333), np.float64(0.6), np.float64(0.666666666667), np.float64(0.666666666667), np.float64(0.666666666667), np.float64(0.833333333333), np.float64(1.0)))","(7, (2, 3, 4, 4, 4, 5, 6), (np.float64(0.533333333333), np.float64(0.6), np.float64(0.666666666667), np.float64(0.666666666667), np.float64(0.666666666667), np.float64(0.833333333333), np.float64(1.0)), (2, 3, 3, 3, 3, 3, 3), 0, 1)"
1124,7,14,"(7, (2, 3, 4, 4, 4, 5, 6))","(7, (2, 3, 4, 4, 4, 5, 6), (np.float64(0.533333333333), np.float64(0.666666666667), np.float64(0.7), np.float64(1.0), np.float64(1.0), np.float64(1.0), np.float64(1.0)))","(7, (2, 3, 4, 4, 4, 5, 6), (np.float64(0.533333333333), np.float64(0.666666666667), np.float64(0.7), np.float64(1.0), np.float64(1.0), np.float64(1.0), np.float64(1.0)), (2, 2, 4, 4, 4, 4, 4), 0, 1)"
1125,7,14,"(7, (2, 3, 4, 4, 5, 5, 5))","(7, (2, 3, 4, 4, 5, 5, 5), (np.float64(0.5), np.float64(0.6), np.float64(0.666666666667), np.float64(0.666666666667), np.float64(0.7), np.float64(0.833333333333), np.float64(1.0)))","(7, (2, 3, 4, 4, 5, 5, 5), (np.float64(0.5), np.float64(0.6), np.float64(0.666666666667), np.float64(0.666666666667), np.float64(0.7), np.float64(0.833333333333), np.float64(1.0)), (2, 3, 3, 3, 3, 3, 3), 0, 1)"
1126,7,14,"(7, (2, 3, 4, 4, 5, 5, 5))","(7, (2, 3, 4, 4, 5, 5, 5), (np.float64(0.0), np.float64(0.5), np.float64(0.5), np.float64(0.7), np.float64(0.7), np.float64(0.833333333333), np.float64(1.0)))","(7, (2, 3, 4, 4, 5, 5, 5), (np.float64(0.0), np.float64(0.5), np.float64(0.5), np.float64(0.7), np.float64(0.7), np.float64(0.833333333333), np.float64(1.0)), (2, 3, 3, 3, 3, 3, 3), 0, 1)"
1127,7,14,"(7, (2, 3, 4, 4, 5, 5, 5))","(7, (2, 3, 4, 4, 5, 5, 5), (np.float64(0.6), np.float64(0.666666666667), np.float64(0.7), np.float64(0.7), np.float64(0.833333333333), np.float64(1.0), np.float64(1.0)))","(7, (2, 3, 4, 4, 5, 5, 5), (np.float64(0.6), np.float64(0.666666666667), np.float64(0.7), np.float64(0.7), np.float64(0.833333333333), np.float64(1.0), np.float64(1.0)), (2, 3, 3, 3, 3, 3, 3), 0, 1)"
1128,7,14,"(7, (2, 3, 4, 4, 5, 5, 5))","(7, (2, 3, 4, 4, 5, 5, 5), (np.float64(0.0), np.float64(0.4), np.float64(0.4), np.float64(0.666666666667), np.float64(0.7), np.float64(0.833333333333), np.float64(0.833333333333)))","(7, (2, 3, 4, 4, 5, 5, 5), (np.float64(0.0), np.float64(0.4), np.float64(0.4), np.float64(0.666666666667), np.float64(0.7), np.float64(0.833333333333), np.float64(0.833333333333)), (2, 3, 3, 3, 3, 3, 3), 0, 1)"
1129,7,14,"(7, (2, 3, 4, 4, 5, 5, 5))","(7, (2, 3, 4, 4, 5, 5, 5), (np.float64(0.0), np.float64(0.333333333333), np.float64(0.6), np.float64(0.7), np.float64(0.7), np.float64(1.0), np.float64(1.0)))","(7, (2, 3, 4, 4, 5, 5, 5), (np.float64(0.0), np.float64(0.333333333333), np.float64(0.6), np.float64(0.7), np.float64(0.7), np.float64(1.0), np.float64(1.0)), (2, 2, 4, 4, 4, 4, 4), 0, 1)"
1130,7,14,"(7, (2, 3, 4, 4, 5, 5, 5))","(7, (2, 3, 4, 4, 5, 5, 5), (np.float64(0.6), np.float64(0.6), np.float64(0.666666666667), np.float64(0.666666666667), np.float64(0.666666666667), np.float64(0.7), np.float64(1.0)))","(7, (2, 3, 4, 4, 5, 5, 5), (np.float64(0.6), np.float64(0.6), np.float64(0.666666666667), np.float64(0.666666666667), np.float64(0.666666666667), np.float64(0.7), np.float64(1.0)), (2, 3, 3, 3, 3, 3, 3), 0, 1)"
1131,7,14,"(7, (2, 3, 4, 4, 5, 5, 5))","(7, (2, 3, 4, 4, 5, 5, 5), (np.float64(0.0), np.float64(0.5), np.float64(0.5), np.float64(0.7), np.float64(0.7), np.float64(0.7), np.float64(1.0)))","(7, (2, 3, 4, 4, 5, 5, 5), (np.float64(0.0), np.float64(0.5), np.float64(0.5), np.float64(0.7), np.float64(0.7), np.float64(0.7), np.float64(1.0)), (2, 3, 3, 3, 3, 3, 3), 0, 1)"
1132,7,14,"(7, (2, 4, 4, 4, 4, 4, 6))","(7, (2, 4, 4, 4, 4, 4, 6), (np.float64(0.5), np.float64(0.533333333333), np.float64(0.666666666667), np.float64(0.666666666667), np.float64(0.833333333333), np.float64(0.833333333333), np.float64(1.0)))","(7, (2, 4, 4, 4, 4, 4, 6), (np.float64(0.5), np.float64(0.533333333333), np.float64(0.666666666667), np.float64(0.666666666667), np.float64(0.833333333333), np.float64(0.833333333333), np.float64(1.0)), (2, 3, 3, 3, 3, 3, 3), 0, 1)"
1133,7,14,"(7, (2, 4, 4, 4, 4, 5, 5))","(7, (2, 4, 4, 4, 4, 5, 5), (np.float64(0.5), np.float64(0.5), np.float64(0.666666666667), np.float64(0.7), np.float64(0.833333333333), np.float64(0.833333333333), np.float64(1.0)))","(7, (2, 4, 4, 4, 4, 5, 5), (np.float64(0.5), np.float64(0.5), np.float64(0.666666666667), np.float64(0.7), np.float64(0.833333333333), np.float64(0.833333333333), np.float64(1.0)), (2, 3, 3, 3, 3, 3, 3), 0, 1)"
1134,7,14,"(7, (2, 4, 4, 4, 4, 5, 5))","(7, (2, 4, 4, 4, 4, 5, 5), (np.float64(0.0), np.float64(0.333333333333), np.float64(0.5), np.float64(0.666666666667), np.float64(0.666666666667), np.float64(0.7), np.float64(0.833333333333)))","(7, (2, 4, 4, 4, 4, 5, 5), (np.float64(0.0), np.float64(0.333333333333), np.float64(0.5), np.float64(0.666666666667), np.float64(0.666666666667), np.float64(0.7), np.float64(0.833333333333)), (2, 3, 3, 3, 3, 3, 3), 0, 1)"
1135,7,14,"(7, (2, 4, 4, 4, 4, 5, 5))","(7, (2, 4, 4, 4, 4, 5, 5), (np.float64(0.5), np.float64(0.5), np.float64(0.666666666667), np.float64(0.666666666667), np.float64(0.666666666667), np.float64(0.666666666667), np.float64(1.0)))","(7, (2, 4, 4, 4, 4, 5, 5), (np.float64(0.5), np.float64(0.5), np.float64(0.666666666667), np.float64(0.666666666667), np.float64(0.666666666667), np.float64(0.666666666667), np.float64(1.0)), (2, 4, 4, 4, 4, 4, 4), 0, 1)"
1136,7,14,"(7, (2, 4, 4, 4, 4, 5, 5))","(7, (2, 4, 4, 4, 4, 5, 5), (np.float64(0.0), np.float64(0.5), np.float64(0.5), np.float64(0.7), np.float64(0.7), np.float64(0.833333333333), np.float64(0.833333333333)))","(7, (2, 4, 4, 4, 4, 5, 5), (np.float64(0.0), np.float64(0.5), np.float64(0.5), np.float64(0.7), np.float64(0.7), np.float64(0.833333333333), np.float64(0.833333333333)), (2, 3, 3, 3, 3, 3, 3), 0, 1)"
1137,7,14,"(7, (2, 4, 4, 4, 4, 5, 5))","(7, (2, 4, 4, 4, 4, 5, 5), (np.float64(0.0), np.float64(0.4), np.float64(0.4), np.float64(0.666666666667), np.float64(0.666666666667), np.float64(0.666666666667), np.float64(0.666666666667)))","(7, (2, 4, 4, 4, 4, 5, 5), (np.float64(0.0), np.float64(0.4), np.float64(0.4), np.float64(0.666666666667), np.float64(0.666666666667), np.float64(0.666666666667), np.float64(0.666666666667)), (2, 4, 4, 4, 4, 4, 4), 0, 1)"
1138,7,14,"(7, (3, 3, 3, 3, 4, 6, 6))","(7, (3, 3, 3, 3, 4, 6, 6), (np.float64(0.533333333333), np.float64(0.533333333333), np.float64(0.833333333333), np.float64(1.0), np.float64(1.0), np.float64(1.0), np.float64(1.0)))","(7, (3, 3, 3, 3, 4, 6, 6), (np.float64(0.533333333333), np.float64(0.533333333333), np.float64(0.833333333333), np.float64(1.0), np.float64(1.0), np.float64(1.0), np.float64(1.0)), (3, 3, 3, 3, 3, 3, 3), 0, 1)"
1139,7,14,"(7, (3, 3, 3, 3, 5, 5, 6))","(7, (3, 3, 3, 3, 5, 5, 6), (np.float64(0.533333333333), np.float64(0.6), np.float64(0.6), np.float64(0.666666666667), np.float64(0.666666666667), np.float64(1.0), np.float64(1.0)))","(7, (3, 3, 3, 3, 5, 5, 6), (np.float64(0.533333333333), np.float64(0.6), np.float64(0.6), np.float64(0.666666666667), np.float64(0.666666666667), np.float64(1.0), np.float64(1.0)), (3, 3, 3, 3, 3, 3, 3), 0, 1)"
1140,7,14,"(7, (3, 3, 3, 3, 5, 5, 6))","(7, (3, 3, 3, 3, 5, 5, 6), (np.float64(0.4), np.float64(0.4), np.float64(0.533333333333), np.float64(0.666666666667), np.float64(0.666666666667), np.float64(0.666666666667), np.float64(0.666666666667)))","(7, (3, 3, 3, 3, 5, 5, 6), (np.float64(0.4), np.float64(0.4), np.float64(0.533333333333), np.float64(0.666666666667), np.float64(0.666666666667), np.float64(0.666666666667), np.float64(0.666666666667)), (3, 3, 3, 3, 3, 3, 3), 0, 1)"
1141,7,14,"(7, (3, 3, 3, 4, 4, 5, 6))","(7, (3, 3, 3, 4, 4, 5, 6), (np.float64(0.533333333333), np.float64(0.6), np.float64(0.666666666667), np.float64(0.666666666667), np.float64(0.666666666667), np.float64(0.833333333333), np.float64(1.0)))","(7, (3, 3, 3, 4, 4, 5, 6), (np.float64(0.533333333333), np.float64(0.6), np.float64(0.666666666667), np.float64(0.666666666667), np.float64(0.666666666667), np.float64(0.833333333333), np.float64(1.0)), (3, 3, 3, 3, 3, 3, 3), 0, 1)"
1142,7,14,"(7, (3, 3, 3, 4, 4, 5, 6))","(7, (3, 3, 3, 4, 4, 5, 6), (np.float64(0.533333333333), np.float64(0.6), np.float64(0.666666666667), np.float64(0.666666666667), np.float64(0.666666666667), np.float64(1.0), np.float64(1.0)))","(7, (3, 3, 3, 4, 4, 5, 6), (np.float64(0.533333333333), np.float64(0.6), np.float64(0.666666666667), np.float64(0.666666666667), np.float64(0.666666666667), np.float64(1.0), np.float64(1.0)), (3, 3, 3, 3, 3, 3, 3), 0, 1)"
1143,7,14,"(7, (3, 3, 3, 4, 4, 5, 6))","(7, (3, 3, 3, 4, 4, 5, 6), (np.float64(0.5), np.float64(0.5), np.float64(0.533333333333), np.float64(0.666666666667), np.float64(0.666666666667), np.float64(0.666666666667), np.float64(1.0)))","(7, (3, 3, 3, 4, 4, 5, 6), (np.float64(0.5), np.float64(0.5), np.float64(0.533333333333), np.float64(0.666666666667), np.float64(0.666666666667), np.float64(0.666666666667), np.float64(1.0)), (3, 3, 3, 3, 3, 3, 3), 0, 1)"
1144,7,14,"(7, (3, 3, 3, 4, 4, 5, 6))","(7, (3, 3, 3, 4, 4, 5, 6), (np.float64(0.533333333333), np.float64(0.6), np.float64(0.833333333333), np.float64(0.833333333333), np.float64(1.0), np.float64(1.0), np.float64(1.0)))","(7, (3, 3, 3, 4, 4, 5, 6), (np.float64(0.533333333333), np.float64(0.6), np.float64(0.833333333333), np.float64(0.833333333333), np.float64(1.0), np.float64(1.0), np.float64(1.0)), (3, 3, 3, 3, 3, 3, 3), 0, 1)"
1145,7,14,"(7, (3, 3, 3, 4, 5, 5, 5))","(7, (3, 3, 3, 4, 5, 5, 5), (np.float64(0.6), np.float64(0.6), np.float64(0.6), np.float64(0.666666666667), np.float64(0.666666666667), np.float64(0.833333333333), np.float64(1.0)))","(7, (3, 3, 3, 4, 5, 5, 5), (np.float64(0.6), np.float64(0.6), np.float64(0.6), np.float64(0.666666666667), np.float64(0.666666666667), np.float64(0.833333333333), np.float64(1.0)), (3, 3, 3, 3, 3, 3, 3), 0, 1)"
1146,7,14,"(7, (3, 3, 3, 4, 5, 5, 5))","(7, (3, 3, 3, 4, 5, 5, 5), (np.float64(0.5), np.float64(0.5), np.float64(0.6), np.float64(0.6), np.float64(0.666666666667), np.float64(0.666666666667), np.float64(1.0)))","(7, (3, 3, 3, 4, 5, 5, 5), (np.float64(0.5), np.float64(0.5), np.float64(0.6), np.float64(0.6), np.float64(0.666666666667), np.float64(0.666666666667), np.float64(1.0)), (3, 3, 3, 3, 3, 3, 3), 0, 1)"
1147,7,14,"(7, (3, 3, 3, 4, 5, 5, 5))","(7, (3, 3, 3, 4, 5, 5, 5), (np.float64(0.333333333333), np.float64(0.333333333333), np.float64(0.6), np.float64(0.6), np.float64(0.6), np.float64(0.666666666667), np.float64(1.0)))","(7, (3, 3, 3, 4, 5, 5, 5), (np.float64(0.333333333333), np.float64(0.333333333333), np.float64(0.6), np.float64(0.6), np.float64(0.6), np.float64(0.666666666667), np.float64(1.0)), (3, 3, 3, 3, 3, 3, 3), 0, 1)"
1148,7,14,"(7, (3, 3, 3, 4, 5, 5, 5))","(7, (3, 3, 3, 4, 5, 5, 5), (np.float64(0.4), np.float64(0.4), np.float64(0.6), np.float64(0.666666666667), np.float64(0.666666666667), np.float64(0.666666666667), np.float64(0.666666666667)))","(7, (3, 3, 3, 4, 5, 5, 5), (np.float64(0.4), np.float64(0.4), np.float64(0.6), np.float64(0.666666666667), np.float64(0.666666666667), np.float64(0.666666666667), np.float64(0.666666666667)), (3, 3, 3, 3, 3, 3, 3), 0, 1)"
1149,7,14,"(7, (3, 3, 4, 4, 4, 4, 6))","(7, (3, 3, 4, 4, 4, 4, 6), (np.float64(0.5), np.float64(0.533333333333), np.float64(0.666666666667), np.float64(0.666666666667), np.float64(0.666666666667), np.float64(0.666666666667), np.float64(0.666666666667)))","(7, (3, 3, 4, 4, 4, 4, 6), (np.float64(0.5), np.float64(0.533333333333), np.float64(0.666666666667), np.float64(0.666666666667), np.float64(0.666666666667), np.float64(0.666666666667), np.float64(0.666666666667)), (3, 3, 3, 3, 3, 3, 3), 0, 1)"
1150,7,14,"(7, (3, 3, 4, 4, 4, 4, 6))","(7, (3, 3, 4, 4, 4, 4, 6), (np.float64(0.533333333333), np.float64(0.666666666667), np.float64(0.666666666667), np.float64(0.666666666667), np.float64(0.666666666667), np.float64(1.0), np.float64(1.0)))","(7, (3, 3, 4, 4, 4, 4, 6), (np.float64(0.533333333333), np.float64(0.666666666667), np.float64(0.666666666667), np.float64(0.666666666667), np.float64(0.666666666667), np.float64(1.0), np.float64(1.0)), (3, 3, 3, 3, 3, 3, 3), 0, 1)"
1151,7,14,"(7, (3, 3, 4, 4, 4, 4, 6))","(7, (3, 3, 4, 4, 4, 4, 6), (np.float64(0.533333333333), np.float64(0.666666666667), np.float64(0.666666666667), np.float64(0.666666666667), np.float64(0.666666666667), np.float64(0.833333333333), np.float64(0.833333333333)))","(7, (3, 3, 4, 4, 4, 4, 6), (np.float64(0.533333333333), np.float64(0.666666666667), np.float64(0.666666666667), np.float64(0.666666666667), np.float64(0.666666666667), np.float64(0.833333333333), np.float64(0.833333333333)), (3, 3, 3, 3, 3, 3, 3), 0, 1)"
1152,7,14,"(7, (3, 3, 4, 4, 4, 4, 6))","(7, (3, 3, 4, 4, 4, 4, 6), (np.float64(0.5), np.float64(0.5), np.float64(0.5), np.float64(0.5), np.float64(0.533333333333), np.float64(0.666666666667), np.float64(0.666666666667)))","(7, (3, 3, 4, 4, 4, 4, 6), (np.float64(0.5), np.float64(0.5), np.float64(0.5), np.float64(0.5), np.float64(0.533333333333), np.float64(0.666666666667), np.float64(0.666666666667)), (3, 3, 3, 3, 3, 3, 3), 0, 1)"
1153,7,14,"(7, (3, 3, 4, 4, 4, 5, 5))","(7, (3, 3, 4, 4, 4, 5, 5), (np.float64(0.333333333333), np.float64(0.333333333333), np.float64(0.5), np.float64(0.6), np.float64(0.666666666667), np.float64(0.666666666667), np.float64(0.666666666667)))","(7, (3, 3, 4, 4, 4, 5, 5), (np.float64(0.333333333333), np.float64(0.333333333333), np.float64(0.5), np.float64(0.6), np.float64(0.666666666667), np.float64(0.666666666667), np.float64(0.666666666667)), (3, 3, 3, 3, 3, 3, 3), 0, 1)"
1154,7,14,"(7, (3, 3, 4, 4, 4, 5, 5))","(7, (3, 3, 4, 4, 4, 5, 5), (np.float64(0.5), np.float64(0.5), np.float64(0.6), np.float64(0.666666666667), np.float64(0.666666666667), np.float64(0.666666666667), np.float64(1.0)))","(7, (3, 3, 4, 4, 4, 5, 5), (np.float64(0.5), np.float64(0.5), np.float64(0.6), np.float64(0.666666666667), np.float64(0.666666666667), np.float64(0.666666666667), np.float64(1.0)), (3, 3, 3, 3, 3, 3, 3), 0, 1)"
1155,7,14,"(7, (3, 3, 4, 4, 4, 5, 5))","(7, (3, 3, 4, 4, 4, 5, 5), (np.float64(0.5), np.float64(0.5), np.float64(0.5), np.float64(0.5), np.float64(0.666666666667), np.float64(0.666666666667), np.float64(0.666666666667)))","(7, (3, 3, 4, 4, 4, 5, 5), (np.float64(0.5), np.float64(0.5), np.float64(0.5), np.float64(0.5), np.float64(0.666666666667), np.float64(0.666666666667), np.float64(0.666666666667)), (3, 3, 3, 3, 3, 3, 3), 0, 1)"
1156,7,14,"(7, (3, 3, 4, 4, 4, 5, 5))","(7, (3, 3, 4, 4, 4, 5, 5), (np.float64(0.5), np.float64(0.6), np.float64(0.6), np.float64(0.666666666667), np.float64(0.666666666667), np.float64(0.666666666667), np.float64(0.666666666667)))","(7, (3, 3, 4, 4, 4, 5, 5), (np.float64(0.5), np.float64(0.6), np.float64(0.6), np.float64(0.666666666667), np.float64(0.666666666667), np.float64(0.666666666667), np.float64(0.666666666667)), (3, 3, 3, 3, 3, 3, 3), 0, 1)"
1157,7,14,"(7, (3, 3, 4, 4, 4, 5, 5))","(7, (3, 3, 4, 4, 4, 5, 5), (np.float64(0.5), np.float64(0.5), np.float64(0.5), np.float64(0.5), np.float64(0.6), np.float64(0.666666666667), np.float64(0.666666666667)))","(7, (3, 3, 4, 4, 4, 5, 5), (np.float64(0.5), np.float64(0.5), np.float64(0.5), np.float64(0.5), np.float64(0.6), np.float64(0.666666666667), np.float64(0.666666666667)), (3, 3, 3, 3, 3, 3, 3), 0, 1)"
1158,7,14,"(7, (3, 3, 4, 4, 4, 5, 5))","(7, (3, 3, 4, 4, 4, 5, 5), (np.float64(0.333333333333), np.float64(0.5), np.float64(0.5), np.float64(0.6), np.float64(0.666666666667), np.float64(0.833333333333), np.float64(0.833333333333)))","(7, (3, 3, 4, 4, 4, 5, 5), (np.float64(0.333333333333), np.float64(0.5), np.float64(0.5), np.float64(0.6), np.float64(0.666666666667), np.float64(0.833333333333), np.float64(0.833333333333)), (3, 3, 3, 3, 3, 3, 3), 0, 1)"
1159,7,14,"(7, (3, 3, 4, 4, 4, 5, 5))","(7, (3, 3, 4, 4, 4, 5, 5), (np.float64(0.333333333333), np.float64(0.333333333333), np.float64(0.6), np.float64(0.6), np.float64(0.666666666667), np.float64(0.666666666667), np.float64(0.833333333333)))","(7, (3, 3, 4, 4, 4, 5, 5), (np.float64(0.333333333333), np.float64(0.333333333333), np.float64(0.6), np.float64(0.6), np.float64(0.666666666667), np.float64(0.666666666667), np.float64(0.833333333333)), (3, 3, 3, 3, 3, 3, 3), 0, 1)"
1160,7,14,"(7, (3, 3, 4, 4, 4, 5, 5))","(7, (3, 3, 4, 4, 4, 5, 5), (np.float64(0.4), np.float64(0.4), np.float64(0.666666666667), np.float64(0.666666666667), np.float64(0.666666666667), np.float64(0.666666666667), np.float64(0.666666666667)))","(7, (3, 3, 4, 4, 4, 5, 5), (np.float64(0.4), np.float64(0.4), np.float64(0.666666666667), np.float64(0.666666666667), np.float64(0.666666666667), np.float64(0.666666666667), np.float64(0.666666666667)), (3, 3, 3, 3, 3, 3, 3), 0, 1)"
1161,7,14,"(7, (3, 3, 4, 4, 4, 5, 5))","(7, (3, 3, 4, 4, 4, 5, 5), (np.float64(0.0), np.float64(0.333333333333), np.float64(0.5), np.float64(0.5), np.float64(0.6), np.float64(0.6), np.float64(0.833333333333)))","(7, (3, 3, 4, 4, 4, 5, 5), (np.float64(0.0), np.float64(0.333333333333), np.float64(0.5), np.float64(0.5), np.float64(0.6), np.float64(0.6), np.float64(0.833333333333)), (3, 3, 3, 3, 3, 3, 3), 0, 1)"
1162,7,14,"(7, (3, 3, 4, 4, 4, 5, 5))","(7, (3, 3, 4, 4, 4, 5, 5), (np.float64(0.333333333333), np.float64(0.5), np.float64(0.6), np.float64(0.6), np.float64(0.666666666667), np.float64(0.666666666667), np.float64(1.0)))","(7, (3, 3, 4, 4, 4, 5, 5), (np.float64(0.333333333333), np.float64(0.5), np.float64(0.6), np.float64(0.6), np.float64(0.666666666667), np.float64(0.666666666667), np.float64(1.0)), (3, 3, 3, 3, 3, 3, 3), 0, 1)"
1163,7,14,"(7, (3, 3, 4, 4, 4, 5, 5))","(7, (3, 3, 4, 4, 4, 5, 5), (np.float64(0.166666666667), np.float64(0.333333333333), np.float64(0.333333333333), np.float64(0.5), np.float64(0.5), np.float64(0.666666666667), np.float64(0.666666666667)))","(7, (3, 3, 4, 4, 4, 5, 5), (np.float64(0.166666666667), np.float64(0.333333333333), np.float64(0.333333333333), np.float64(0.5), np.float64(0.5), np.float64(0.666666666667), np.float64(0.666666666667)), (3, 3, 3, 3, 3, 3, 3), 0, 1)"
1164,7,14,"(7, (3, 3, 4, 4, 4, 5, 5))","(7, (3, 3, 4, 4, 4, 5, 5), (np.float64(0.4), np.float64(0.4), np.float64(0.666666666667), np.float64(0.666666666667), np.float64(0.833333333333), np.float64(0.833333333333), np.float64(0.833333333333)))","(7, (3, 3, 4, 4, 4, 5, 5), (np.float64(0.4), np.float64(0.4), np.float64(0.666666666667), np.float64(0.666666666667), np.float64(0.833333333333), np.float64(0.833333333333), np.float64(0.833333333333)), (3, 3, 3, 3, 3, 3, 3), 0, 1)"
1165,7,14,"(7, (3, 4, 4, 4, 4, 4, 5))","(7, (3, 4, 4, 4, 4, 4, 5), (np.float64(0.333333333333), np.float64(0.333333333333), np.float64(0.5), np.float64(0.5), np.float64(0.5), np.float64(0.5), np.float64(0.666666666667)))","(7, (3, 4, 4, 4, 4, 4, 5), (np.float64(0.333333333333), np.float64(0.333333333333), np.float64(0.5), np.float64(0.5), np.float64(0.5), np.float64(0.5), np.float64(0.666666666667)), (3, 3, 3, 3, 3, 3, 3), 0, 1)"
1166,7,14,"(7, (3, 4, 4, 4, 4, 4, 5))","(7, (3, 4, 4, 4, 4, 4, 5), (np.float64(0.333333333333), np.float64(0.5), np.float64(0.5), np.float64(0.666666666667), np.float64(0.666666666667), np.float64(0.666666666667), np.float64(0.666666666667)))","(7, (3, 4, 4, 4, 4, 4, 5), (np.float64(0.333333333333), np.float64(0.5), np.float64(0.5), np.float64(0.666666666667), np.float64(0.666666666667), np.float64(0.666666666667), np.float64(0.666666666667)), (3, 3, 3, 3, 3, 3, 3), 0, 1)"
1167,7,14,"(7, (3, 4, 4, 4, 4, 4, 5))","(7, (3, 4, 4, 4, 4, 4, 5), (np.float64(0.5), np.float64(0.5), np.float64(0.5), np.float64(0.5), np.float64(0.666666666667), np.float64(0.666666666667), np.float64(0.666666666667)))","(7, (3, 4, 4, 4, 4, 4, 5), (np.float64(0.5), np.float64(0.5), np.float64(0.5), np.float64(0.5), np.float64(0.666666666667), np.float64(0.666666666667), np.float64(0.666666666667)), (3, 3, 3, 3, 3, 3, 3), 0, 1)"
1168,7,14,"(7, (3, 4, 4, 4, 4, 4, 5))","(7, (3, 4, 4, 4, 4, 4, 5), (np.float64(0.333333333333), np.float64(0.5), np.float64(0.5), np.float64(0.5), np.float64(0.6), np.float64(0.666666666667), np.float64(0.666666666667)))","(7, (3, 4, 4, 4, 4, 4, 5), (np.float64(0.333333333333), np.float64(0.5), np.float64(0.5), np.float64(0.5), np.float64(0.6), np.float64(0.666666666667), np.float64(0.666666666667)), (3, 3, 3, 3, 3, 3, 3), 0, 1)"
1169,7,14,"(7, (3, 4, 4, 4, 4, 4, 5))","(7, (3, 4, 4, 4, 4, 4, 5), (np.float64(0.0), np.float64(0.333333333333), np.float64(0.333333333333), np.float64(0.333333333333), np.float64(0.5), np.float64(0.5), np.float64(0.6)))","(7, (3, 4, 4, 4, 4, 4, 5), (np.float64(0.0), np.float64(0.333333333333), np.float64(0.333333333333), np.float64(0.333333333333), np.float64(0.5), np.float64(0.5), np.float64(0.6)), (3, 3, 3, 3, 3, 3, 3), 0, 1)"
1170,7,14,"(7, (4, 4, 4, 4, 4, 4, 4))","(7, (4, 4, 4, 4, 4, 4, 4), (np.float64(0.5), np.float64(0.5), np.float64(0.5), np.float64(0.5), np.float64(0.5), np.float64(0.5), np.float64(0.5)))","(7, (4, 4, 4, 4, 4, 4, 4), (np.float64(0.5), np.float64(0.5), np.float64(0.5), np.float64(0.5), np.float64(0.5), np.float64(0.5), np.float64(0.5)), (4, 4, 4, 4, 4, 4, 4), 0, 1)"
1171,7,14,"(7, (4, 4, 4, 4, 4, 4, 4))","(7, (4, 4, 4, 4, 4, 4, 4), (np.float64(0.333333333333), np.float64(0.333333333333), np.float64(0.333333333333), np.float64(0.5), np.float64(0.5), np.float64(0.5), np.float64(0.5)))","(7, (4, 4, 4, 4, 4, 4, 4), (np.float64(0.333333333333), np.float64(0.333333333333), np.float64(0.333333333333), np.float64(0.5), np.float64(0.5), np.float64(0.5), np.float64(0.5)), (4, 4, 4, 4, 4, 4, 4), 0, 1)"
1172,7,15,"(7, (0, 5, 5, 5, 5, 5, 5))","(7, (0, 5, 5, 5, 5, 5, 5), (np.float64(0.0), np.float64(1.0), np.float64(1.0), np.float64(1.0), np.float64(1.0), np.float64(1.0), np.float64(1.0)))","(7, (0, 5, 5, 5, 5, 5, 5), (np.float64(0.0), np.float64(1.0), np.float64(1.0), np.float64(1.0), np.float64(1.0), np.float64(1.0), np.float64(1.0)), (0, 5, 5, 5, 5, 5, 5), 0, 2)"
1173,7,15,"(7, (1, 4, 4, 5, 5, 5, 6))","(7, (1, 4, 4, 5, 5, 5, 6), (np.float64(0.0), np.float64(0.6), np.float64(0.9), np.float64(0.9), np.float64(0.9), np.float64(1.0), np.float64(1.0)))","(7, (1, 4, 4, 5, 5, 5, 6), (np.float64(0.0), np.float64(0.6), np.float64(0.9), np.float64(0.9), np.float64(0.9), np.float64(1.0), np.float64(1.0)), (1, 4, 4, 4, 4, 4, 4), 1, 1)"
1174,7,15,"(7, (1, 4, 5, 5, 5, 5, 5))","(7, (1, 4, 5, 5, 5, 5, 5), (np.float64(0.0), np.float64(0.6), np.float64(0.9), np.float64(0.9), np.float64(0.9), np.float64(0.9), np.float64(1.0)))","(7, (1, 4, 5, 5, 5, 5, 5), (np.float64(0.0), np.float64(0.6), np.float64(0.9), np.float64(0.9), np.float64(0.9), np.float64(0.9), np.float64(1.0)), (1, 4, 4, 4, 4, 4, 4), 1, 1)"
1175,7,15,"(7, (2, 3, 4, 4, 5, 6, 6))","(7, (2, 3, 4, 4, 5, 6, 6), (np.float64(0.6), np.float64(0.6), np.float64(0.8), np.float64(1.0), np.float64(1.0), np.float64(1.0), np.float64(1.0)))","(7, (2, 3, 4, 4, 5, 6, 6), (np.float64(0.6), np.float64(0.6), np.float64(0.8), np.float64(1.0), np.float64(1.0), np.float64(1.0), np.float64(1.0)), (2, 3, 4, 4, 4, 4, 4), 0, 1)"
1176,7,15,"(7, (2, 3, 4, 5, 5, 5, 6))","(7, (2, 3, 4, 5, 5, 5, 6), (np.float64(0.6), np.float64(0.7), np.float64(0.8), np.float64(0.8), np.float64(1.0), np.float64(1.0), np.float64(1.0)))","(7, (2, 3, 4, 5, 5, 5, 6), (np.float64(0.6), np.float64(0.7), np.float64(0.8), np.float64(0.8), np.float64(1.0), np.float64(1.0), np.float64(1.0)), (2, 3, 4, 4, 4, 4, 4), 0, 1)"
1177,7,15,"(7, (2, 3, 5, 5, 5, 5, 5))","(7, (2, 3, 5, 5, 5, 5, 5), (np.float64(0.7), np.float64(0.7), np.float64(0.8), np.float64(0.8), np.float64(0.8), np.float64(1.0), np.float64(1.0)))","(7, (2, 3, 5, 5, 5, 5, 5), (np.float64(0.7), np.float64(0.7), np.float64(0.8), np.float64(0.8), np.float64(0.8), np.float64(1.0), np.float64(1.0)), (2, 3, 4, 4, 4, 4, 4), 0, 1)"
1178,7,15,"(7, (2, 4, 4, 4, 4, 6, 6))","(7, (2, 4, 4, 4, 4, 6, 6), (np.float64(0.6), np.float64(0.6), np.float64(0.833333333333), np.float64(0.833333333333), np.float64(0.833333333333), np.float64(0.833333333333), np.float64(1.0)))","(7, (2, 4, 4, 4, 4, 6, 6), (np.float64(0.6), np.float64(0.6), np.float64(0.833333333333), np.float64(0.833333333333), np.float64(0.833333333333), np.float64(0.833333333333), np.float64(1.0)), (2, 4, 4, 4, 4, 4, 4), 0, 1)"
1179,7,15,"(7, (2, 4, 4, 4, 5, 5, 6))","(7, (2, 4, 4, 4, 5, 5, 6), (np.float64(0.6), np.float64(0.6), np.float64(0.8), np.float64(0.833333333333), np.float64(0.833333333333), np.float64(0.833333333333), np.float64(1.0)))","(7, (2, 4, 4, 4, 5, 5, 6), (np.float64(0.6), np.float64(0.6), np.float64(0.8), np.float64(0.833333333333), np.float64(0.833333333333), np.float64(0.833333333333), np.float64(1.0)), (2, 4, 4, 4, 4, 4, 4), 0, 1)"
1180,7,15,"(7, (2, 4, 4, 4, 5, 5, 6))","(7, (2, 4, 4, 4, 5, 5, 6), (np.float64(0.6), np.float64(0.666666666667), np.float64(0.8), np.float64(0.8), np.float64(1.0), np.float64(1.0), np.float64(1.0)))","(7, (2, 4, 4, 4, 5, 5, 6), (np.float64(0.6), np.float64(0.666666666667), np.float64(0.8), np.float64(0.8), np.float64(1.0), np.float64(1.0), np.float64(1.0)), (2, 3, 4, 4, 4, 4, 4), 0, 1)"
1181,7,15,"(7, (2, 4, 4, 5, 5, 5, 5))","(7, (2, 4, 4, 5, 5, 5, 5), (np.float64(0.6), np.float64(0.6), np.float64(0.8), np.float64(0.8), np.float64(0.833333333333), np.float64(0.833333333333), np.float64(1.0)))","(7, (2, 4, 4, 5, 5, 5, 5), (np.float64(0.6), np.float64(0.6), np.float64(0.8), np.float64(0.8), np.float64(0.833333333333), np.float64(0.833333333333), np.float64(1.0)), (2, 4, 4, 4, 4, 4, 4), 0, 1)"
1182,7,15,"(7, (2, 4, 4, 5, 5, 5, 5))","(7, (2, 4, 4, 5, 5, 5, 5), (np.float64(0.0), np.float64(0.5), np.float64(0.6), np.float64(0.8), np.float64(0.8), np.float64(0.8), np.float64(1.0)))","(7, (2, 4, 4, 5, 5, 5, 5), (np.float64(0.0), np.float64(0.5), np.float64(0.6), np.float64(0.8), np.float64(0.8), np.float64(0.8), np.float64(1.0)), (2, 3, 4, 4, 4, 4, 4), 0, 1)"
1183,7,15,"(7, (2, 4, 4, 5, 5, 5, 5))","(7, (2, 4, 4, 5, 5, 5, 5), (np.float64(0.0), np.float64(0.5), np.float64(0.5), np.float64(0.8), np.float64(0.8), np.float64(0.833333333333), np.float64(0.833333333333)))","(7, (2, 4, 4, 5, 5, 5, 5), (np.float64(0.0), np.float64(0.5), np.float64(0.5), np.float64(0.8), np.float64(0.8), np.float64(0.833333333333), np.float64(0.833333333333)), (2, 4, 4, 4, 4, 4, 4), 0, 1)"
1184,7,15,"(7, (3, 3, 3, 3, 6, 6, 6))","(7, (3, 3, 3, 3, 6, 6, 6), (np.float64(0.6), np.float64(0.6), np.float64(0.6), np.float64(1.0), np.float64(1.0), np.float64(1.0), np.float64(1.0)))","(7, (3, 3, 3, 3, 6, 6, 6), (np.float64(0.6), np.float64(0.6), np.float64(0.6), np.float64(1.0), np.float64(1.0), np.float64(1.0), np.float64(1.0)), (3, 3, 3, 3, 3, 3, 3), 0, 1)"
1185,7,15,"(7, (3, 3, 3, 4, 5, 6, 6))","(7, (3, 3, 3, 4, 5, 6, 6), (np.float64(0.6), np.float64(0.6), np.float64(0.7), np.float64(0.833333333333), np.float64(1.0), np.float64(1.0), np.float64(1.0)))","(7, (3, 3, 3, 4, 5, 6, 6), (np.float64(0.6), np.float64(0.6), np.float64(0.7), np.float64(0.833333333333), np.float64(1.0), np.float64(1.0), np.float64(1.0)), (3, 3, 3, 3, 3, 3, 3), 0, 1)"
1186,7,15,"(7, (3, 3, 3, 5, 5, 5, 6))","(7, (3, 3, 3, 5, 5, 5, 6), (np.float64(0.6), np.float64(0.7), np.float64(0.7), np.float64(0.7), np.float64(1.0), np.float64(1.0), np.float64(1.0)))","(7, (3, 3, 3, 5, 5, 5, 6), (np.float64(0.6), np.float64(0.7), np.float64(0.7), np.float64(0.7), np.float64(1.0), np.float64(1.0), np.float64(1.0)), (3, 3, 3, 3, 3, 3, 3), 0, 1)"
1187,7,15,"(7, (3, 3, 4, 4, 4, 6, 6))","(7, (3, 3, 4, 4, 4, 6, 6), (np.float64(0.6), np.float64(0.6), np.float64(0.833333333333), np.float64(0.833333333333), np.float64(0.833333333333), np.float64(1.0), np.float64(1.0)))","(7, (3, 3, 4, 4, 4, 6, 6), (np.float64(0.6), np.float64(0.6), np.float64(0.833333333333), np.float64(0.833333333333), np.float64(0.833333333333), np.float64(1.0), np.float64(1.0)), (3, 3, 3, 3, 3, 3, 3), 0, 1)"
1188,7,15,"(7, (3, 3, 4, 4, 4, 6, 6))","(7, (3, 3, 4, 4, 4, 6, 6), (np.float64(0.6), np.float64(0.6), np.float64(1.0), np.float64(1.0), np.float64(1.0), np.float64(1.0), np.float64(1.0)))","(7, (3, 3, 4, 4, 4, 6, 6), (np.float64(0.6), np.float64(0.6), np.float64(1.0), np.float64(1.0), np.float64(1.0), np.float64(1.0), np.float64(1.0)), (3, 3, 4, 4, 4, 4, 4), 0, 1)"
1189,7,15,"(7, (3, 3, 4, 4, 5, 5, 6))","(7, (3, 3, 4, 4, 5, 5, 6), (np.float64(0.6), np.float64(0.6), np.float64(0.666666666667), np.float64(0.666666666667), np.float64(0.7), np.float64(0.833333333333), np.float64(1.0)))","(7, (3, 3, 4, 4, 5, 5, 6), (np.float64(0.6), np.float64(0.6), np.float64(0.666666666667), np.float64(0.666666666667), np.float64(0.7), np.float64(0.833333333333), np.float64(1.0)), (3, 3, 3, 3, 3, 3, 3), 0, 1)"
1190,7,15,"(7, (3, 3, 4, 4, 5, 5, 6))","(7, (3, 3, 4, 4, 5, 5, 6), (np.float64(0.6), np.float64(0.7), np.float64(0.7), np.float64(0.833333333333), np.float64(0.833333333333), np.float64(1.0), np.float64(1.0)))","(7, (3, 3, 4, 4, 5, 5, 6), (np.float64(0.6), np.float64(0.7), np.float64(0.7), np.float64(0.833333333333), np.float64(0.833333333333), np.float64(1.0), np.float64(1.0)), (3, 3, 3, 3, 3, 3, 3), 0, 1)"
1191,7,15,"(7, (3, 3, 4, 4, 5, 5, 6))","(7, (3, 3, 4, 4, 5, 5, 6), (np.float64(0.6), np.float64(0.666666666667), np.float64(0.666666666667), np.float64(0.666666666667), np.float64(0.7), np.float64(0.7), np.float64(1.0)))","(7, (3, 3, 4, 4, 5, 5, 6), (np.float64(0.6), np.float64(0.666666666667), np.float64(0.666666666667), np.float64(0.666666666667), np.float64(0.7), np.float64(0.7), np.float64(1.0)), (3, 3, 3, 3, 3, 3, 3), 0, 1)"
1192,7,15,"(7, (3, 3, 4, 4, 5, 5, 6))","(7, (3, 3, 4, 4, 5, 5, 6), (np.float64(0.6), np.float64(0.666666666667), np.float64(0.666666666667), np.float64(0.7), np.float64(0.7), np.float64(1.0), np.float64(1.0)))","(7, (3, 3, 4, 4, 5, 5, 6), (np.float64(0.6), np.float64(0.666666666667), np.float64(0.666666666667), np.float64(0.7), np.float64(0.7), np.float64(1.0), np.float64(1.0)), (3, 3, 4, 4, 4, 4, 4), 0, 1)"
1193,7,15,"(7, (3, 3, 4, 4, 5, 5, 6))","(7, (3, 3, 4, 4, 5, 5, 6), (np.float64(0.5), np.float64(0.5), np.float64(0.6), np.float64(0.666666666667), np.float64(0.666666666667), np.float64(0.833333333333), np.float64(0.833333333333)))","(7, (3, 3, 4, 4, 5, 5, 6), (np.float64(0.5), np.float64(0.5), np.float64(0.6), np.float64(0.666666666667), np.float64(0.666666666667), np.float64(0.833333333333), np.float64(0.833333333333)), (3, 3, 3, 3, 3, 3, 3), 0, 1)"
1194,7,15,"(7, (3, 3, 4, 5, 5, 5, 5))","(7, (3, 3, 4, 5, 5, 5, 5), (np.float64(0.6), np.float64(0.666666666667), np.float64(0.666666666667), np.float64(0.7), np.float64(0.7), np.float64(0.7), np.float64(1.0)))","(7, (3, 3, 4, 5, 5, 5, 5), (np.float64(0.6), np.float64(0.666666666667), np.float64(0.666666666667), np.float64(0.7), np.float64(0.7), np.float64(0.7), np.float64(1.0)), (3, 3, 3, 3, 3, 3, 3), 0, 1)"
1195,7,15,"(7, (3, 3, 4, 5, 5, 5, 5))","(7, (3, 3, 4, 5, 5, 5, 5), (np.float64(0.5), np.float64(0.5), np.float64(0.666666666667), np.float64(0.666666666667), np.float64(0.7), np.float64(0.7), np.float64(0.833333333333)))","(7, (3, 3, 4, 5, 5, 5, 5), (np.float64(0.5), np.float64(0.5), np.float64(0.666666666667), np.float64(0.666666666667), np.float64(0.7), np.float64(0.7), np.float64(0.833333333333)), (3, 3, 3, 3, 3, 3, 3), 0, 1)"
1196,7,15,"(7, (3, 3, 4, 5, 5, 5, 5))","(7, (3, 3, 4, 5, 5, 5, 5), (np.float64(0.333333333333), np.float64(0.333333333333), np.float64(0.7), np.float64(0.7), np.float64(0.7), np.float64(0.7), np.float64(1.0)))","(7, (3, 3, 4, 5, 5, 5, 5), (np.float64(0.333333333333), np.float64(0.333333333333), np.float64(0.7), np.float64(0.7), np.float64(0.7), np.float64(0.7), np.float64(1.0)), (3, 3, 4, 4, 4, 4, 4), 0, 1)"
1197,7,15,"(7, (3, 4, 4, 4, 4, 5, 6))","(7, (3, 4, 4, 4, 4, 5, 6), (np.float64(0.5), np.float64(0.6), np.float64(0.6), np.float64(0.666666666667), np.float64(0.666666666667), np.float64(0.666666666667), np.float64(0.833333333333)))","(7, (3, 4, 4, 4, 4, 5, 6), (np.float64(0.5), np.float64(0.6), np.float64(0.6), np.float64(0.666666666667), np.float64(0.666666666667), np.float64(0.666666666667), np.float64(0.833333333333)), (3, 3, 3, 3, 3, 3, 3), 0, 1)"
1198,7,15,"(7, (3, 4, 4, 4, 4, 5, 6))","(7, (3, 4, 4, 4, 4, 5, 6), (np.float64(0.6), np.float64(0.6), np.float64(0.666666666667), np.float64(0.666666666667), np.float64(0.833333333333), np.float64(0.833333333333), np.float64(1.0)))","(7, (3, 4, 4, 4, 4, 5, 6), (np.float64(0.6), np.float64(0.6), np.float64(0.666666666667), np.float64(0.666666666667), np.float64(0.833333333333), np.float64(0.833333333333), np.float64(1.0)), (3, 3, 3, 3, 3, 3, 3), 0, 1)"
1199,7,15,"(7, (3, 4, 4, 4, 4, 5, 6))","(7, (3, 4, 4, 4, 4, 5, 6), (np.float64(0.6), np.float64(0.666666666667), np.float64(0.666666666667), np.float64(0.666666666667), np.float64(0.7), np.float64(0.833333333333), np.float64(0.833333333333)))","(7, (3, 4, 4, 4, 4, 5, 6), (np.float64(0.6), np.float64(0.666666666667), np.float64(0.666666666667), np.float64(0.666666666667), np.float64(0.7), np.float64(0.833333333333), np.float64(0.833333333333)), (3, 3, 3, 3, 3, 3, 3), 0, 1)"
1200,7,15,"(7, (3, 4, 4, 4, 5, 5, 5))","(7, (3, 4, 4, 4, 5, 5, 5), (np.float64(0.5), np.float64(0.6), np.float64(0.6), np.float64(0.666666666667), np.float64(0.666666666667), np.float64(0.7), np.float64(0.833333333333)))","(7, (3, 4, 4, 4, 5, 5, 5), (np.float64(0.5), np.float64(0.6), np.float64(0.6), np.float64(0.666666666667), np.float64(0.666666666667), np.float64(0.7), np.float64(0.833333333333)), (3, 3, 3, 3, 3, 3, 3), 0, 1)"
1201,7,15,"(7, (3, 4, 4, 4, 5, 5, 5))","(7, (3, 4, 4, 4, 5, 5, 5), (np.float64(0.333333333333), np.float64(0.5), np.float64(0.6), np.float64(0.666666666667), np.float64(0.7), np.float64(0.7), np.float64(0.833333333333)))","(7, (3, 4, 4, 4, 5, 5, 5), (np.float64(0.333333333333), np.float64(0.5), np.float64(0.6), np.float64(0.666666666667), np.float64(0.7), np.float64(0.7), np.float64(0.833333333333)), (3, 3, 3, 3, 3, 3, 3), 0, 1)"
1202,7,15,"(7, (3, 4, 4, 4, 5, 5, 5))","(7, (3, 4, 4, 4, 5, 5, 5), (np.float64(0.5), np.float64(0.5), np.float64(0.6), np.float64(0.666666666667), np.float64(0.666666666667), np.float64(0.666666666667), np.float64(0.666666666667)))","(7, (3, 4, 4, 4, 5, 5, 5), (np.float64(0.5), np.float64(0.5), np.float64(0.6), np.float64(0.666666666667), np.float64(0.666666666667), np.float64(0.666666666667), np.float64(0.666666666667)), (3, 4, 4, 4, 4, 4, 4), 0, 1)"
1203,7,15,"(7, (3, 4, 4, 4, 5, 5, 5))","(7, (3, 4, 4, 4, 5, 5, 5), (np.float64(0.333333333333), np.float64(0.333333333333), np.float64(0.6), np.float64(0.6), np.float64(0.666666666667), np.float64(0.666666666667), np.float64(0.7)))","(7, (3, 4, 4, 4, 5, 5, 5), (np.float64(0.333333333333), np.float64(0.333333333333), np.float64(0.6), np.float64(0.6), np.float64(0.666666666667), np.float64(0.666666666667), np.float64(0.7)), (3, 3, 3, 3, 3, 3, 3), 0, 1)"
1204,7,15,"(7, (3, 4, 4, 4, 5, 5, 5))","(7, (3, 4, 4, 4, 5, 5, 5), (np.float64(0.5), np.float64(0.5), np.float64(0.666666666667), np.float64(0.666666666667), np.float64(0.7), np.float64(0.833333333333), np.float64(0.833333333333)))","(7, (3, 4, 4, 4, 5, 5, 5), (np.float64(0.5), np.float64(0.5), np.float64(0.666666666667), np.float64(0.666666666667), np.float64(0.7), np.float64(0.833333333333), np.float64(0.833333333333)), (3, 3, 3, 3, 3, 3, 3), 0, 1)"
1205,7,15,"(7, (3, 4, 4, 4, 5, 5, 5))","(7, (3, 4, 4, 4, 5, 5, 5), (np.float64(0.6), np.float64(0.6), np.float64(0.6), np.float64(0.666666666667), np.float64(0.666666666667), np.float64(0.666666666667), np.float64(1.0)))","(7, (3, 4, 4, 4, 5, 5, 5), (np.float64(0.6), np.float64(0.6), np.float64(0.6), np.float64(0.666666666667), np.float64(0.666666666667), np.float64(0.666666666667), np.float64(1.0)), (3, 4, 4, 4, 4, 4, 4), 0, 1)"
1206,7,15,"(7, (3, 4, 4, 4, 5, 5, 5))","(7, (3, 4, 4, 4, 5, 5, 5), (np.float64(0.0), np.float64(0.5), np.float64(0.5), np.float64(0.5), np.float64(0.7), np.float64(0.7), np.float64(0.7)))","(7, (3, 4, 4, 4, 5, 5, 5), (np.float64(0.0), np.float64(0.5), np.float64(0.5), np.float64(0.5), np.float64(0.7), np.float64(0.7), np.float64(0.7)), (3, 3, 3, 3, 3, 3, 3), 0, 1)"
1207,7,15,"(7, (4, 4, 4, 4, 4, 4, 6))","(7, (4, 4, 4, 4, 4, 4, 6), (np.float64(0.6), np.float64(0.666666666667), np.float64(0.666666666667), np.float64(0.666666666667), np.float64(0.666666666667), np.float64(0.666666666667), np.float64(0.666666666667)))","(7, (4, 4, 4, 4, 4, 4, 6), (np.float64(0.6), np.float64(0.666666666667), np.float64(0.666666666667), np.float64(0.666666666667), np.float64(0.666666666667), np.float64(0.666666666667), np.float64(0.666666666667)), (4, 4, 4, 4, 4, 4, 4), 0, 1)"
1208,7,15,"(7, (4, 4, 4, 4, 4, 4, 6))","(7, (4, 4, 4, 4, 4, 4, 6), (np.float64(0.5), np.float64(0.5), np.float64(0.5), np.float64(0.5), np.float64(0.5), np.float64(0.5), np.float64(0.6)))","(7, (4, 4, 4, 4, 4, 4, 6), (np.float64(0.5), np.float64(0.5), np.float64(0.5), np.float64(0.5), np.float64(0.5), np.float64(0.5), np.float64(0.6)), (4, 4, 4, 4, 4, 4, 4), 0, 1)"
1209,7,15,"(7, (4, 4, 4, 4, 4, 5, 5))","(7, (4, 4, 4, 4, 4, 5, 5), (np.float64(0.5), np.float64(0.5), np.float64(0.6), np.float64(0.6), np.float64(0.666666666667), np.float64(0.666666666667), np.float64(0.666666666667)))","(7, (4, 4, 4, 4, 4, 5, 5), (np.float64(0.5), np.float64(0.5), np.float64(0.6), np.float64(0.6), np.float64(0.666666666667), np.float64(0.666666666667), np.float64(0.666666666667)), (4, 4, 4, 4, 4, 4, 4), 0, 1)"
1210,7,15,"(7, (4, 4, 4, 4, 4, 5, 5))","(7, (4, 4, 4, 4, 4, 5, 5), (np.float64(0.5), np.float64(0.5), np.float64(0.5), np.float64(0.5), np.float64(0.5), np.float64(0.6), np.float64(0.6)))","(7, (4, 4, 4, 4, 4, 5, 5), (np.float64(0.5), np.float64(0.5), np.float64(0.5), np.float64(0.5), np.float64(0.5), np.float64(0.6), np.float64(0.6)), (4, 4, 4, 4, 4, 4, 4), 0, 1)"
1211,7,15,"(7, (4, 4, 4, 4, 4, 5, 5))","(7, (4, 4, 4, 4, 4, 5, 5), (np.float64(0.333333333333), np.float64(0.6), np.float64(0.6), np.float64(0.666666666667), np.float64(0.666666666667), np.float64(0.666666666667), np.float64(0.666666666667)))","(7, (4, 4, 4, 4, 4, 5, 5), (np.float64(0.333333333333), np.float64(0.6), np.float64(0.6), np.float64(0.666666666667), np.float64(0.666666666667), np.float64(0.666666666667), np.float64(0.666666666667)), (4, 4, 4, 4, 4, 4, 4), 0, 1)"
1212,7,15,"(7, (4, 4, 4, 4, 4, 5, 5))","(7, (4, 4, 4, 4, 4, 5, 5), (np.float64(0.5), np.float64(0.5), np.float64(0.666666666667), np.float64(0.666666666667), np.float64(0.666666666667), np.float64(0.666666666667), np.float64(0.666666666667)))","(7, (4, 4, 4, 4, 4, 5, 5), (np.float64(0.5), np.float64(0.5), np.float64(0.666666666667), np.float64(0.666666666667), np.float64(0.666666666667), np.float64(0.666666666667), np.float64(0.666666666667)), (4, 4, 4, 4, 4, 4, 4), 0, 1)"
1213,7,16,"(7, (1, 5, 5, 5, 5, 5, 6))","(7, (1, 5, 5, 5, 5, 5, 6), (np.float64(0.0), np.float64(0.666666666667), np.float64(1.0), np.float64(1.0), np.float64(1.0), np.float64(1.0), np.float64(1.0)))","(7, (1, 5, 5, 5, 5, 5, 6), (np.float64(0.0), np.float64(0.666666666667), np.float64(1.0), np.float64(1.0), np.float64(1.0), np.float64(1.0), np.float64(1.0)), (1, 5, 5, 5, 5, 5, 5), 1, 1)"
1214,7,16,"(7, (2, 4, 4, 5, 5, 6, 6))","(7, (2, 4, 4, 5, 5, 6, 6), (np.float64(0.666666666667), np.float64(0.666666666667), np.float64(0.9), np.float64(0.9), np.float64(1.0), np.float64(1.0), np.float64(1.0)))","(7, (2, 4, 4, 5, 5, 6, 6), (np.float64(0.666666666667), np.float64(0.666666666667), np.float64(0.9), np.float64(0.9), np.float64(1.0), np.float64(1.0), np.float64(1.0)), (2, 4, 4, 4, 4, 4, 4), 0, 1)"
1215,7,16,"(7, (2, 4, 5, 5, 5, 5, 6))","(7, (2, 4, 5, 5, 5, 5, 6), (np.float64(0.666666666667), np.float64(0.7), np.float64(0.9), np.float64(0.9), np.float64(0.9), np.float64(1.0), np.float64(1.0)))","(7, (2, 4, 5, 5, 5, 5, 6), (np.float64(0.666666666667), np.float64(0.7), np.float64(0.9), np.float64(0.9), np.float64(0.9), np.float64(1.0), np.float64(1.0)), (2, 4, 4, 4, 4, 4, 4), 0, 1)"
1216,7,16,"(7, (2, 5, 5, 5, 5, 5, 5))","(7, (2, 5, 5, 5, 5, 5, 5), (np.float64(0.0), np.float64(0.6), np.float64(0.6), np.float64(0.9), np.float64(0.9), np.float64(0.9), np.float64(0.9)))","(7, (2, 5, 5, 5, 5, 5, 5), (np.float64(0.0), np.float64(0.6), np.float64(0.6), np.float64(0.9), np.float64(0.9), np.float64(0.9), np.float64(0.9)), (2, 4, 4, 4, 4, 4, 4), 0, 1)"
1217,7,16,"(7, (3, 3, 4, 4, 6, 6, 6))","(7, (3, 3, 4, 4, 6, 6, 6), (np.float64(0.666666666667), np.float64(0.666666666667), np.float64(0.666666666667), np.float64(1.0), np.float64(1.0), np.float64(1.0), np.float64(1.0)))","(7, (3, 3, 4, 4, 6, 6, 6), (np.float64(0.666666666667), np.float64(0.666666666667), np.float64(0.666666666667), np.float64(1.0), np.float64(1.0), np.float64(1.0), np.float64(1.0)), (3, 3, 4, 4, 4, 4, 4), 0, 1)"
1218,7,16,"(7, (3, 3, 4, 5, 5, 6, 6))","(7, (3, 3, 4, 5, 5, 6, 6), (np.float64(0.666666666667), np.float64(0.666666666667), np.float64(0.8), np.float64(0.8), np.float64(1.0), np.float64(1.0), np.float64(1.0)))","(7, (3, 3, 4, 5, 5, 6, 6), (np.float64(0.666666666667), np.float64(0.666666666667), np.float64(0.8), np.float64(0.8), np.float64(1.0), np.float64(1.0), np.float64(1.0)), (3, 3, 4, 4, 4, 4, 4), 0, 1)"
1219,7,16,"(7, (3, 3, 5, 5, 5, 5, 6))","(7, (3, 3, 5, 5, 5, 5, 6), (np.float64(0.666666666667), np.float64(0.8), np.float64(0.8), np.float64(0.8), np.float64(0.8), np.float64(1.0), np.float64(1.0)))","(7, (3, 3, 5, 5, 5, 5, 6), (np.float64(0.666666666667), np.float64(0.8), np.float64(0.8), np.float64(0.8), np.float64(0.8), np.float64(1.0), np.float64(1.0)), (3, 3, 4, 4, 4, 4, 4), 0, 1)"
1220,7,16,"(7, (3, 4, 4, 4, 5, 6, 6))","(7, (3, 4, 4, 4, 5, 6, 6), (np.float64(0.666666666667), np.float64(0.666666666667), np.float64(0.7), np.float64(0.833333333333), np.float64(0.833333333333), np.float64(0.833333333333), np.float64(1.0)))","(7, (3, 4, 4, 4, 5, 6, 6), (np.float64(0.666666666667), np.float64(0.666666666667), np.float64(0.7), np.float64(0.833333333333), np.float64(0.833333333333), np.float64(0.833333333333), np.float64(1.0)), (3, 4, 4, 4, 4, 4, 4), 0, 1)"
1221,7,16,"(7, (3, 4, 4, 4, 5, 6, 6))","(7, (3, 4, 4, 4, 5, 6, 6), (np.float64(0.666666666667), np.float64(0.666666666667), np.float64(0.8), np.float64(0.833333333333), np.float64(1.0), np.float64(1.0), np.float64(1.0)))","(7, (3, 4, 4, 4, 5, 6, 6), (np.float64(0.666666666667), np.float64(0.666666666667), np.float64(0.8), np.float64(0.833333333333), np.float64(1.0), np.float64(1.0), np.float64(1.0)), (3, 3, 4, 4, 4, 4, 4), 0, 1)"
1222,7,16,"(7, (3, 4, 4, 5, 5, 5, 6))","(7, (3, 4, 4, 5, 5, 5, 6), (np.float64(0.666666666667), np.float64(0.7), np.float64(0.7), np.float64(0.8), np.float64(0.833333333333), np.float64(0.833333333333), np.float64(1.0)))","(7, (3, 4, 4, 5, 5, 5, 6), (np.float64(0.666666666667), np.float64(0.7), np.float64(0.7), np.float64(0.8), np.float64(0.833333333333), np.float64(0.833333333333), np.float64(1.0)), (3, 4, 4, 4, 4, 4, 4), 0, 1)"
1223,7,16,"(7, (3, 4, 4, 5, 5, 5, 6))","(7, (3, 4, 4, 5, 5, 5, 6), (np.float64(0.666666666667), np.float64(0.666666666667), np.float64(0.666666666667), np.float64(0.7), np.float64(0.8), np.float64(0.8), np.float64(1.0)))","(7, (3, 4, 4, 5, 5, 5, 6), (np.float64(0.666666666667), np.float64(0.666666666667), np.float64(0.666666666667), np.float64(0.7), np.float64(0.8), np.float64(0.8), np.float64(1.0)), (3, 3, 4, 4, 4, 4, 4), 0, 1)"
1224,7,16,"(7, (3, 4, 4, 5, 5, 5, 6))","(7, (3, 4, 4, 5, 5, 5, 6), (np.float64(0.6), np.float64(0.6), np.float64(0.666666666667), np.float64(0.666666666667), np.float64(0.8), np.float64(0.833333333333), np.float64(0.833333333333)))","(7, (3, 4, 4, 5, 5, 5, 6), (np.float64(0.6), np.float64(0.6), np.float64(0.666666666667), np.float64(0.666666666667), np.float64(0.8), np.float64(0.833333333333), np.float64(0.833333333333)), (3, 4, 4, 4, 4, 4, 4), 0, 1)"
1225,7,16,"(7, (3, 4, 5, 5, 5, 5, 5))","(7, (3, 4, 5, 5, 5, 5, 5), (np.float64(0.6), np.float64(0.6), np.float64(0.666666666667), np.float64(0.7), np.float64(0.8), np.float64(0.8), np.float64(0.833333333333)))","(7, (3, 4, 5, 5, 5, 5, 5), (np.float64(0.6), np.float64(0.6), np.float64(0.666666666667), np.float64(0.7), np.float64(0.8), np.float64(0.8), np.float64(0.833333333333)), (3, 4, 4, 4, 4, 4, 4), 0, 1)"
1226,7,16,"(7, (3, 4, 5, 5, 5, 5, 5))","(7, (3, 4, 5, 5, 5, 5, 5), (np.float64(0.333333333333), np.float64(0.5), np.float64(0.7), np.float64(0.7), np.float64(0.8), np.float64(0.8), np.float64(0.8)))","(7, (3, 4, 5, 5, 5, 5, 5), (np.float64(0.333333333333), np.float64(0.5), np.float64(0.7), np.float64(0.7), np.float64(0.8), np.float64(0.8), np.float64(0.8)), (3, 3, 4, 4, 4, 4, 4), 0, 1)"
1227,7,16,"(7, (4, 4, 4, 4, 4, 6, 6))","(7, (4, 4, 4, 4, 4, 6, 6), (np.float64(0.666666666667), np.float64(0.666666666667), np.float64(0.833333333333), np.float64(0.833333333333), np.float64(0.833333333333), np.float64(0.833333333333), np.float64(0.833333333333)))","(7, (4, 4, 4, 4, 4, 6, 6), (np.float64(0.666666666667), np.float64(0.666666666667), np.float64(0.833333333333), np.float64(0.833333333333), np.float64(0.833333333333), np.float64(0.833333333333), np.float64(0.833333333333)), (4, 4, 4, 4, 4, 4, 4), 0, 1)"
1228,7,16,"(7, (4, 4, 4, 4, 5, 5, 6))","(7, (4, 4, 4, 4, 5, 5, 6), (np.float64(0.666666666667), np.float64(0.666666666667), np.float64(0.666666666667), np.float64(0.7), np.float64(0.7), np.float64(0.833333333333), np.float64(0.833333333333)))","(7, (4, 4, 4, 4, 5, 5, 6), (np.float64(0.666666666667), np.float64(0.666666666667), np.float64(0.666666666667), np.float64(0.7), np.float64(0.7), np.float64(0.833333333333), np.float64(0.833333333333)), (4, 4, 4, 4, 4, 4, 4), 0, 1)"
1229,7,16,"(7, (4, 4, 4, 4, 5, 5, 6))","(7, (4, 4, 4, 4, 5, 5, 6), (np.float64(0.5), np.float64(0.666666666667), np.float64(0.666666666667), np.float64(0.666666666667), np.float64(0.666666666667), np.float64(0.7), np.float64(0.7)))","(7, (4, 4, 4, 4, 5, 5, 6), (np.float64(0.5), np.float64(0.666666666667), np.float64(0.666666666667), np.float64(0.666666666667), np.float64(0.666666666667), np.float64(0.7), np.float64(0.7)), (4, 4, 4, 4, 4, 4, 4), 0, 1)"
1230,7,16,"(7, (4, 4, 4, 4, 5, 5, 6))","(7, (4, 4, 4, 4, 5, 5, 6), (np.float64(0.6), np.float64(0.6), np.float64(0.666666666667), np.float64(0.833333333333), np.float64(0.833333333333), np.float64(0.833333333333), np.float64(0.833333333333)))","(7, (4, 4, 4, 4, 5, 5, 6), (np.float64(0.6), np.float64(0.6), np.float64(0.666666666667), np.float64(0.833333333333), np.float64(0.833333333333), np.float64(0.833333333333), np.float64(0.833333333333)), (4, 4, 4, 4, 4, 4, 4), 0, 1)"
1231,7,16,"(7, (4, 4, 4, 5, 5, 5, 5))","(7, (4, 4, 4, 5, 5, 5, 5), (np.float64(0.6), np.float64(0.6), np.float64(0.666666666667), np.float64(0.666666666667), np.float64(0.7), np.float64(0.7), np.float64(0.833333333333)))","(7, (4, 4, 4, 5, 5, 5, 5), (np.float64(0.6), np.float64(0.6), np.float64(0.666666666667), np.float64(0.666666666667), np.float64(0.7), np.float64(0.7), np.float64(0.833333333333)), (4, 4, 4, 4, 4, 4, 4), 0, 1)"
1232,7,16,"(7, (4, 4, 4, 5, 5, 5, 5))","(7, (4, 4, 4, 5, 5, 5, 5), (np.float64(0.5), np.float64(0.666666666667), np.float64(0.666666666667), np.float64(0.7), np.float64(0.7), np.float64(0.7), np.float64(0.7)))","(7, (4, 4, 4, 5, 5, 5, 5), (np.float64(0.5), np.float64(0.666666666667), np.float64(0.666666666667), np.float64(0.7), np.float64(0.7), np.float64(0.7), np.float64(0.7)), (4, 4, 4, 4, 4, 4, 4), 0, 1)"
1233,7,16,"(7, (4, 4, 4, 5, 5, 5, 5))","(7, (4, 4, 4, 5, 5, 5, 5), (np.float64(0.6), np.float64(0.6), np.float64(0.6), np.float64(0.6), np.float64(0.666666666667), np.float64(0.666666666667), np.float64(0.666666666667)))","(7, (4, 4, 4, 5, 5, 5, 5), (np.float64(0.6), np.float64(0.6), np.float64(0.6), np.float64(0.6), np.float64(0.666666666667), np.float64(0.666666666667), np.float64(0.666666666667)), (4, 4, 4, 4, 4, 4, 4), 0, 1)"
1234,7,17,"(7, (2, 5, 5, 5, 5, 6, 6))","(7, (2, 5, 5, 5, 5, 6, 6), (np.float64(0.733333333333), np.float64(0.733333333333), np.float64(1.0), np.float64(1.0), np.float64(1.0), np.float64(1.0), np.float64(1.0)))","(7, (2, 5, 5, 5, 5, 6, 6), (np.float64(0.733333333333), np.float64(0.733333333333), np.float64(1.0), np.float64(1.0), np.float64(1.0), np.float64(1.0), np.float64(1.0)), (2, 5, 5, 5, 5, 5, 5), 0, 1)"
1235,7,17,"(7, (3, 4, 4, 5, 6, 6, 6))","(7, (3, 4, 4, 5, 6, 6, 6), (np.float64(0.733333333333), np.float64(0.733333333333), np.float64(0.733333333333), np.float64(0.9), np.float64(1.0), np.float64(1.0), np.float64(1.0)))","(7, (3, 4, 4, 5, 6, 6, 6), (np.float64(0.733333333333), np.float64(0.733333333333), np.float64(0.733333333333), np.float64(0.9), np.float64(1.0), np.float64(1.0), np.float64(1.0)), (3, 4, 4, 4, 4, 4, 4), 0, 1)"
1236,7,17,"(7, (3, 4, 5, 5, 5, 6, 6))","(7, (3, 4, 5, 5, 5, 6, 6), (np.float64(0.733333333333), np.float64(0.733333333333), np.float64(0.8), np.float64(0.9), np.float64(0.9), np.float64(1.0), np.float64(1.0)))","(7, (3, 4, 5, 5, 5, 6, 6), (np.float64(0.733333333333), np.float64(0.733333333333), np.float64(0.8), np.float64(0.9), np.float64(0.9), np.float64(1.0), np.float64(1.0)), (3, 4, 4, 4, 4, 4, 4), 0, 1)"
1237,7,17,"(7, (3, 5, 5, 5, 5, 5, 6))","(7, (3, 5, 5, 5, 5, 5, 6), (np.float64(0.666666666667), np.float64(0.7), np.float64(0.7), np.float64(0.733333333333), np.float64(0.9), np.float64(0.9), np.float64(0.9)))","(7, (3, 5, 5, 5, 5, 5, 6), (np.float64(0.666666666667), np.float64(0.7), np.float64(0.7), np.float64(0.733333333333), np.float64(0.9), np.float64(0.9), np.float64(0.9)), (3, 4, 4, 4, 4, 4, 4), 0, 1)"
1238,7,17,"(7, (4, 4, 4, 4, 6, 6, 6))","(7, (4, 4, 4, 4, 6, 6, 6), (np.float64(0.733333333333), np.float64(0.733333333333), np.float64(0.733333333333), np.float64(1.0), np.float64(1.0), np.float64(1.0), np.float64(1.0)))","(7, (4, 4, 4, 4, 6, 6, 6), (np.float64(0.733333333333), np.float64(0.733333333333), np.float64(0.733333333333), np.float64(1.0), np.float64(1.0), np.float64(1.0), np.float64(1.0)), (4, 4, 4, 4, 4, 4, 4), 0, 1)"
1239,7,17,"(7, (4, 4, 4, 5, 5, 6, 6))","(7, (4, 4, 4, 5, 5, 6, 6), (np.float64(0.733333333333), np.float64(0.733333333333), np.float64(0.8), np.float64(0.8), np.float64(0.833333333333), np.float64(0.833333333333), np.float64(1.0)))","(7, (4, 4, 4, 5, 5, 6, 6), (np.float64(0.733333333333), np.float64(0.733333333333), np.float64(0.8), np.float64(0.8), np.float64(0.833333333333), np.float64(0.833333333333), np.float64(1.0)), (4, 4, 4, 4, 4, 4, 4), 0, 1)"
1240,7,17,"(7, (4, 4, 4, 5, 5, 6, 6))","(7, (4, 4, 4, 5, 5, 6, 6), (np.float64(0.7), np.float64(0.7), np.float64(0.733333333333), np.float64(0.733333333333), np.float64(0.833333333333), np.float64(0.833333333333), np.float64(0.833333333333)))","(7, (4, 4, 4, 5, 5, 6, 6), (np.float64(0.7), np.float64(0.7), np.float64(0.733333333333), np.float64(0.733333333333), np.float64(0.833333333333), np.float64(0.833333333333), np.float64(0.833333333333)), (4, 4, 4, 4, 4, 4, 4), 0, 1)"
1241,7,17,"(7, (4, 4, 5, 5, 5, 5, 6))","(7, (4, 4, 5, 5, 5, 5, 6), (np.float64(0.7), np.float64(0.7), np.float64(0.733333333333), np.float64(0.8), np.float64(0.8), np.float64(0.833333333333), np.float64(0.833333333333)))","(7, (4, 4, 5, 5, 5, 5, 6), (np.float64(0.7), np.float64(0.7), np.float64(0.733333333333), np.float64(0.8), np.float64(0.8), np.float64(0.833333333333), np.float64(0.833333333333)), (4, 4, 4, 4, 4, 4, 4), 0, 1)"
1242,7,17,"(7, (4, 4, 5, 5, 5, 5, 6))","(7, (4, 4, 5, 5, 5, 5, 6), (np.float64(0.666666666667), np.float64(0.666666666667), np.float64(0.733333333333), np.float64(0.8), np.float64(0.8), np.float64(0.8), np.float64(0.8)))","(7, (4, 4, 5, 5, 5, 5, 6), (np.float64(0.666666666667), np.float64(0.666666666667), np.float64(0.733333333333), np.float64(0.8), np.float64(0.8), np.float64(0.8), np.float64(0.8)), (4, 4, 4, 4, 4, 4, 4), 0, 1)"
1243,7,17,"(7, (4, 5, 5, 5, 5, 5, 5))","(7, (4, 5, 5, 5, 5, 5, 5), (np.float64(0.666666666667), np.float64(0.7), np.float64(0.7), np.float64(0.7), np.float64(0.7), np.float64(0.8), np.float64(0.8)))","(7, (4, 5, 5, 5, 5, 5, 5), (np.float64(0.666666666667), np.float64(0.7), np.float64(0.7), np.float64(0.7), np.float64(0.7), np.float64(0.8), np.float64(0.8)), (4, 4, 4, 4, 4, 4, 4), 0, 1)"
1244,7,18,"(7, (3, 5, 5, 5, 6, 6, 6))","(7, (3, 5, 5, 5, 6, 6, 6), (np.float64(0.8), np.float64(0.8), np.float64(0.8), np.float64(1.0), np.float64(1.0), np.float64(1.0), np.float64(1.0)))","(7, (3, 5, 5, 5, 6, 6, 6), (np.float64(0.8), np.float64(0.8), np.float64(0.8), np.float64(1.0), np.float64(1.0), np.float64(1.0), np.float64(1.0)), (3, 5, 5, 5, 5, 5, 5), 0, 1)"
1245,7,18,"(7, (4, 4, 4, 6, 6, 6, 6))","(7, (4, 4, 4, 6, 6, 6, 6), (np.float64(0.8), np.float64(0.8), np.float64(0.8), np.float64(0.8), np.float64(1.0), np.float64(1.0), np.float64(1.0)))","(7, (4, 4, 4, 6, 6, 6, 6), (np.float64(0.8), np.float64(0.8), np.float64(0.8), np.float64(0.8), np.float64(1.0), np.float64(1.0), np.float64(1.0)), (4, 4, 4, 4, 4, 4, 4), 0, 1)"
1246,7,18,"(7, (4, 4, 5, 5, 6, 6, 6))","(7, (4, 4, 5, 5, 6, 6, 6), (np.float64(0.8), np.float64(0.8), np.float64(0.8), np.float64(0.9), np.float64(0.9), np.float64(1.0), np.float64(1.0)))","(7, (4, 4, 5, 5, 6, 6, 6), (np.float64(0.8), np.float64(0.8), np.float64(0.8), np.float64(0.9), np.float64(0.9), np.float64(1.0), np.float64(1.0)), (4, 4, 4, 4, 4, 4, 4), 0, 1)"
1247,7,18,"(7, (4, 5, 5, 5, 5, 6, 6))","(7, (4, 5, 5, 5, 5, 6, 6), (np.float64(0.8), np.float64(0.8), np.float64(0.8), np.float64(0.8), np.float64(0.833333333333), np.float64(0.9), np.float64(0.9)))","(7, (4, 5, 5, 5, 5, 6, 6), (np.float64(0.8), np.float64(0.8), np.float64(0.8), np.float64(0.8), np.float64(0.833333333333), np.float64(0.9), np.float64(0.9)), (4, 4, 4, 4, 4, 4, 4), 0, 1)"
1248,7,18,"(7, (5, 5, 5, 5, 5, 5, 6))","(7, (5, 5, 5, 5, 5, 5, 6), (np.float64(0.8), np.float64(0.8), np.float64(0.8), np.float64(0.8), np.float64(0.8), np.float64(0.8), np.float64(0.8)))","(7, (5, 5, 5, 5, 5, 5, 6), (np.float64(0.8), np.float64(0.8), np.float64(0.8), np.float64(0.8), np.float64(0.8), np.float64(0.8), np.float64(0.8)), (5, 5, 5, 5, 5, 5, 5), 0, 1)"
1249,7,19,"(7, (4, 5, 5, 6, 6, 6, 6))","(7, (4, 5, 5, 6, 6, 6, 6), (np.float64(0.866666666667), np.float64(0.866666666667), np.float64(0.866666666667), np.float64(0.866666666667), np.float64(1.0), np.float64(1.0), np.float64(1.0)))","(7, (4, 5, 5, 6, 6, 6, 6), (np.float64(0.866666666667), np.float64(0.866666666667), np.float64(0.866666666667), np.float64(0.866666666667), np.float64(1.0), np.float64(1.0), np.float64(1.0)), (4, 5, 5, 5, 5, 5, 5), 0, 1)"
1250,7,19,"(7, (5, 5, 5, 5, 6, 6, 6))","(7, (5, 5, 5, 5, 6, 6, 6), (np.float64(0.866666666667), np.float64(0.866666666667), np.float64(0.866666666667), np.float64(0.9), np.float64(0.9), np.float64(0.9), np.float64(0.9)))","(7, (5, 5, 5, 5, 6, 6, 6), (np.float64(0.866666666667), np.float64(0.866666666667), np.float64(0.866666666667), np.float64(0.9), np.float64(0.9), np.float64(0.9), np.float64(0.9)), (5, 5, 5, 5, 5, 5, 5), 0, 1)"
1251,7,20,"(7, (5, 5, 6, 6, 6, 6, 6))","(7, (5, 5, 6, 6, 6, 6, 6), (np.float64(0.933333333333), np.float64(0.933333333333), np.float64(0.933333333333), np.float64(0.933333333333), np.float64(0.933333333333), np.float64(1.0), np.float64(1.0)))","(7, (5, 5, 6, 6, 6, 6, 6), (np.float64(0.933333333333), np.float64(0.933333333333), np.float64(0.933333333333), np.float64(0.933333333333), np.float64(0.933333333333), np.float64(1.0), np.float64(1.0)), (5, 5, 5, 5, 5, 5, 5), 0, 1)"
1252,7,21,"(7, (6, 6, 6, 6, 6, 6, 6))","(7, (6, 6, 6, 6, 6, 6, 6), (np.float64(1.0), np.float64(1.0), np.float64(1.0), np.float64(1.0), np.float64(1.0), np.float64(1.0), np.float64(1.0)))","(7, (6, 6, 6, 6, 6, 6, 6), (np.float64(1.0), np.float64(1.0), np.float64(1.0), np.float64(1.0), np.float64(1.0), np.float64(1.0), np.float64(1.0)), (6, 6, 6, 6, 6, 6, 6), 0, 1)"
